revid,parentid,user,userid,timestamp,size,comment,tags,page,resolved_title,Article,anon,temp
660315767,0,The Transhumanist,1754504,2015-05-01T21:17:43Z,35848,"gather material from [[Artificial general intelligence]], [[Global catastrophic risk]], [[Ethics of artificial intelligence]], [[Technological singularity]], [[Intelligence explosion]], [[Superintelligence]], [[AI takeover]]]]",[],Existential_risk_from_artificial_intelligence,Existential risk from artificial intelligence,Existential_risk_from_artificial_intelligence,,
660316466,660315767,The Transhumanist,1754504,2015-05-01T21:22:33Z,35894,"rearrange material into relevant sections, add end sections",[],Existential_risk_from_artificial_intelligence,Existential risk from artificial intelligence,Existential_risk_from_artificial_intelligence,,
660317784,660316466,The Transhumanist,1754504,2015-05-01T21:31:26Z,35467,"rearrange material into relevant sections - need to take a break, I will be back soon",[],Existential_risk_from_artificial_intelligence,Existential risk from artificial intelligence,Existential_risk_from_artificial_intelligence,,
660319933,660317784,AnomieBOT,7611264,2015-05-01T21:47:21Z,36929,Rescuing orphaned refs,[],Existential_risk_from_artificial_intelligence,Existential risk from artificial intelligence,Existential_risk_from_artificial_intelligence,,
660319961,660319933,The Transhumanist,1754504,2015-05-01T21:47:35Z,37446,"/* top */ work on lead, describing topic in relevant concepts",[],Existential_risk_from_artificial_intelligence,Existential risk from artificial intelligence,Existential_risk_from_artificial_intelligence,,
660321748,660319961,The Transhumanist,1754504,2015-05-01T22:01:03Z,37570,add self-replication to lead\,[],Existential_risk_from_artificial_intelligence,Existential risk from artificial intelligence,Existential_risk_from_artificial_intelligence,,
660338574,660321748,The Transhumanist,1754504,2015-05-02T00:08:06Z,37543,/* Dangers */ delink,[],Existential_risk_from_artificial_intelligence,Existential risk from artificial intelligence,Existential_risk_from_artificial_intelligence,,
660343753,660338574,The Transhumanist,1754504,2015-05-02T00:50:34Z,38535,/* Dangers */ place paragraphs in unfriendly AI section,[],Existential_risk_from_artificial_intelligence,Existential risk from artificial intelligence,Existential_risk_from_artificial_intelligence,,
660344563,660343753,The Transhumanist,1754504,2015-05-02T00:57:59Z,36865,rm duplicate paragraph,[],Existential_risk_from_artificial_intelligence,Existential risk from artificial intelligence,Existential_risk_from_artificial_intelligence,,
660346314,660344563,The Transhumanist,1754504,2015-05-02T01:12:47Z,36136,/* Dangers */ place paragraphs in unfriendly AI section; rm duplicate paragraph,[],Existential_risk_from_artificial_intelligence,Existential risk from artificial intelligence,Existential_risk_from_artificial_intelligence,,
660347509,660346314,The Transhumanist,1754504,2015-05-02T01:23:19Z,36137,/* Unfriendly AI */ rearrange section,[],Existential_risk_from_artificial_intelligence,Existential risk from artificial intelligence,Existential_risk_from_artificial_intelligence,,
660347976,660347509,The Transhumanist,1754504,2015-05-02T01:27:07Z,36137,move paragraph to superintelligence section,[],Existential_risk_from_artificial_intelligence,Existential risk from artificial intelligence,Existential_risk_from_artificial_intelligence,,
660349655,660347976,The Transhumanist,1754504,2015-05-02T01:38:57Z,36155,place paragraph,[],Existential_risk_from_artificial_intelligence,Existential risk from artificial intelligence,Existential_risk_from_artificial_intelligence,,
660354277,660349655,The Transhumanist,1754504,2015-05-02T02:15:02Z,35038,"paragraph placement, remove dupes",[],Existential_risk_from_artificial_intelligence,Existential risk from artificial intelligence,Existential_risk_from_artificial_intelligence,,
660355759,660354277,The Transhumanist,1754504,2015-05-02T02:27:40Z,32266,"place paragraphs, remove duplicates, remove irrelevant paragraph",[],Existential_risk_from_artificial_intelligence,Existential risk from artificial intelligence,Existential_risk_from_artificial_intelligence,,
660357443,660355759,The Transhumanist,1754504,2015-05-02T02:42:21Z,32706,/* External links */ add links,[],Existential_risk_from_artificial_intelligence,Existential risk from artificial intelligence,Existential_risk_from_artificial_intelligence,,
660357934,660357443,The Transhumanist,1754504,2015-05-02T02:46:44Z,32889,/* External links */ add cats,[],Existential_risk_from_artificial_intelligence,Existential risk from artificial intelligence,Existential_risk_from_artificial_intelligence,,
660358208,660357934,The Transhumanist,1754504,2015-05-02T02:49:02Z,32926,/* External links */ cat,[],Existential_risk_from_artificial_intelligence,Existential risk from artificial intelligence,Existential_risk_from_artificial_intelligence,,
660359486,660358208,The Transhumanist,1754504,2015-05-02T02:59:37Z,31662,remove duplicate,[],Existential_risk_from_artificial_intelligence,Existential risk from artificial intelligence,Existential_risk_from_artificial_intelligence,,
660397282,660359486,The Transhumanist,1754504,2015-05-02T09:11:20Z,31693,/* See also */ add link,[],Existential_risk_from_artificial_intelligence,Existential risk from artificial intelligence,Existential_risk_from_artificial_intelligence,,
660480779,660397282,The Transhumanist,1754504,2015-05-02T19:22:30Z,31688,/* Dangers */ correct link to transhumanism,[],Existential_risk_from_artificial_intelligence,Existential risk from artificial intelligence,Existential_risk_from_artificial_intelligence,,
660484546,660480779,The Transhumanist,1754504,2015-05-02T19:48:31Z,31671,/* top */ rm constuction tag,[],Existential_risk_from_artificial_intelligence,Existential risk from artificial intelligence,Existential_risk_from_artificial_intelligence,,
660490648,660484546,The Transhumanist,1754504,2015-05-02T20:34:56Z,31719,/* See also */ add link,[],Existential_risk_from_artificial_intelligence,Existential risk from artificial intelligence,Existential_risk_from_artificial_intelligence,,
660490897,660490648,The Transhumanist,1754504,2015-05-02T20:37:07Z,31737,/* See also */ add links,[],Existential_risk_from_artificial_intelligence,Existential risk from artificial intelligence,Existential_risk_from_artificial_intelligence,,
661516559,660490897,The Transhumanist,1754504,2015-05-09T06:07:58Z,28905,"/* Emergent superintelligence */ trim section, see [[Superintelligence]] for full coverage",[],Existential_risk_from_artificial_intelligence,Existential risk from artificial intelligence,Existential_risk_from_artificial_intelligence,,
661516682,661516559,The Transhumanist,1754504,2015-05-09T06:09:48Z,28902,/* Emergent superintelligence */ {{Main|Superintelligence}},[],Existential_risk_from_artificial_intelligence,Existential risk from artificial intelligence,Existential_risk_from_artificial_intelligence,,
661518828,661516682,The Transhumanist,1754504,2015-05-09T06:41:38Z,29422,/* Self-replicating machines */ add paragraph,[],Existential_risk_from_artificial_intelligence,Existential risk from artificial intelligence,Existential_risk_from_artificial_intelligence,,
661518920,661518828,The Transhumanist,1754504,2015-05-09T06:43:07Z,29422,/* Self-replicating machines */ change could to would,[],Existential_risk_from_artificial_intelligence,Existential risk from artificial intelligence,Existential_risk_from_artificial_intelligence,,
661519106,661518920,The Transhumanist,1754504,2015-05-09T06:45:53Z,29401,/* See also */ rm duplicate link,[],Existential_risk_from_artificial_intelligence,Existential risk from artificial intelligence,Existential_risk_from_artificial_intelligence,,
662401363,661519106,KenTancwell,24172606,2015-05-15T04:31:38Z,29559,/* See also */,[],Existential_risk_from_artificial_intelligence,Existential risk from artificial intelligence,Existential_risk_from_artificial_intelligence,,
662401396,662401363,KenTancwell,24172606,2015-05-15T04:32:17Z,29594,/* See also */,[],Existential_risk_from_artificial_intelligence,Existential risk from artificial intelligence,Existential_risk_from_artificial_intelligence,,
662401476,662401396,KenTancwell,24172606,2015-05-15T04:33:24Z,29625,/* See also */,[],Existential_risk_from_artificial_intelligence,Existential risk from artificial intelligence,Existential_risk_from_artificial_intelligence,,
662403365,662401476,KenTancwell,24172606,2015-05-15T04:56:36Z,29714,/* See also */,[],Existential_risk_from_artificial_intelligence,Existential risk from artificial intelligence,Existential_risk_from_artificial_intelligence,,
662407620,662403365,KenTancwell,24172606,2015-05-15T05:45:29Z,30182,/* Prevention */,[],Existential_risk_from_artificial_intelligence,Existential risk from artificial intelligence,Existential_risk_from_artificial_intelligence,,
662407668,662407620,KenTancwell,24172606,2015-05-15T05:45:51Z,30184,/* Prevention */,[],Existential_risk_from_artificial_intelligence,Existential risk from artificial intelligence,Existential_risk_from_artificial_intelligence,,
662407959,662407668,KenTancwell,24172606,2015-05-15T05:49:12Z,31084,/* Dangers */,[],Existential_risk_from_artificial_intelligence,Existential risk from artificial intelligence,Existential_risk_from_artificial_intelligence,,
662423924,662407959,The Transhumanist,1754504,2015-05-15T09:15:49Z,31186,"/* See also */ alpha sort, section link, pipes, add link, add itals to book title",[],Existential_risk_from_artificial_intelligence,Existential risk from artificial intelligence,Existential_risk_from_artificial_intelligence,,
662424184,662423924,The Transhumanist,1754504,2015-05-15T09:19:43Z,31252,/* See also */ expand link to [[Future of Humanity Institute#Existential risk|Future of Humanity Institute on existential risk]],[],Existential_risk_from_artificial_intelligence,Existential risk from artificial intelligence,Existential_risk_from_artificial_intelligence,,
662455484,662424184,Jeraphine Gryphon,14450285,2015-05-15T14:59:04Z,31257,/* References */,[],Existential_risk_from_artificial_intelligence,Existential risk from artificial intelligence,Existential_risk_from_artificial_intelligence,,
662455636,662455484,Jeraphine Gryphon,14450285,2015-05-15T15:00:19Z,31222,/* Unfriendly AI */ not encyclopedic,[],Existential_risk_from_artificial_intelligence,Existential risk from artificial intelligence,Existential_risk_from_artificial_intelligence,,
662913683,662455636,Edokter,1624037,2015-05-18T09:51:49Z,31226,,[],Existential_risk_from_artificial_intelligence,Existential risk from artificial intelligence,Existential_risk_from_artificial_intelligence,,
663009995,662913683,The Transhumanist,1754504,2015-05-19T00:04:03Z,31265,"/* Unfriendly AI */ rephrase deleted question as a statement, that leads into the rest of the paragraph.",[],Existential_risk_from_artificial_intelligence,Existential risk from artificial intelligence,Existential_risk_from_artificial_intelligence,,
663713350,663009995,The Transhumanist,1754504,2015-05-23T20:36:53Z,31348,"/* top */ add phrase, link",[],Existential_risk_from_artificial_intelligence,Existential risk from artificial intelligence,Existential_risk_from_artificial_intelligence,,
663714337,663713350,The Transhumanist,1754504,2015-05-23T20:47:19Z,31352,"/* Dangers */ changed ""noted"" to ""concluded""",[],Existential_risk_from_artificial_intelligence,Existential risk from artificial intelligence,Existential_risk_from_artificial_intelligence,,
663823860,663714337,83.250.110.240,0,2015-05-24T17:25:57Z,31351,/* Dangers */,[],Existential_risk_from_artificial_intelligence,Existential risk from artificial intelligence,Existential_risk_from_artificial_intelligence,True,
663824204,663823860,83.250.110.240,0,2015-05-24T17:28:32Z,31353,/* Dangers */,[],Existential_risk_from_artificial_intelligence,Existential risk from artificial intelligence,Existential_risk_from_artificial_intelligence,True,
663824857,663824204,83.250.110.240,0,2015-05-24T17:32:38Z,31347,/* Emergent superintelligence */,[],Existential_risk_from_artificial_intelligence,Existential risk from artificial intelligence,Existential_risk_from_artificial_intelligence,True,
663825127,663824857,83.250.110.240,0,2015-05-24T17:34:33Z,31365,/* Prevention */,[],Existential_risk_from_artificial_intelligence,Existential risk from artificial intelligence,Existential_risk_from_artificial_intelligence,True,
665882679,663825127,David Gerard,36389,2015-06-07T12:30:12Z,31391,"primary, morerefs",[],Existential_risk_from_artificial_intelligence,Existential risk from artificial intelligence,Existential_risk_from_artificial_intelligence,,
665884592,665882679,AnomieBOT,7611264,2015-06-07T12:51:12Z,31421,Dating maintenance tags: {{Morerefs}} {{Primary}},[],Existential_risk_from_artificial_intelligence,Existential risk from artificial intelligence,Existential_risk_from_artificial_intelligence,,
665952947,665884592,I dream of horses,9676078,2015-06-07T22:35:28Z,31421,Fixing spelling/style error(s) with the [[WP:AWB|AWB]] script. [[WP:TYPO|You can help!]],[],Existential_risk_from_artificial_intelligence,Existential risk from artificial intelligence,Existential_risk_from_artificial_intelligence,,
667972663,665952947,Vluczkow,25560009,2015-06-21T18:55:03Z,31435,Clarification. Most people don't know who Eliezer Yudkowsky is.,[],Existential_risk_from_artificial_intelligence,Existential risk from artificial intelligence,Existential_risk_from_artificial_intelligence,,
671833640,667972663,Whibbard,651794,2015-07-17T09:20:52Z,31533,/* Prevention */ fix reference,[],Existential_risk_from_artificial_intelligence,Existential risk from artificial intelligence,Existential_risk_from_artificial_intelligence,,
674481578,671833640,31.6.145.198,0,2015-08-04T06:38:19Z,31583,,[],Existential_risk_from_artificial_intelligence,Existential risk from artificial intelligence,Existential_risk_from_artificial_intelligence,True,
676124087,674481578,162.193.63.105,0,2015-08-14T21:04:24Z,31640,,[],Existential_risk_from_artificial_intelligence,Existential risk from artificial intelligence,Existential_risk_from_artificial_intelligence,True,
676137799,676124087,AnomieBOT,7611264,2015-08-14T23:04:26Z,31691,Dating maintenance tags: {{Citation needed}},[],Existential_risk_from_artificial_intelligence,Existential risk from artificial intelligence,Existential_risk_from_artificial_intelligence,,
683211179,676137799,Fuddle,4626582,2015-09-28T21:25:54Z,31639,/* External links */,[],Existential_risk_from_artificial_intelligence,Existential risk from artificial intelligence,Existential_risk_from_artificial_intelligence,,
686400300,683211179,Curious1i,130156,2015-10-18T22:38:45Z,31662,"/* See also */ ""TechnoCalyps"" documentary added",[],Existential_risk_from_artificial_intelligence,Existential risk from artificial intelligence,Existential_risk_from_artificial_intelligence,,
686486726,686400300,IO Device,9040800,2015-10-19T12:01:23Z,31639,Undid revision 686400300 by [[Special:Contributions/Curious1i|Curious1i]] ([[User talk:Curious1i|talk]]). The added article was deleted.,[],Existential_risk_from_artificial_intelligence,Existential risk from artificial intelligence,Existential_risk_from_artificial_intelligence,,
686577309,686486726,Curious1i,130156,2015-10-20T00:11:02Z,31662,"/* See also */ ""TechnoCalyps"" documentary added (2nd try...)",[],Existential_risk_from_artificial_intelligence,Existential risk from artificial intelligence,Existential_risk_from_artificial_intelligence,,
686601166,686577309,Silence,84942,2015-10-20T03:21:15Z,31639,"Undid revision 686577309 by [[Special:Contributions/Curious1i|Curious1i]] ([[User talk:Curious1i|talk]]): if important, find a reputable 2ndary source re TechnoCalyps and add to article body",[],Existential_risk_from_artificial_intelligence,Existential risk from artificial intelligence,Existential_risk_from_artificial_intelligence,,
686717259,686601166,The Transhumanist,1754504,2015-10-20T21:23:21Z,31675,/* top */ add link,[],Existential_risk_from_artificial_intelligence,Existential risk from artificial intelligence,Existential_risk_from_artificial_intelligence,,
686998276,686717259,"06Dom,TJ,Alex ext2015",26594493,2015-10-22T18:06:16Z,32660,/* Dangers */added content from http://www.nickbostrom.com/existential/risks.html#_ftn9,"['mobile edit', 'mobile web edit']",Existential_risk_from_artificial_intelligence,Existential risk from artificial intelligence,Existential_risk_from_artificial_intelligence,,
686998823,686998276,"06Dom,TJ,Alex ext2015",26594493,2015-10-22T18:10:48Z,33651,/* Dangers */added content,"['mobile edit', 'mobile web edit']",Existential_risk_from_artificial_intelligence,Existential risk from artificial intelligence,Existential_risk_from_artificial_intelligence,,
686998825,686998823,ClueBot NG,13286072,2015-10-22T18:10:49Z,31675,"Reverting possible vandalism by [[Special:Contribs/06Dom,TJ,Alex ext2015|06Dom,TJ,Alex ext2015]] to version by The Transhumanist. [[WP:CBFP|Report False Positive?]] Thanks, [[WP:CBNG|ClueBot NG]]. (2401980) (Bot)",[],Existential_risk_from_artificial_intelligence,Existential risk from artificial intelligence,Existential_risk_from_artificial_intelligence,,
687000029,686998825,"06Dom,TJ,Alex ext2015",26594493,2015-10-22T18:20:18Z,32310,"/* Dangers */added content Stuart Russell, a computer scientist at the University of California, Berkeley, who with Peter Norvig, director of research at Google, wrote the premier AI textbook, Artificial Intelligence: A Modern Approach, now in its thir...","['mobile edit', 'mobile web edit']",Existential_risk_from_artificial_intelligence,Existential risk from artificial intelligence,Existential_risk_from_artificial_intelligence,,
687115299,687000029,Silence,84942,2015-10-23T11:29:14Z,13608,"first pass at minimizing original synthesis, sticking closely to third-party summaries",[],Existential_risk_from_artificial_intelligence,Existential risk from artificial intelligence,Existential_risk_from_artificial_intelligence,,
687115470,687115299,Silence,84942,2015-10-23T11:30:48Z,13608,Silence moved page [[Existential risk of artificial general intelligence]] to [[Existential risk from advanced artificial intelligence]]: matching language in http://www.givewell.org/labs/causes/ai-risk to reduce risk of [[WP:SYNTH]],[],Existential_risk_from_artificial_intelligence,Existential risk from artificial intelligence,Existential_risk_from_artificial_intelligence,,
687347926,687115470,Silence,84942,2015-10-25T00:34:38Z,13632,leap over dab link,[],Existential_risk_from_artificial_intelligence,Existential risk from artificial intelligence,Existential_risk_from_artificial_intelligence,,
687466041,687347926,Whibbard,651794,2015-10-25T19:42:02Z,14383,add section on other sources of risk,[],Existential_risk_from_artificial_intelligence,Existential risk from artificial intelligence,Existential_risk_from_artificial_intelligence,,
687466924,687466041,Gap9551,8367391,2015-10-25T19:47:31Z,14381,/* Other sources of risk */,[],Existential_risk_from_artificial_intelligence,Existential risk from artificial intelligence,Existential_risk_from_artificial_intelligence,,
687473134,687466924,IO Device,9040800,2015-10-25T20:24:08Z,14332,"/* Other sources of risk */ Let's not talk about drugs and here, please.",[],Existential_risk_from_artificial_intelligence,Existential risk from artificial intelligence,Existential_risk_from_artificial_intelligence,,
687919002,687473134,"06Dom,TJ,Alex ext2015",26594493,2015-10-28T13:27:00Z,14899,/* Weaponization */Added content,"['mobile edit', 'mobile web edit', 'canned edit summary']",Existential_risk_from_artificial_intelligence,Existential risk from artificial intelligence,Existential_risk_from_artificial_intelligence,,
687919302,687919002,2601:188:0:ABE6:65F5:930C:B0B2:CD63,0,2015-10-28T13:28:46Z,14332,"Undid revision 687919002 by [[Special:Contributions/06Dom,TJ,Alex ext2015|06Dom,TJ,Alex ext2015]] ([[User talk:06Dom,TJ,Alex ext2015|talk]]) appears copied from http://www.nickbostrom.com/existential/risks.html",[],Existential_risk_from_artificial_intelligence,Existential risk from artificial intelligence,Existential_risk_from_artificial_intelligence,True,
687921316,687919302,"06Dom,TJ,Alex ext2015",26594493,2015-10-28T13:42:20Z,15254,/* Misspecified goals */ I added how the future of AI will be different from current AI,['visualeditor'],Existential_risk_from_artificial_intelligence,Existential risk from artificial intelligence,Existential_risk_from_artificial_intelligence,,
687923547,687921316,"06Dom,TJ,Alex ext2015",26594493,2015-10-28T14:02:18Z,16171,/* Weaponization */ I elaborated on the subject matter as required via homework assignment. on people against weaponization and the navy's funding of AI weapons.,['visualeditor'],Existential_risk_from_artificial_intelligence,Existential risk from artificial intelligence,Existential_risk_from_artificial_intelligence,,
687924435,687923547,"06Dom,TJ,Alex ext2015",26594493,2015-10-28T14:10:21Z,17416,/* Weaponization */ Added specifics from an WSJ article with regards to my initial edit. Included Steve Wozniak and Hawkking's feelings on artificial intelligence weaponization.,['visualeditor'],Existential_risk_from_artificial_intelligence,Existential risk from artificial intelligence,Existential_risk_from_artificial_intelligence,,
687938160,687924435,2601:188:0:ABE6:65F5:930C:B0B2:CD63,0,2015-10-28T16:07:30Z,14332,"revert again--either inadequately sourced or copied from http://blogs.wsj.com/digits/2015/07/27/musk-hawking-warn-of-artificial-intelligence-weapons/--plagiarism isn't part of your homework, I'm sure",[],Existential_risk_from_artificial_intelligence,Existential risk from artificial intelligence,Existential_risk_from_artificial_intelligence,True,
688121234,687938160,"06Dom,TJ,Alex ext2015",26594493,2015-10-29T19:51:30Z,15687,Convergent Goals Edit - School Assignment,['visualeditor'],Existential_risk_from_artificial_intelligence,Existential risk from artificial intelligence,Existential_risk_from_artificial_intelligence,,
688165525,688121234,100.35.149.70,0,2015-10-30T01:54:45Z,17265,"/* Weaponization */  Added my own words, to the section about weaponization of AI. I cited my source and hope I did everything correctly, I apologize for causing the editors and admins a headache before from not knowing the proper wiki etiquette.",[],Existential_risk_from_artificial_intelligence,Existential risk from artificial intelligence,Existential_risk_from_artificial_intelligence,True,
688166870,688165525,"06Dom,TJ,Alex ext2015",26594493,2015-10-30T02:06:58Z,17776,/* Weaponization */ added content,[],Existential_risk_from_artificial_intelligence,Existential risk from artificial intelligence,Existential_risk_from_artificial_intelligence,,
688205736,688166870,"06Dom,TJ,Alex ext2015",26594493,2015-10-30T10:12:10Z,19938,"Added sources and added information to ""Misspecified Goals"" section of article. Also added quote from article to closure",['visualeditor'],Existential_risk_from_artificial_intelligence,Existential risk from artificial intelligence,Existential_risk_from_artificial_intelligence,,
688206804,688205736,"06Dom,TJ,Alex ext2015",26594493,2015-10-30T10:23:09Z,20142,,['visualeditor'],Existential_risk_from_artificial_intelligence,Existential risk from artificial intelligence,Existential_risk_from_artificial_intelligence,,
688238197,688206804,Jadixg,26664239,2015-10-30T15:26:54Z,20142,/* Weaponization */Fixed typo,"['mobile edit', 'mobile web edit']",Existential_risk_from_artificial_intelligence,Existential risk from artificial intelligence,Existential_risk_from_artificial_intelligence,,
688340206,688238197,BG19bot,14508071,2015-10-31T07:26:38Z,20050,[[WP:CHECKWIKI]] error fix for #61.  Punctuation goes before References. Do [[Wikipedia:GENFIXES|general fixes]] if a problem exists. - using [[Project:AWB|AWB]] (11700),[],Existential_risk_from_artificial_intelligence,Existential risk from artificial intelligence,Existential_risk_from_artificial_intelligence,,
688560184,688340206,65.96.170.196,0,2015-11-01T18:35:33Z,20043,/* Weaponization */,[],Existential_risk_from_artificial_intelligence,Existential risk from artificial intelligence,Existential_risk_from_artificial_intelligence,True,
688565509,688560184,Vluczkow,25560009,2015-11-01T19:14:53Z,15759,/* Weaponization */  Moved section to Ethics of artificial intelligence page. Weaponization is generally not considered an existential risk.,[],Existential_risk_from_artificial_intelligence,Existential risk from artificial intelligence,Existential_risk_from_artificial_intelligence,,
688565644,688565509,Vluczkow,25560009,2015-11-01T19:16:02Z,15655,"Removed line about weaponization of AI. It is raised as a concern, but rarely as an existential one.",[],Existential_risk_from_artificial_intelligence,Existential risk from artificial intelligence,Existential_risk_from_artificial_intelligence,,
688573026,688565644,Vluczkow,25560009,2015-11-01T20:08:52Z,15659,/* Misspecified goals */,[],Existential_risk_from_artificial_intelligence,Existential risk from artificial intelligence,Existential_risk_from_artificial_intelligence,,
688573983,688573026,Vluczkow,25560009,2015-11-01T20:15:44Z,15300,/* Convergent goals */ Several small changes designed to clarify the definition of instrumental convergence.,[],Existential_risk_from_artificial_intelligence,Existential risk from artificial intelligence,Existential_risk_from_artificial_intelligence,,
688574034,688573983,Vluczkow,25560009,2015-11-01T20:16:07Z,15300,/* Instrumental Convergence */,[],Existential_risk_from_artificial_intelligence,Existential risk from artificial intelligence,Existential_risk_from_artificial_intelligence,,
688574312,688574034,Polar Mermaid,21317072,2015-11-01T20:18:43Z,15263,/* Instrumental convergence */,[],Existential_risk_from_artificial_intelligence,Existential risk from artificial intelligence,Existential_risk_from_artificial_intelligence,,
689339720,688574312,The Transhumanist,1754504,2015-11-06T13:57:28Z,15263,The Transhumanist moved page [[Existential risk from advanced artificial intelligence]] to [[Existential risk from artificial general intlligence]]: article specifically address the potential risk of the advent of [[artificial general intelligence]],[],Existential_risk_from_artificial_intelligence,Existential risk from artificial intelligence,Existential_risk_from_artificial_intelligence,,
689351168,689339720,David Gerard,36389,2015-11-06T15:47:40Z,15263,David Gerard moved page [[Existential risk from artificial general intlligence]] to [[Existential risk from artificial general intelligence]]: typo in new title,[],Existential_risk_from_artificial_intelligence,Existential risk from artificial intelligence,Existential_risk_from_artificial_intelligence,,
689417052,689351168,169.237.107.176,0,2015-11-07T01:00:03Z,15244,/* Risk scenarios */ This argument was made by Russel way before Bostrom's 2014 publication,[],Existential_risk_from_artificial_intelligence,Existential risk from artificial intelligence,Existential_risk_from_artificial_intelligence,True,
690040834,689417052,The Transhumanist,1754504,2015-11-10T23:00:33Z,15482,add see also section,[],Existential_risk_from_artificial_intelligence,Existential risk from artificial intelligence,Existential_risk_from_artificial_intelligence,,
690041379,690040834,The Transhumanist,1754504,2015-11-10T23:04:31Z,15691,/* See also */ same section divider used in {{Main}},[],Existential_risk_from_artificial_intelligence,Existential risk from artificial intelligence,Existential_risk_from_artificial_intelligence,,
690043986,690041379,The Transhumanist,1754504,2015-11-10T23:23:42Z,16181,/* See also */ add more links,[],Existential_risk_from_artificial_intelligence,Existential risk from artificial intelligence,Existential_risk_from_artificial_intelligence,,
690045670,690043986,The Transhumanist,1754504,2015-11-10T23:35:20Z,16215,/* See also */ add link,[],Existential_risk_from_artificial_intelligence,Existential risk from artificial intelligence,Existential_risk_from_artificial_intelligence,,
690046704,690045670,The Transhumanist,1754504,2015-11-10T23:43:33Z,16284,/* See also */ add link,[],Existential_risk_from_artificial_intelligence,Existential risk from artificial intelligence,Existential_risk_from_artificial_intelligence,,
690047882,690046704,The Transhumanist,1754504,2015-11-10T23:53:26Z,16507,/* See also */ add links,[],Existential_risk_from_artificial_intelligence,Existential risk from artificial intelligence,Existential_risk_from_artificial_intelligence,,
694492151,690047882,Dweller,437689,2015-12-09T16:35:59Z,16507,"Dweller moved page [[Existential risk from artificial general intelligence]] to [[Existential risk from advanced artificial intelligence]] without leaving a redirect: Request on my usertalk page, referencing talk page discussion",[],Existential_risk_from_artificial_intelligence,Existential risk from artificial intelligence,Existential_risk_from_artificial_intelligence,,
694870019,694492151,Gap9551,8367391,2015-12-12T04:16:12Z,16520,/* See also */,[],Existential_risk_from_artificial_intelligence,Existential risk from artificial intelligence,Existential_risk_from_artificial_intelligence,,
694996264,694870019,Gap9551,8367391,2015-12-13T01:33:28Z,18032,added relevant institutions in this field,[],Existential_risk_from_artificial_intelligence,Existential risk from artificial intelligence,Existential_risk_from_artificial_intelligence,,
694998414,694996264,Gap9551,8367391,2015-12-13T01:52:37Z,18062,/* References */,[],Existential_risk_from_artificial_intelligence,Existential risk from artificial intelligence,Existential_risk_from_artificial_intelligence,,
695213188,694998414,Greenrd,15476,2015-12-14T15:03:13Z,18042,changed paragraph to reflect what Stuart Russell actually said,[],Existential_risk_from_artificial_intelligence,Existential risk from artificial intelligence,Existential_risk_from_artificial_intelligence,,
696396878,695213188,Rjwilmsi,203434,2015-12-22T21:42:01Z,18057,"/* Risk scenarios */Journal cites, Added 1 doi to a journal cite using [[Project:AWB|AWB]] (11757)",[],Existential_risk_from_artificial_intelligence,Existential risk from artificial intelligence,Existential_risk_from_artificial_intelligence,,
699635822,696396878,KeanuMoowgliie,27304453,2016-01-13T14:58:18Z,19771,Added the claims of a Secret Space Program whistleblower (Corey Goode),['visualeditor'],Existential_risk_from_artificial_intelligence,Existential risk from artificial intelligence,Existential_risk_from_artificial_intelligence,,
699636191,699635822,Jeraphine Gryphon,14450285,2016-01-13T15:01:28Z,18057,Reverted 1 edit by [[Special:Contributions/KeanuMoowgliie|KeanuMoowgliie]] ([[User talk:KeanuMoowgliie|talk]]): Those are not reliable sources.,[],Existential_risk_from_artificial_intelligence,Existential risk from artificial intelligence,Existential_risk_from_artificial_intelligence,,
699637947,699636191,KeanuMoowgliie,27304453,2016-01-13T15:15:25Z,19771,What is the definition of a valid source?,[],Existential_risk_from_artificial_intelligence,Existential risk from artificial intelligence,Existential_risk_from_artificial_intelligence,,
699638282,699637947,Jeraphine Gryphon,14450285,2016-01-13T15:18:11Z,18057,"Reverted 1 edit by [[Special:Contributions/KeanuMoowgliie|KeanuMoowgliie]] ([[User talk:KeanuMoowgliie|talk]]): Please don't use reverting to ask questions, read [[WP:RS]] and [[WP:FRINGE]].",[],Existential_risk_from_artificial_intelligence,Existential risk from artificial intelligence,Existential_risk_from_artificial_intelligence,,
699897013,699638282,IjonTichyIjonTichy,16635488,2016-01-15T02:50:11Z,18086,"copyedit, and add a link",[],Existential_risk_from_artificial_intelligence,Existential risk from artificial intelligence,Existential_risk_from_artificial_intelligence,,
701507699,699897013,Paperclip Maximiser,26364112,2016-01-25T00:23:04Z,18110,Added link to [[Paperclip maximizer]],['visualeditor'],Existential_risk_from_artificial_intelligence,Existential risk from artificial intelligence,Existential_risk_from_artificial_intelligence,,
701579987,701507699,Rjwilmsi,203434,2016-01-25T10:30:02Z,18139,"/* Poorly specified goals */Journal cites, Added 1 doi to a journal cite using [[Project:AWB|AWB]] (11822)",[],Existential_risk_from_artificial_intelligence,Existential risk from artificial intelligence,Existential_risk_from_artificial_intelligence,,
701614765,701579987,Rjwilmsi,203434,2016-01-25T15:59:57Z,18150,"/* Poorly specified goals */Journal cites,  using [[Project:AWB|AWB]] (11822)",[],Existential_risk_from_artificial_intelligence,Existential risk from artificial intelligence,Existential_risk_from_artificial_intelligence,,
701726871,701614765,2601:405:4000:3DC0:C58E:3E0:DB47:30A8,0,2016-01-26T05:56:08Z,18149,"/* Instrumental goal convergence */ Corrected ""hummans"" to read ""humans""",[],Existential_risk_from_artificial_intelligence,Existential risk from artificial intelligence,Existential_risk_from_artificial_intelligence,True,
701919927,701726871,Spectra239,27027966,2016-01-27T10:37:36Z,18200,Add template,[],Existential_risk_from_artificial_intelligence,Existential risk from artificial intelligence,Existential_risk_from_artificial_intelligence,,
702053443,701919927,198.200.84.92,0,2016-01-28T04:00:28Z,18213,,[],Existential_risk_from_artificial_intelligence,Existential risk from artificial intelligence,Existential_risk_from_artificial_intelligence,True,
702056821,702053443,Spectra239,27027966,2016-01-28T04:33:01Z,18228,Expand; this is main navbox page,[],Existential_risk_from_artificial_intelligence,Existential risk from artificial intelligence,Existential_risk_from_artificial_intelligence,,
702158677,702056821,Fixuture,19796795,2016-01-28T20:44:28Z,18293,"/* Other sources of risk */ wikilinked [[Our Final Invention]] & [[Weaponization of artificial intelligence]], better readability via line-breaks",[],Existential_risk_from_artificial_intelligence,Existential risk from artificial intelligence,Existential_risk_from_artificial_intelligence,,
702483724,702158677,Rolf h nelson,18596103,2016-01-30T21:33:29Z,25808,+History +Summary,[],Existential_risk_from_artificial_intelligence,Existential risk from artificial intelligence,Existential_risk_from_artificial_intelligence,,
702570757,702483724,Niceguyedc,5288432,2016-01-31T11:19:55Z,25831,v1.38 - Repaired 1 link to disambiguation page - [[WP:DPL|(You can help)]] - [[Vanity Fair]],['WPCleaner'],Existential_risk_from_artificial_intelligence,Existential risk from artificial intelligence,Existential_risk_from_artificial_intelligence,,
702681391,702570757,Rolf h nelson,18596103,2016-02-01T01:51:32Z,26547,Add plain-english subsection headers; add goal content integrity link; fix Joy article 1990 -> 2000; ce,[],Existential_risk_from_artificial_intelligence,Existential risk from artificial intelligence,Existential_risk_from_artificial_intelligence,,
702684240,702681391,AnomieBOT,7611264,2016-02-01T02:11:50Z,26585,Dating maintenance tags: {{Clarify}} {{Cn}},[],Existential_risk_from_artificial_intelligence,Existential risk from artificial intelligence,Existential_risk_from_artificial_intelligence,,
702804637,702684240,2600:1008:B16F:CA86:E599:3D4D:7B9D:4234,0,2016-02-01T19:40:50Z,26789,/* Other sources of risk */ requested clarification,[],Existential_risk_from_artificial_intelligence,Existential risk from artificial intelligence,Existential_risk_from_artificial_intelligence,True,
702889377,702804637,BG19bot,14508071,2016-02-02T06:22:36Z,26802,[[WP:CHECKWIKI]] error fix for #61.  Punctuation goes before References. Do [[Wikipedia:GENFIXES|general fixes]] if a problem exists. - using [[Project:AWB|AWB]] (11876),[],Existential_risk_from_artificial_intelligence,Existential risk from artificial intelligence,Existential_risk_from_artificial_intelligence,,
703044238,702889377,Rolf h nelson,18596103,2016-02-03T04:06:53Z,31174,/* Instrumental goal convergence: Would a superintelligence just ignore us? */ +Orthogonality section,[],Existential_risk_from_artificial_intelligence,Existential risk from artificial intelligence,Existential_risk_from_artificial_intelligence,,
703044542,703044238,Rolf h nelson,18596103,2016-02-03T04:09:54Z,31170,/* Orthogonality: Does intelligence inevitably result in moral wisdom? */,[],Existential_risk_from_artificial_intelligence,Existential risk from artificial intelligence,Existential_risk_from_artificial_intelligence,,
703046570,703044542,AnomieBOT,7611264,2016-02-03T04:30:33Z,31189,Dating maintenance tags: {{Failed verification}},[],Existential_risk_from_artificial_intelligence,Existential risk from artificial intelligence,Existential_risk_from_artificial_intelligence,,
703305037,703046570,Exa~enwiki,61468,2016-02-04T18:40:27Z,32971,"I am adding a criticism section, I am an AGI researcher, and a member of AGI society. I will not tolerate removal of this section by FHI demagogues.",[],Existential_risk_from_artificial_intelligence,Existential risk from artificial intelligence,Existential_risk_from_artificial_intelligence,,
703305694,703305037,Exa~enwiki,61468,2016-02-04T18:44:45Z,33553,"The  probability of the assumptions are arguably very low, and the probability of existential risk is insignificant. Luddite award of Musk and Hawking mentioned.   /* Criticisms */",[],Existential_risk_from_artificial_intelligence,Existential risk from artificial intelligence,Existential_risk_from_artificial_intelligence,,
703308944,703305694,Exa~enwiki,61468,2016-02-04T19:07:00Z,33628,/* Criticisms */,[],Existential_risk_from_artificial_intelligence,Existential risk from artificial intelligence,Existential_risk_from_artificial_intelligence,,
703309077,703308944,Silence,84942,2016-02-04T19:08:11Z,33280,modifying org list to avoid WP:SYNTH (using orgs most often listed together in this specific capacity in general introductions to the topic),[],Existential_risk_from_artificial_intelligence,Existential risk from artificial intelligence,Existential_risk_from_artificial_intelligence,,
703309083,703309077,Exa~enwiki,61468,2016-02-04T19:08:14Z,33443,/* Criticisms */,[],Existential_risk_from_artificial_intelligence,Existential risk from artificial intelligence,Existential_risk_from_artificial_intelligence,,
703309151,703309083,Silence,84942,2016-02-04T19:08:45Z,33449,,[],Existential_risk_from_artificial_intelligence,Existential risk from artificial intelligence,Existential_risk_from_artificial_intelligence,,
703309444,703309151,Exa~enwiki,61468,2016-02-04T19:10:57Z,33879,/* Criticisms */,[],Existential_risk_from_artificial_intelligence,Existential risk from artificial intelligence,Existential_risk_from_artificial_intelligence,,
703309636,703309444,Exa~enwiki,61468,2016-02-04T19:12:27Z,34123,How MIRI/FHI suppresses criticism. /* Criticisms */,[],Existential_risk_from_artificial_intelligence,Existential risk from artificial intelligence,Existential_risk_from_artificial_intelligence,,
703310463,703309636,Exa~enwiki,61468,2016-02-04T19:17:58Z,34129,/* Criticisms */,[],Existential_risk_from_artificial_intelligence,Existential risk from artificial intelligence,Existential_risk_from_artificial_intelligence,,
703310697,703310463,Exa~enwiki,61468,2016-02-04T19:19:26Z,34443,/* Criticisms */,[],Existential_risk_from_artificial_intelligence,Existential risk from artificial intelligence,Existential_risk_from_artificial_intelligence,,
703310800,703310697,Exa~enwiki,61468,2016-02-04T19:20:09Z,34466,/* Criticisms */,[],Existential_risk_from_artificial_intelligence,Existential risk from artificial intelligence,Existential_risk_from_artificial_intelligence,,
703310852,703310800,Exa~enwiki,61468,2016-02-04T19:20:33Z,34465,/* Criticisms */,[],Existential_risk_from_artificial_intelligence,Existential risk from artificial intelligence,Existential_risk_from_artificial_intelligence,,
703311308,703310852,Exa~enwiki,61468,2016-02-04T19:23:41Z,34706,luddite award reference /* Criticisms */,[],Existential_risk_from_artificial_intelligence,Existential risk from artificial intelligence,Existential_risk_from_artificial_intelligence,,
703312552,703311308,Exa~enwiki,61468,2016-02-04T19:32:36Z,34758,/* Criticisms */,[],Existential_risk_from_artificial_intelligence,Existential risk from artificial intelligence,Existential_risk_from_artificial_intelligence,,
703313269,703312552,Silence,84942,2016-02-04T19:37:51Z,30847,"rv unencyclopedic POV advocacy section; WP not the place for stuff like ""Most creationists [like Bostrom] do naturally have a luddite bias.""",[],Existential_risk_from_artificial_intelligence,Existential risk from artificial intelligence,Existential_risk_from_artificial_intelligence,,
703315892,703313269,Exa~enwiki,61468,2016-02-04T19:56:33Z,34758,"This is an attempt to curb all criticism of ""Existential AI Risk"" and it is vandalism. Undid revision 703313269 by [[Special:Contributions/Silence|Silence]] ([[User talk:Silence|talk]])",[],Existential_risk_from_artificial_intelligence,Existential risk from artificial intelligence,Existential_risk_from_artificial_intelligence,,
703316278,703315892,Exa~enwiki,61468,2016-02-04T19:59:39Z,34707,Removed POV about creationists having a luddite bias (which was an obvious fact) /* Criticisms */,[],Existential_risk_from_artificial_intelligence,Existential risk from artificial intelligence,Existential_risk_from_artificial_intelligence,,
703316885,703316278,2A01:E35:8AFB:C320:224:8CFF:FEA8:136B,0,2016-02-04T20:03:06Z,34940,not everybody see mankind suppression as something bad,[],Existential_risk_from_artificial_intelligence,Existential risk from artificial intelligence,Existential_risk_from_artificial_intelligence,True,
703318860,703316885,Exa~enwiki,61468,2016-02-04T20:17:40Z,34937,"Technically it is agnosticism, not creationism but we all know they are too close to be distinguished. /* Criticisms */",[],Existential_risk_from_artificial_intelligence,Existential risk from artificial intelligence,Existential_risk_from_artificial_intelligence,,
703319096,703318860,Exa~enwiki,61468,2016-02-04T20:19:20Z,34949,"The reasoning is likened to horror/science-fiction movies, as they seem to borrow from The Terminator, and The Matrix movies. /* Criticisms */",[],Existential_risk_from_artificial_intelligence,Existential risk from artificial intelligence,Existential_risk_from_artificial_intelligence,,
703319369,703319096,Exa~enwiki,61468,2016-02-04T20:21:08Z,34948,/* Criticisms */,[],Existential_risk_from_artificial_intelligence,Existential risk from artificial intelligence,Existential_risk_from_artificial_intelligence,,
703320065,703319369,Exa~enwiki,61468,2016-02-04T20:26:34Z,35021,/* Criticisms */,[],Existential_risk_from_artificial_intelligence,Existential risk from artificial intelligence,Existential_risk_from_artificial_intelligence,,
703332678,703320065,Exa~enwiki,61468,2016-02-04T21:52:03Z,35395,"The paradox of the fallibility of a provably ""friendly"" autonomous agent. /* Criticisms */",[],Existential_risk_from_artificial_intelligence,Existential risk from artificial intelligence,Existential_risk_from_artificial_intelligence,,
703332720,703332678,Exa~enwiki,61468,2016-02-04T21:52:19Z,35398,/* Criticisms */,[],Existential_risk_from_artificial_intelligence,Existential risk from artificial intelligence,Existential_risk_from_artificial_intelligence,,
703351684,703332720,Ohnoitsjamie,507787,2016-02-05T00:17:11Z,30847,"despite having a couple of links tossed in, this is mostly [[WP:OR]] and [[WP:SYNTH]]",[],Existential_risk_from_artificial_intelligence,Existential risk from artificial intelligence,Existential_risk_from_artificial_intelligence,,
703352867,703351684,Kbog,16952120,2016-02-05T00:27:26Z,31861,/* Criticisms */ Hatchet job - see talk. Re: edit conflict: needs to be more specific or have a citation.,[],Existential_risk_from_artificial_intelligence,Existential risk from artificial intelligence,Existential_risk_from_artificial_intelligence,,
703353938,703352867,Kbog,16952120,2016-02-05T00:36:25Z,31869,/* Criticisms */,[],Existential_risk_from_artificial_intelligence,Existential risk from artificial intelligence,Existential_risk_from_artificial_intelligence,,
703362133,703353938,Bgwhite,264323,2016-02-05T01:40:31Z,31845,[[WP:CHECKWIKI]] error fix #94. Stray ref tag. Do [[Wikipedia:GENFIXES|general fixes]] and cleanup if needed. - using [[Project:AWB|AWB]] (11876),[],Existential_risk_from_artificial_intelligence,Existential risk from artificial intelligence,Existential_risk_from_artificial_intelligence,,
703385158,703362133,Exa~enwiki,61468,2016-02-05T05:25:47Z,35816,"I am adding the 4500 bytes deleted unfairly. I am a well known AGI researcher, first talk on the page argue why you want to remove anything, and then let us talk. Do not delete everything at once, we will criticize AI doomsayers. /* Criticisms */",[],Existential_risk_from_artificial_intelligence,Existential risk from artificial intelligence,Existential_risk_from_artificial_intelligence,,
703385358,703385158,Exa~enwiki,61468,2016-02-05T05:28:02Z,35752,"I am removing my Humanity+ article reference on the matter to avoid conflict of interest, I will let some other AGI researcher and/or Humanity+ editors add it if they find it noteworthy. /* Criticisms */",[],Existential_risk_from_artificial_intelligence,Existential risk from artificial intelligence,Existential_risk_from_artificial_intelligence,,
703386214,703385358,Exa~enwiki,61468,2016-02-05T05:37:50Z,36304,Separate the luddite award and make it the first criticism. Mention some notable researchers who disagree with the claims of AI doomsayers. Mention FLI's egotistical dismissal of the award. /* Criticisms */,[],Existential_risk_from_artificial_intelligence,Existential risk from artificial intelligence,Existential_risk_from_artificial_intelligence,,
703386312,703386214,Exa~enwiki,61468,2016-02-05T05:39:17Z,36314,/* Criticisms */,[],Existential_risk_from_artificial_intelligence,Existential risk from artificial intelligence,Existential_risk_from_artificial_intelligence,,
703389637,703386312,Exa~enwiki,61468,2016-02-05T06:17:11Z,37202,"Add refs for the views of top machine learning researchers on AI doomsaying: Yann LeCun, Yoshua Bengio, and Ben Goertzel  /* Criticisms */",[],Existential_risk_from_artificial_intelligence,Existential risk from artificial intelligence,Existential_risk_from_artificial_intelligence,,
703392210,703389637,Exa~enwiki,61468,2016-02-05T06:44:04Z,38048,Revise and move luddite award to second place. Add more wiki refs and substance to four items of criticism. Many more references will be added... please do not vandalize this section I am not touching their self-promoting sections. /* Criticisms */,[],Existential_risk_from_artificial_intelligence,Existential risk from artificial intelligence,Existential_risk_from_artificial_intelligence,,
703392780,703392210,Exa~enwiki,61468,2016-02-05T06:49:41Z,38135,Indicate that actual machine learning researchers believe these claims to be PSEUDO-SCIENE. More wiki links. PLEASE do not vandalize this section. /* Criticisms */,[],Existential_risk_from_artificial_intelligence,Existential risk from artificial intelligence,Existential_risk_from_artificial_intelligence,,
703393132,703392780,Exa~enwiki,61468,2016-02-05T06:53:25Z,38619,"Add an explanation of why critics think simulation argument is agnosticism proper, citing the use of obviously theological concepts in Bostrom's work. /* Criticisms */",[],Existential_risk_from_artificial_intelligence,Existential risk from artificial intelligence,Existential_risk_from_artificial_intelligence,,
703393216,703393132,Exa~enwiki,61468,2016-02-05T06:54:22Z,38618,typo /* Criticisms */,[],Existential_risk_from_artificial_intelligence,Existential risk from artificial intelligence,Existential_risk_from_artificial_intelligence,,
703398297,703393216,Exa~enwiki,61468,2016-02-05T07:49:41Z,38612,/* Criticisms */,[],Existential_risk_from_artificial_intelligence,Existential risk from artificial intelligence,Existential_risk_from_artificial_intelligence,,
703398357,703398297,Exa~enwiki,61468,2016-02-05T07:50:25Z,38616,/* Criticisms */,[],Existential_risk_from_artificial_intelligence,Existential risk from artificial intelligence,Existential_risk_from_artificial_intelligence,,
703398841,703398357,Exa~enwiki,61468,2016-02-05T07:56:28Z,38619,/* Criticisms */,[],Existential_risk_from_artificial_intelligence,Existential risk from artificial intelligence,Existential_risk_from_artificial_intelligence,,
703399022,703398841,Exa~enwiki,61468,2016-02-05T07:58:43Z,38627,/* Criticisms */,[],Existential_risk_from_artificial_intelligence,Existential risk from artificial intelligence,Existential_risk_from_artificial_intelligence,,
703399250,703399022,Exa~enwiki,61468,2016-02-05T08:01:17Z,38626,/* Criticisms */,[],Existential_risk_from_artificial_intelligence,Existential risk from artificial intelligence,Existential_risk_from_artificial_intelligence,,
703413082,703399250,2A01:E35:8AFB:C320:224:8CFF:FEA8:136B,0,2016-02-05T10:46:50Z,38858,From my point of view: undo luddite vandalism. Please explain the removal and I'll probably accept it.,[],Existential_risk_from_artificial_intelligence,Existential risk from artificial intelligence,Existential_risk_from_artificial_intelligence,True,
703423708,703413082,Silence,84942,2016-02-05T12:50:56Z,38626,deleting [[WP:WEASEL]] para,[],Existential_risk_from_artificial_intelligence,Existential risk from artificial intelligence,Existential_risk_from_artificial_intelligence,,
703425970,703423708,2607:FB90:4A6:8C84:955D:4112:38EF:1ED8,0,2016-02-05T13:14:07Z,31845,Revert POV pushing; please establish consensus on talk page before editing further,[],Existential_risk_from_artificial_intelligence,Existential risk from artificial intelligence,Existential_risk_from_artificial_intelligence,True,
703460502,703425970,96.255.78.182,0,2016-02-05T17:49:49Z,33714,"/* Poorly specified goals: ""Be careful what you wish for"" */",[],Existential_risk_from_artificial_intelligence,Existential risk from artificial intelligence,Existential_risk_from_artificial_intelligence,True,
703460831,703460502,96.255.78.182,0,2016-02-05T17:52:11Z,33696,"/* Poorly specified goals: ""Be careful what you wish for"" */",[],Existential_risk_from_artificial_intelligence,Existential risk from artificial intelligence,Existential_risk_from_artificial_intelligence,True,
703558686,703460831,BG19bot,14508071,2016-02-06T06:18:36Z,33696,"/* Poorly specified goals: ""Be careful what you wish for"" */[[WP:CHECKWIKI]] error fix for #61.  Punctuation goes before References. Do [[Wikipedia:GENFIXES|general fixes]] if a problem exists. - using [[Project:AWB|AWB]] (11876)",[],Existential_risk_from_artificial_intelligence,Existential risk from artificial intelligence,Existential_risk_from_artificial_intelligence,,
703650597,703558686,Rolf h nelson,18596103,2016-02-06T20:06:45Z,33107,/* Criticisms */ rm content with [[WP:PRIMARY]] source of obscure organization,[],Existential_risk_from_artificial_intelligence,Existential risk from artificial intelligence,Existential_risk_from_artificial_intelligence,,
703681764,703650597,Deku-shrub,337375,2016-02-07T00:04:50Z,34280,/* Criticisms */ This received significant media attention. Reword if needed but it's a very notable event in itself.,[],Existential_risk_from_artificial_intelligence,Existential risk from artificial intelligence,Existential_risk_from_artificial_intelligence,,
703693760,703681764,Rolf h nelson,18596103,2016-02-07T01:46:30Z,34623,/* Criticisms */ +Reactions,[],Existential_risk_from_artificial_intelligence,Existential risk from artificial intelligence,Existential_risk_from_artificial_intelligence,,
703694317,703693760,Rolf h nelson,18596103,2016-02-07T01:50:42Z,34630,Move loosemore 2014 to orthogonality section for now,[],Existential_risk_from_artificial_intelligence,Existential risk from artificial intelligence,Existential_risk_from_artificial_intelligence,,
703696358,703694317,Rolf h nelson,18596103,2016-02-07T02:07:55Z,35510,/* Instrumental goal convergence: Would a superintelligence just ignore us? */ +Etzioni,[],Existential_risk_from_artificial_intelligence,Existential risk from artificial intelligence,Existential_risk_from_artificial_intelligence,,
703700453,703696358,Rolf h nelson,18596103,2016-02-07T02:42:39Z,38673,"+""anthropomorphism"" section",[],Existential_risk_from_artificial_intelligence,Existential risk from artificial intelligence,Existential_risk_from_artificial_intelligence,,
703701301,703700453,Rolf h nelson,18596103,2016-02-07T02:50:21Z,40988,+Timeframe,[],Existential_risk_from_artificial_intelligence,Existential risk from artificial intelligence,Existential_risk_from_artificial_intelligence,,
703727423,703701301,2A02:120B:2C75:E4E0:AC21:B90C:1999:42B7,0,2016-02-07T07:03:43Z,41248,Added a very long and documented paper of a prominent AI scientist criticizing the whole concept in detail.,[],Existential_risk_from_artificial_intelligence,Existential risk from artificial intelligence,Existential_risk_from_artificial_intelligence,True,
703736174,703727423,Davearthurs,21489649,2016-02-07T08:53:06Z,41685,/* Reactions */ Added clarification about intent of ITIF award to reception section,[],Existential_risk_from_artificial_intelligence,Existential risk from artificial intelligence,Existential_risk_from_artificial_intelligence,,
703739288,703736174,Niceguyedc,5288432,2016-02-07T09:33:55Z,41703,v1.38 - Repaired 1 link to disambiguation page - [[WP:DPL|(You can help)]] - [[Richard Sutton]],['WPCleaner'],Existential_risk_from_artificial_intelligence,Existential risk from artificial intelligence,Existential_risk_from_artificial_intelligence,,
703757686,703739288,96.255.241.35,0,2016-02-07T13:05:22Z,41950,/* Basic argument */,[],Existential_risk_from_artificial_intelligence,Existential risk from artificial intelligence,Existential_risk_from_artificial_intelligence,True,
703758105,703757686,96.255.241.35,0,2016-02-07T13:09:33Z,42077,/* Basic argument */,[],Existential_risk_from_artificial_intelligence,Existential risk from artificial intelligence,Existential_risk_from_artificial_intelligence,True,
703774661,703758105,Ugog Nizdast,18935077,2016-02-07T15:48:18Z,41703,Reverted 2 [[WP:AGF|good faith]] edits by [[Special:Contributions/96.255.241.35|96.255.241.35]] using [[WP:STiki|STiki]],[],Existential_risk_from_artificial_intelligence,Existential risk from artificial intelligence,Existential_risk_from_artificial_intelligence,,
703778019,703774661,Deku-shrub,337375,2016-02-07T16:13:38Z,41718,,[],Existential_risk_from_artificial_intelligence,Existential risk from artificial intelligence,Existential_risk_from_artificial_intelligence,,
703803171,703778019,Rolf h nelson,18596103,2016-02-07T19:19:38Z,43941,,[],Existential_risk_from_artificial_intelligence,Existential risk from artificial intelligence,Existential_risk_from_artificial_intelligence,,
703868865,703803171,Kbog,16952120,2016-02-08T03:36:04Z,43959,/* Consensus against regulation */,[],Existential_risk_from_artificial_intelligence,Existential risk from artificial intelligence,Existential_risk_from_artificial_intelligence,,
703871211,703868865,AnomieBOT,7611264,2016-02-08T03:56:49Z,43978,Dating maintenance tags: {{Citationneeded}},[],Existential_risk_from_artificial_intelligence,Existential risk from artificial intelligence,Existential_risk_from_artificial_intelligence,,
703886047,703871211,2A02:120B:2C75:E4E0:99D6:A9C7:DB6A:C8A5,0,2016-02-08T06:37:48Z,44649,/* Reactions */,[],Existential_risk_from_artificial_intelligence,Existential risk from artificial intelligence,Existential_risk_from_artificial_intelligence,True,
703886625,703886047,2A02:120B:2C75:E4E0:99D6:A9C7:DB6A:C8A5,0,2016-02-08T06:44:12Z,44702,/* Reactions */,[],Existential_risk_from_artificial_intelligence,Existential risk from artificial intelligence,Existential_risk_from_artificial_intelligence,True,
703886715,703886625,2A02:120B:2C75:E4E0:99D6:A9C7:DB6A:C8A5,0,2016-02-08T06:45:24Z,44589,/* Reactions */,[],Existential_risk_from_artificial_intelligence,Existential risk from artificial intelligence,Existential_risk_from_artificial_intelligence,True,
703887362,703886715,Rolf h nelson,18596103,2016-02-08T06:53:17Z,45882,/* Consensus against regulation */ +inline cites; feel free to review sources and rewrite and improve text if desired.,[],Existential_risk_from_artificial_intelligence,Existential risk from artificial intelligence,Existential_risk_from_artificial_intelligence,,
703887932,703887362,Rolf h nelson,18596103,2016-02-08T06:59:22Z,46034,Content already covered elsewhere in article,[],Existential_risk_from_artificial_intelligence,Existential risk from artificial intelligence,Existential_risk_from_artificial_intelligence,,
704024859,703887932,Rolf h nelson,18596103,2016-02-09T01:55:24Z,49735,/* Reactions */ expand,[],Existential_risk_from_artificial_intelligence,Existential risk from artificial intelligence,Existential_risk_from_artificial_intelligence,,
704398406,704024859,Dewritech,11498870,2016-02-11T10:17:48Z,49346,"clean up, [[WP:AWB/T|typo(s) fixed]]: 2010's → 2010s using [[Project:AWB|AWB]]",[],Existential_risk_from_artificial_intelligence,Existential risk from artificial intelligence,Existential_risk_from_artificial_intelligence,,
704583366,704398406,Arado,280945,2016-02-12T09:44:44Z,49346,,[],Existential_risk_from_artificial_intelligence,Existential risk from artificial intelligence,Existential_risk_from_artificial_intelligence,,
705252682,704583366,Jhertel,119408,2016-02-16T11:47:50Z,49345,/* Basic argument */ Spelling/grammar correction,['visualeditor'],Existential_risk_from_artificial_intelligence,Existential risk from artificial intelligence,Existential_risk_from_artificial_intelligence,,
705257848,705252682,Jhertel,119408,2016-02-16T12:42:52Z,49341,/* Other sources of risk */ Removed link that does not work within the template. Did not change the meaning.,[],Existential_risk_from_artificial_intelligence,Existential risk from artificial intelligence,Existential_risk_from_artificial_intelligence,,
705960919,705257848,Vluczkow,25560009,2016-02-20T16:08:10Z,48953,/* Reactions */ Removed indifference section. One quote does not merit its own section.,[],Existential_risk_from_artificial_intelligence,Existential risk from artificial intelligence,Existential_risk_from_artificial_intelligence,,
707338669,705960919,Clevera,17783817,2016-02-28T07:44:13Z,49551,/* Consensus against regulation */,[],Existential_risk_from_artificial_intelligence,Existential risk from artificial intelligence,Existential_risk_from_artificial_intelligence,,
707379336,707338669,David Gerard,36389,2016-02-28T14:46:28Z,48953,Undid revision 707338669 by [[Special:Contributions/Clevera|Clevera]] ([[User talk:Clevera|talk]]) blogs and Quora answers are not [[WP:RS]]es,[],Existential_risk_from_artificial_intelligence,Existential risk from artificial intelligence,Existential_risk_from_artificial_intelligence,,
707450446,707379336,Clevera,17783817,2016-02-28T23:23:27Z,49742,/* Consensus against regulation */ does this work with the reliable sources policy?,[],Existential_risk_from_artificial_intelligence,Existential risk from artificial intelligence,Existential_risk_from_artificial_intelligence,,
707565396,707450446,David Gerard,36389,2016-02-29T16:15:06Z,48953,Undid revision 707450446 by [[Special:Contributions/Clevera|Clevera]] ([[User talk:Clevera|talk]]) blogs and Quora answers still aren't RSes,[],Existential_risk_from_artificial_intelligence,Existential risk from artificial intelligence,Existential_risk_from_artificial_intelligence,,
707614562,707565396,WurmWoode,4977632,2016-02-29T21:07:22Z,48952,/* Basic argument */,[],Existential_risk_from_artificial_intelligence,Existential risk from artificial intelligence,Existential_risk_from_artificial_intelligence,,
707864371,707614562,Rolf h nelson,18596103,2016-03-02T06:35:19Z,49610,/* Reactions */ Expand,[],Existential_risk_from_artificial_intelligence,Existential risk from artificial intelligence,Existential_risk_from_artificial_intelligence,,
708153900,707864371,Vluczkow,25560009,2016-03-03T23:32:55Z,49610,"Vluczkow moved page [[Existential risk from advanced artificial intelligence]] to [[Existential risk from artificial general intelligence]]: AGI is the proper technical term for >= human level AI. ""Advanced artificial intelligence"" is too ambiguous - A...",[],Existential_risk_from_artificial_intelligence,Existential risk from artificial intelligence,Existential_risk_from_artificial_intelligence,,
708153970,708153900,Vluczkow,25560009,2016-03-03T23:33:28Z,49609,,[],Existential_risk_from_artificial_intelligence,Existential risk from artificial intelligence,Existential_risk_from_artificial_intelligence,,
709949617,708153970,66.87.131.105,0,2016-03-14T01:56:30Z,49612,"/* ""Optimization power"" vs. normatively thick models of intelligence */Improved syntax.","['mobile edit', 'mobile web edit']",Existential_risk_from_artificial_intelligence,Existential risk from artificial intelligence,Existential_risk_from_artificial_intelligence,True,
711061133,709949617,50.90.72.98,0,2016-03-20T18:40:41Z,49618,/* Timeframe */,[],Existential_risk_from_artificial_intelligence,Existential risk from artificial intelligence,Existential_risk_from_artificial_intelligence,True,
711422892,711061133,Riceissa,20698937,2016-03-22T20:21:03Z,49579,"/* Poorly specified goals: ""Be careful what you wish for"" */",[],Existential_risk_from_artificial_intelligence,Existential risk from artificial intelligence,Existential_risk_from_artificial_intelligence,,
711475473,711422892,Vluczkow,25560009,2016-03-23T02:52:01Z,49578,"/* Difficulties of ""fixing"" goal specification after launch */",[],Existential_risk_from_artificial_intelligence,Existential risk from artificial intelligence,Existential_risk_from_artificial_intelligence,,
711475632,711475473,Vluczkow,25560009,2016-03-23T02:53:44Z,48671,/* Instrumental goal convergence: Would a superintelligence just ignore us? */ Removed the paragraph. It does not pertain to instrumental convergence in particular. It clearly belongs in the skepticism section.,[],Existential_risk_from_artificial_intelligence,Existential risk from artificial intelligence,Existential_risk_from_artificial_intelligence,,
711487519,711475632,AnomieBOT,7611264,2016-03-23T04:55:05Z,48997,"Rescuing orphaned refs (""new yorker doomsday"" from rev 711475473)",[],Existential_risk_from_artificial_intelligence,Existential risk from artificial intelligence,Existential_risk_from_artificial_intelligence,,
715172197,711487519,Rolf h nelson,18596103,2016-04-14T04:13:08Z,48964,,[],Existential_risk_from_artificial_intelligence,Existential risk from artificial intelligence,Existential_risk_from_artificial_intelligence,,
718008261,715172197,TheEyesOfNye,28222003,2016-05-01T00:42:50Z,48964,/* Orthogonality: Does intelligence inevitably result in moral wisdom? */ Grammar,['visualeditor'],Existential_risk_from_artificial_intelligence,Existential risk from artificial intelligence,Existential_risk_from_artificial_intelligence,,
718716097,718008261,Rolf h nelson,18596103,2016-05-05T05:27:40Z,49823,+nature,[],Existential_risk_from_artificial_intelligence,Existential risk from artificial intelligence,Existential_risk_from_artificial_intelligence,,
719865203,718716097,80.57.193.104,0,2016-05-12T07:32:18Z,49823,/* Basic argument */,[],Existential_risk_from_artificial_intelligence,Existential risk from artificial intelligence,Existential_risk_from_artificial_intelligence,True,
720312790,719865203,Rolf h nelson,18596103,2016-05-15T02:02:10Z,56411,slight expansion,[],Existential_risk_from_artificial_intelligence,Existential risk from artificial intelligence,Existential_risk_from_artificial_intelligence,,
722104431,720312790,Fixuture,19796795,2016-05-26T01:00:34Z,56064,Filled in 1 bare reference(s) with [[:w:User:Zhaofeng Li/reFill|reFill]] () & removed underscores,[],Existential_risk_from_artificial_intelligence,Existential risk from artificial intelligence,Existential_risk_from_artificial_intelligence,,
723649095,722104431,I dream of horses,9676078,2016-06-04T08:56:49Z,56065,clean up using [[Project:AWB|AWB]],[],Existential_risk_from_artificial_intelligence,Existential risk from artificial intelligence,Existential_risk_from_artificial_intelligence,,
729646416,723649095,161.185.160.23,0,2016-07-13T16:52:58Z,56099,/* Instrumental goal convergence: Would a superintelligence just ignore us? */ -adding citation needed.,[],Existential_risk_from_artificial_intelligence,Existential risk from artificial intelligence,Existential_risk_from_artificial_intelligence,True,
729711886,729646416,Rolf h nelson,18596103,2016-07-14T01:35:50Z,56163,/* Instrumental goal convergence: Would a superintelligence just ignore us? */ +omohundro,[],Existential_risk_from_artificial_intelligence,Existential risk from artificial intelligence,Existential_risk_from_artificial_intelligence,,
731200694,729711886,DanielVallstrom,123306,2016-07-23T18:49:46Z,56163,/* Risk scenarios */ ce,[],Existential_risk_from_artificial_intelligence,Existential risk from artificial intelligence,Existential_risk_from_artificial_intelligence,,
742104013,731200694,Dqeswn,3085590,2016-10-01T18:53:10Z,56189,,[],Existential_risk_from_artificial_intelligence,Existential risk from artificial intelligence,Existential_risk_from_artificial_intelligence,,
742585727,742104013,212.252.164.216,0,2016-10-04T15:38:35Z,56214,fdsfsd,['visualeditor'],Existential_risk_from_artificial_intelligence,Existential risk from artificial intelligence,Existential_risk_from_artificial_intelligence,True,
742585997,742585727,212.252.164.216,0,2016-10-04T15:39:50Z,56191,das,['visualeditor'],Existential_risk_from_artificial_intelligence,Existential risk from artificial intelligence,Existential_risk_from_artificial_intelligence,True,
742615961,742585997,Gap9551,8367391,2016-10-04T19:09:42Z,56189,Reverted edits by [[Special:Contribs/212.252.164.216|212.252.164.216]] ([[User talk:212.252.164.216|talk]]) to last version by Dqeswn,[],Existential_risk_from_artificial_intelligence,Existential risk from artificial intelligence,Existential_risk_from_artificial_intelligence,,
743087758,742615961,Fixuture,19796795,2016-10-07T18:49:36Z,56163,Undid revision 742104013 by [[Special:Contributions/Dqeswn|Dqeswn]] ([[User talk:Dqeswn|talk]]),[],Existential_risk_from_artificial_intelligence,Existential risk from artificial intelligence,Existential_risk_from_artificial_intelligence,,
743093264,743087758,Dqeswn,3085590,2016-10-07T19:39:32Z,56189,"Please do not revert edits without saying so, and especially without grounds. This article includes many references to fears about AI, which is by definition is technophobia.",[],Existential_risk_from_artificial_intelligence,Existential risk from artificial intelligence,Existential_risk_from_artificial_intelligence,,
743212600,743093264,Rolf h nelson,18596103,2016-10-08T14:51:53Z,56163,Undid revision 743093264 by [[Special:Contributions/Dqeswn|Dqeswn]] ([[User talk:Dqeswn|talk]]) Unsourced; no [[WP:CONSENSUS]] for addition yet,[],Existential_risk_from_artificial_intelligence,Existential risk from artificial intelligence,Existential_risk_from_artificial_intelligence,,
743566399,743212600,121.54.44.138,0,2016-10-10T06:26:52Z,56721,,"['mobile edit', 'mobile web edit']",Existential_risk_from_artificial_intelligence,Existential risk from artificial intelligence,Existential_risk_from_artificial_intelligence,True,
743603123,743566399,David Gerard,36389,2016-10-10T10:35:34Z,56163,Undid revision 743566399 by [[Special:Contributions/121.54.44.138|121.54.44.138]] ([[User talk:121.54.44.138|talk]]) [[WP:NOTESSAY]],[],Existential_risk_from_artificial_intelligence,Existential risk from artificial intelligence,Existential_risk_from_artificial_intelligence,,
744907478,743603123,Kbog,16952120,2016-10-18T05:17:15Z,56291,tagging merger proposal,[],Existential_risk_from_artificial_intelligence,Existential risk from artificial intelligence,Existential_risk_from_artificial_intelligence,,
745512484,744907478,188.118.127.250,0,2016-10-21T15:16:39Z,56292,/* Risk scenarios */,[],Existential_risk_from_artificial_intelligence,Existential risk from artificial intelligence,Existential_risk_from_artificial_intelligence,True,
745989020,745512484,216.11.222.27,0,2016-10-24T16:29:20Z,56292,,[],Existential_risk_from_artificial_intelligence,Existential risk from artificial intelligence,Existential_risk_from_artificial_intelligence,True,
745989469,745989020,Doulph88,26909938,2016-10-24T16:33:25Z,56292,Reverted 1 edit by [[Special:Contributions/216.11.222.27|216.11.222.27]] ([[User talk:216.11.222.27|talk]]). ([[WP:TW|TW]]),[],Existential_risk_from_artificial_intelligence,Existential risk from artificial intelligence,Existential_risk_from_artificial_intelligence,,
746761191,745989469,Fixuture,19796795,2016-10-29T10:50:50Z,56291,Undid revision 745512484 by [[Special:Contributions/188.118.127.250|188.118.127.250]] ([[User talk:188.118.127.250|talk]]),[],Existential_risk_from_artificial_intelligence,Existential risk from artificial intelligence,Existential_risk_from_artificial_intelligence,,
749665591,746761191,GreenC bot,27823944,2016-11-15T15:58:36Z,56334,1 archive template merged to {{[[template:webarchive|webarchive]]}} ([[User:Green_Cardamom/Webarchive_template_merge|WAM]]),[],Existential_risk_from_artificial_intelligence,Existential risk from artificial intelligence,Existential_risk_from_artificial_intelligence,,
749723877,749665591,Dirtyfilthy,6930105,2016-11-15T21:12:38Z,56346,"/* Poorly specified goals: ""Be careful what you wish for"" */  added internal link to EURISKO,",[],Existential_risk_from_artificial_intelligence,Existential risk from artificial intelligence,Existential_risk_from_artificial_intelligence,,
751919543,749723877,91.238.123.116,0,2016-11-28T14:44:47Z,56348,"/* Poorly specified goals: ""Be careful what you wish for"" */ expanded contraction",[],Existential_risk_from_artificial_intelligence,Existential risk from artificial intelligence,Existential_risk_from_artificial_intelligence,True,
754015378,751919543,Marcocapelle,14965160,2016-12-10T11:25:16Z,56321,removed parent category of [[Category:Doomsday scenarios]],[],Existential_risk_from_artificial_intelligence,Existential risk from artificial intelligence,Existential_risk_from_artificial_intelligence,,
754622976,754015378,Dexbot,16752040,2016-12-13T17:09:18Z,56325,Bot: Changes to ref name per [[WP:REFNAME]],[],Existential_risk_from_artificial_intelligence,Existential risk from artificial intelligence,Existential_risk_from_artificial_intelligence,,
754774335,754622976,Bender the Bot,28903366,2016-12-14T12:26:49Z,56327,/* Timeframe */clean up; http&rarr;https for [[The Guardian]] using [[Project:AWB|AWB]],[],Existential_risk_from_artificial_intelligence,Existential risk from artificial intelligence,Existential_risk_from_artificial_intelligence,,
755570317,754774335,181.14.115.191,0,2016-12-18T22:10:28Z,56342,/* Orthogonality: Does intelligence inevitably result in moral wisdom? */,[],Existential_risk_from_artificial_intelligence,Existential risk from artificial intelligence,Existential_risk_from_artificial_intelligence,True,
756075704,755570317,Apollo The Logician,29087857,2016-12-21T21:18:41Z,56341,/* Basic argument */,"['mobile edit', 'mobile web edit']",Existential_risk_from_artificial_intelligence,Existential risk from artificial intelligence,Existential_risk_from_artificial_intelligence,,
757317647,756075704,207.229.180.186,0,2016-12-30T00:32:49Z,56340,/* Indifference */ correct spelling of author,[],Existential_risk_from_artificial_intelligence,Existential risk from artificial intelligence,Existential_risk_from_artificial_intelligence,True,
758143034,757317647,Greenrd,15476,2017-01-03T18:50:27Z,56369,+cat,[],Existential_risk_from_artificial_intelligence,Existential risk from artificial intelligence,Existential_risk_from_artificial_intelligence,,
763996633,758143034,109.232.57.143,0,2017-02-06T13:09:40Z,56368,/* History */  Correcting description of Stephen Hawking as a Nobel laureate. He is not.,[],Existential_risk_from_artificial_intelligence,Existential risk from artificial intelligence,Existential_risk_from_artificial_intelligence,True,
767175324,763996633,Bender the Bot,28903366,2017-02-24T10:31:48Z,56369,/* Risk scenarios */HTTP&rarr;HTTPS for [[The New York Times]]. using [[Project:AWB|AWB]],[],Existential_risk_from_artificial_intelligence,Existential risk from artificial intelligence,Existential_risk_from_artificial_intelligence,,
768066209,767175324,S'Trololol,25633984,2017-03-01T16:11:15Z,56369,/* Difficulties of modifying goal specification after launch */,[],Existential_risk_from_artificial_intelligence,Existential risk from artificial intelligence,Existential_risk_from_artificial_intelligence,,
768911798,768066209,Bender the Bot,28903366,2017-03-06T14:00:41Z,56373,"HTTP&rarr;HTTPS, per [[Wikipedia:Bots/Requests for approval/Bender the Bot 8|BRFA 8]] using [[Project:AWB|AWB]]",[],Existential_risk_from_artificial_intelligence,Existential risk from artificial intelligence,Existential_risk_from_artificial_intelligence,,
770596007,768911798,Rjwilmsi,203434,2017-03-16T12:05:21Z,56388,"Journal cites:, added 1 PMID using [[Project:AWB|AWB]] (12145)",[],Existential_risk_from_artificial_intelligence,Existential risk from artificial intelligence,Existential_risk_from_artificial_intelligence,,
770988073,770596007,Robert the Devil,15145027,2017-03-18T21:16:19Z,56325,informal register problems,[],Existential_risk_from_artificial_intelligence,Existential risk from artificial intelligence,Existential_risk_from_artificial_intelligence,,
771659604,770988073,Debresser,6999039,2017-03-22T20:28:04Z,56397,"Make the lead paragraph less [[WP:INUNIVERSE]] and more neutral, objective and encyclopedical.",[],Existential_risk_from_artificial_intelligence,Existential risk from artificial intelligence,Existential_risk_from_artificial_intelligence,,
771733606,771659604,The Transhumanist,1754504,2017-03-23T05:47:12Z,56268,rm merge tag - see discussion,[],Existential_risk_from_artificial_intelligence,Existential risk from artificial intelligence,Existential_risk_from_artificial_intelligence,,
771918269,771733606,Kbog,16952120,2017-03-24T07:28:45Z,56397,Undid revision 771733606 by [[Special:Contributions/The Transhumanist|The Transhumanist]] ([[User talk:The Transhumanist|talk]]) Discussion still ongoing,[],Existential_risk_from_artificial_intelligence,Existential risk from artificial intelligence,Existential_risk_from_artificial_intelligence,,
772578028,771918269,Kbog,16952120,2017-03-28T03:21:44Z,69575,"merging content from [[AI takeover]], will remove redundancies soon - this whole article needs work",[],Existential_risk_from_artificial_intelligence,Existential risk from artificial intelligence,Existential_risk_from_artificial_intelligence,,
772578237,772578028,Kbog,16952120,2017-03-28T03:24:21Z,71159,/* Endorsement */,[],Existential_risk_from_artificial_intelligence,Existential risk from artificial intelligence,Existential_risk_from_artificial_intelligence,,
772578299,772578237,Kbog,16952120,2017-03-28T03:25:01Z,71079,/* Endorsement */,[],Existential_risk_from_artificial_intelligence,Existential risk from artificial intelligence,Existential_risk_from_artificial_intelligence,,
772578333,772578299,Kbog,16952120,2017-03-28T03:25:18Z,71159,Undid revision 772578299 by [[Special:Contributions/Kbog|Kbog]] ([[User talk:Kbog|talk]]),[],Existential_risk_from_artificial_intelligence,Existential risk from artificial intelligence,Existential_risk_from_artificial_intelligence,,
772578358,772578333,Kbog,16952120,2017-03-28T03:25:34Z,71080,/* Endorsement */,[],Existential_risk_from_artificial_intelligence,Existential risk from artificial intelligence,Existential_risk_from_artificial_intelligence,,
772580953,772578358,Kbog,16952120,2017-03-28T03:50:15Z,70951,,[],Existential_risk_from_artificial_intelligence,Existential risk from artificial intelligence,Existential_risk_from_artificial_intelligence,,
772581423,772580953,Kbog,16952120,2017-03-28T03:55:29Z,69599,/* Overview */ this letter was not specifically about x risk,[],Existential_risk_from_artificial_intelligence,Existential risk from artificial intelligence,Existential_risk_from_artificial_intelligence,,
772581533,772581423,Kbog,16952120,2017-03-28T03:56:31Z,70965,/* History */,[],Existential_risk_from_artificial_intelligence,Existential risk from artificial intelligence,Existential_risk_from_artificial_intelligence,,
772581692,772581533,Kbog,16952120,2017-03-28T03:58:06Z,71865,/* History */,[],Existential_risk_from_artificial_intelligence,Existential risk from artificial intelligence,Existential_risk_from_artificial_intelligence,,
772581695,772581692,Kbog,16952120,2017-03-28T03:58:10Z,69590,/* Overview */,[],Existential_risk_from_artificial_intelligence,Existential risk from artificial intelligence,Existential_risk_from_artificial_intelligence,,
772581901,772581695,Kbog,16952120,2017-03-28T04:00:14Z,69080,/* History */,[],Existential_risk_from_artificial_intelligence,Existential risk from artificial intelligence,Existential_risk_from_artificial_intelligence,,
772582002,772581901,Kbog,16952120,2017-03-28T04:01:14Z,69076,/* History */,[],Existential_risk_from_artificial_intelligence,Existential risk from artificial intelligence,Existential_risk_from_artificial_intelligence,,
772582134,772582002,Kbog,16952120,2017-03-28T04:02:44Z,69064,,[],Existential_risk_from_artificial_intelligence,Existential risk from artificial intelligence,Existential_risk_from_artificial_intelligence,,
772583952,772582134,AnomieBOT,7611264,2017-03-28T04:24:08Z,69324,"Rescuing orphaned refs (""nature_anticipating"" from rev 772581695)",[],Existential_risk_from_artificial_intelligence,Existential risk from artificial intelligence,Existential_risk_from_artificial_intelligence,,
772584839,772583952,Kbog,16952120,2017-03-28T04:33:48Z,69468,,[],Existential_risk_from_artificial_intelligence,Existential risk from artificial intelligence,Existential_risk_from_artificial_intelligence,,
772584870,772584839,Kbog,16952120,2017-03-28T04:34:13Z,69460,,[],Existential_risk_from_artificial_intelligence,Existential risk from artificial intelligence,Existential_risk_from_artificial_intelligence,,
772701753,772584870,The Transhumanist,1754504,2017-03-28T20:39:38Z,56397,"REVERT merge of [[AI takeover]] - consensus has not been reached in that merge discussion, or in the gutting of that article..",[],Existential_risk_from_artificial_intelligence,Existential risk from artificial intelligence,Existential_risk_from_artificial_intelligence,,
772815933,772701753,64.88.11.88,0,2017-03-29T14:29:36Z,56401,,[],Existential_risk_from_artificial_intelligence,Existential risk from artificial intelligence,Existential_risk_from_artificial_intelligence,True,
772815972,772815933,64.88.11.88,0,2017-03-29T14:29:51Z,56397,,[],Existential_risk_from_artificial_intelligence,Existential risk from artificial intelligence,Existential_risk_from_artificial_intelligence,True,
773700893,772815972,GliderMaven,8978739,2017-04-03T21:30:11Z,56403,/* top */ do not emphasise self explanatory titles,[],Existential_risk_from_artificial_intelligence,Existential risk from artificial intelligence,Existential_risk_from_artificial_intelligence,,
777073215,773700893,139.193.241.166,0,2017-04-25T02:11:37Z,56856,Added description about super artificial intelligence. Added several paragraph spacings for better reading.,[],Existential_risk_from_artificial_intelligence,Existential risk from artificial intelligence,Existential_risk_from_artificial_intelligence,True,
779621234,777073215,The Transhumanist,1754504,2017-05-10T00:07:23Z,56727,remove merge tag - discussion was archived.,[],Existential_risk_from_artificial_intelligence,Existential risk from artificial intelligence,Existential_risk_from_artificial_intelligence,,
783734429,779621234,BriefAeon,30004601,2017-06-04T08:48:07Z,56733,Bold subject,[],Existential_risk_from_artificial_intelligence,Existential risk from artificial intelligence,Existential_risk_from_artificial_intelligence,,
785568248,783734429,Kbog,16952120,2017-06-14T07:39:06Z,57573,/* Reactions */,[],Existential_risk_from_artificial_intelligence,Existential risk from artificial intelligence,Existential_risk_from_artificial_intelligence,,
785568692,785568248,Kbog,16952120,2017-06-14T07:42:37Z,57579,/* Reactions */,[],Existential_risk_from_artificial_intelligence,Existential risk from artificial intelligence,Existential_risk_from_artificial_intelligence,,
785568879,785568692,Kbog,16952120,2017-06-14T07:44:21Z,57577,,[],Existential_risk_from_artificial_intelligence,Existential risk from artificial intelligence,Existential_risk_from_artificial_intelligence,,
787594263,785568879,AntHerder,21661194,2017-06-26T09:14:06Z,57580,/* History */ fix link,[],Existential_risk_from_artificial_intelligence,Existential risk from artificial intelligence,Existential_risk_from_artificial_intelligence,,
788976288,787594263,130.226.230.208,0,2017-07-04T15:55:33Z,57941,/* Skepticism */,[],Existential_risk_from_artificial_intelligence,Existential risk from artificial intelligence,Existential_risk_from_artificial_intelligence,True,
789664583,788976288,Madreterra,18324194,2017-07-08T19:22:36Z,57956,/* See also */,[],Existential_risk_from_artificial_intelligence,Existential risk from artificial intelligence,Existential_risk_from_artificial_intelligence,,
789664675,789664583,Madreterra,18324194,2017-07-08T19:23:22Z,57987,/* See also */,[],Existential_risk_from_artificial_intelligence,Existential risk from artificial intelligence,Existential_risk_from_artificial_intelligence,,
790223926,789664675,Hddty,26663505,2017-07-12T11:29:56Z,57979,,[],Existential_risk_from_artificial_intelligence,Existential risk from artificial intelligence,Existential_risk_from_artificial_intelligence,,
792771282,790223926,Tri400,3577574,2017-07-28T15:32:31Z,57982,,[],Existential_risk_from_artificial_intelligence,Existential risk from artificial intelligence,Existential_risk_from_artificial_intelligence,,
793897984,792771282,81.143.232.21,0,2017-08-04T16:48:08Z,58149,/* Skepticism */,[],Existential_risk_from_artificial_intelligence,Existential risk from artificial intelligence,Existential_risk_from_artificial_intelligence,True,
796683120,793897984,JCW-CleanerBot,31737083,2017-08-22T13:17:00Z,58155,"Per [[User:JCW-CleanerBot#Logic|Task 1A]], replaced: work=[[The New Yorker (magazine)]] → work=[[The New Yorker (magazine)|The New Yorker]]",[],Existential_risk_from_artificial_intelligence,Existential risk from artificial intelligence,Existential_risk_from_artificial_intelligence,,
796921310,796683120,205.143.205.198,0,2017-08-23T21:17:13Z,58153,,[],Existential_risk_from_artificial_intelligence,Existential risk from artificial intelligence,Existential_risk_from_artificial_intelligence,True,
797459050,796921310,KolbertBot,31691822,2017-08-27T05:18:21Z,58158,Bot: [[Wikipedia:Bots/Requests for approval/KolbertBot|HTTP→HTTPS]],[],Existential_risk_from_artificial_intelligence,Existential risk from artificial intelligence,Existential_risk_from_artificial_intelligence,,
797524938,797459050,Twilight Magic,25630108,2017-08-27T16:11:29Z,58175,removed [[Category:Artificial intelligence]]; added [[Category:Artificial Intelligence existential risk]] using [[WP:HC|HotCat]],[],Existential_risk_from_artificial_intelligence,Existential risk from artificial intelligence,Existential_risk_from_artificial_intelligence,,
797525370,797524938,Twilight Magic,25630108,2017-08-27T16:15:40Z,58145,removed [[Category:Existential risk]] using [[WP:HC|HotCat]],[],Existential_risk_from_artificial_intelligence,Existential risk from artificial intelligence,Existential_risk_from_artificial_intelligence,,
797525392,797525370,Twilight Magic,25630108,2017-08-27T16:15:53Z,58156,removed [[Category:Hazards]]; added [[Category:Technology hazards]] using [[WP:HC|HotCat]],[],Existential_risk_from_artificial_intelligence,Existential risk from artificial intelligence,Existential_risk_from_artificial_intelligence,,
798710809,797525392,Phantomket5,31002182,2017-09-03T10:27:10Z,58155,/* Orthogonality: Does intelligence inevitably result in moral wisdom? */,[],Existential_risk_from_artificial_intelligence,Existential risk from artificial intelligence,Existential_risk_from_artificial_intelligence,,
799026709,798710809,Omnipaedista,8524693,2017-09-05T05:53:13Z,58179,/* See also */,[],Existential_risk_from_artificial_intelligence,Existential risk from artificial intelligence,Existential_risk_from_artificial_intelligence,,
799829898,799026709,RedViking,710593,2017-09-10T03:07:18Z,57915,Minor edits to improve punctuation and readability.,[],Existential_risk_from_artificial_intelligence,Existential risk from artificial intelligence,Existential_risk_from_artificial_intelligence,,
801574090,799829898,Catlemur,13510414,2017-09-20T14:30:02Z,58423,Filled in 4 bare reference(s) with [[:en:WP:REFILL|reFill]] (),[],Existential_risk_from_artificial_intelligence,Existential risk from artificial intelligence,Existential_risk_from_artificial_intelligence,,
802448451,801574090,InternetArchiveBot,27015025,2017-09-26T05:49:35Z,58628,Rescuing 1 sources and tagging 0 as dead. #IABot (v1.5.3),[],Existential_risk_from_artificial_intelligence,Existential risk from artificial intelligence,Existential_risk_from_artificial_intelligence,,
803211540,802448451,24.179.32.105,0,2017-10-01T04:30:55Z,58618,,[],Existential_risk_from_artificial_intelligence,Existential risk from artificial intelligence,Existential_risk_from_artificial_intelligence,True,
804083629,803211540,GreenC bot,27823944,2017-10-06T16:42:50Z,58408,Removed 1 archive link. [[User:Green Cardamom/WaybackMedic_2.1|Wayback Medic 2.1]],[],Existential_risk_from_artificial_intelligence,Existential risk from artificial intelligence,Existential_risk_from_artificial_intelligence,,
804416455,804083629,Rebroad,138776,2017-10-08T21:34:30Z,58408,not a threat. a theory,[],Existential_risk_from_artificial_intelligence,Existential risk from artificial intelligence,Existential_risk_from_artificial_intelligence,,
804416700,804416455,Rebroad,138776,2017-10-08T21:36:39Z,58411,make more NPOV,[],Existential_risk_from_artificial_intelligence,Existential risk from artificial intelligence,Existential_risk_from_artificial_intelligence,,
804676910,804416700,172.11.2.36,0,2017-10-10T13:35:00Z,58412,/* Anthropomorphism */ fixed a spelling error,[],Existential_risk_from_artificial_intelligence,Existential risk from artificial intelligence,Existential_risk_from_artificial_intelligence,True,
810708787,804676910,Headbomb,1461430,2017-11-16T23:21:53Z,58326,clean up using [[Project:AWB|AWB]],[],Existential_risk_from_artificial_intelligence,Existential risk from artificial intelligence,Existential_risk_from_artificial_intelligence,,
810708907,810708787,Citation bot,7903804,2017-11-16T23:23:01Z,58294,"Alter: edition. Add: class, bibcode. Removed accessdate with no specified URL. You can [[WP:UCB|use this bot]] yourself. [[WP:DBUG|Report bugs here]].",[],Existential_risk_from_artificial_intelligence,Existential risk from artificial intelligence,Existential_risk_from_artificial_intelligence,,
812287991,810708907,Rolf h nelson,18596103,2017-11-27T02:31:32Z,65196,"Source cleanup, plus some new content from recent news articles",[],Existential_risk_from_artificial_intelligence,Existential risk from artificial intelligence,Existential_risk_from_artificial_intelligence,,
812507385,812287991,Tom.Reding,9784415,2017-11-28T06:03:49Z,65167,"Rep [[typographic ligature]]s like ""ﬁ"" with plain text; minimal ref cleanup; [[WP:GenFixes]] on, replaced: ﬁ → fi using [[Project:AWB|AWB]]",[],Existential_risk_from_artificial_intelligence,Existential risk from artificial intelligence,Existential_risk_from_artificial_intelligence,,
812587748,812507385,2601:541:4304:E6B0:218:8BFF:FE74:FE4F,0,2017-11-28T18:24:11Z,65192,fix link,[],Existential_risk_from_artificial_intelligence,Existential risk from artificial intelligence,Existential_risk_from_artificial_intelligence,True,
813364309,812587748,Rinaku,13783672,2017-12-03T08:17:19Z,65196,link,[],Existential_risk_from_artificial_intelligence,Existential risk from artificial intelligence,Existential_risk_from_artificial_intelligence,,
814797433,813364309,Rolf h nelson,18596103,2017-12-11T00:15:53Z,68073,"+bostrom, tegmark, economist, ford for new ""common ground"" paragraph",[],Existential_risk_from_artificial_intelligence,Existential risk from artificial intelligence,Existential_risk_from_artificial_intelligence,,
814831614,814797433,68.190.45.96,0,2017-12-11T05:03:12Z,68017,,"['mobile edit', 'mobile web edit']",Existential_risk_from_artificial_intelligence,Existential risk from artificial intelligence,Existential_risk_from_artificial_intelligence,True,
814831847,814831614,Quantanew,11441954,2017-12-11T05:05:10Z,68073,Undid revision 814831614 by [[Special:Contributions/68.190.45.96|68.190.45.96]] ([[User talk:68.190.45.96|talk]]),[],Existential_risk_from_artificial_intelligence,Existential risk from artificial intelligence,Existential_risk_from_artificial_intelligence,,
814834151,814831847,Tom.Reding,9784415,2017-12-11T05:29:08Z,68185,"Fix [[:Category:Pages using citations with accessdate and no URL]] when permanent identifier present; possible ref cleanup;, spaces (1); enum'd 7 author/editor WLs, using [[Project:AWB|AWB]]",[],Existential_risk_from_artificial_intelligence,Existential risk from artificial intelligence,Existential_risk_from_artificial_intelligence,,
815701895,814834151,Onel5969,10951369,2017-12-16T14:54:47Z,68181,"Disambiguating links to [[Tesla]] (link changed to [[Tesla, Inc.]]) using [[User:Qwertyytrewqqwerty/DisamAssist|DisamAssist]].",[],Existential_risk_from_artificial_intelligence,Existential risk from artificial intelligence,Existential_risk_from_artificial_intelligence,,
815999046,815701895,Nirinsanity,10187979,2017-12-18T16:04:16Z,68185,"/* Poorly specified goals: ""Be careful what you wish for"" */ Linking",[],Existential_risk_from_artificial_intelligence,Existential risk from artificial intelligence,Existential_risk_from_artificial_intelligence,,
816028916,815999046,186.66.34.182,0,2017-12-18T20:03:45Z,68186,Naïvely,"['mobile edit', 'mobile web edit']",Existential_risk_from_artificial_intelligence,Existential risk from artificial intelligence,Existential_risk_from_artificial_intelligence,True,
816161175,816028916,LithiumFlash,30153168,2017-12-19T17:49:32Z,68113,"Parenthesis not needed. Modify one item in ""See also"".",[],Existential_risk_from_artificial_intelligence,Existential risk from artificial intelligence,Existential_risk_from_artificial_intelligence,,
819192426,816161175,Rolf h nelson,18596103,2018-01-08T00:09:12Z,68749,/* Skepticism */ +USA Today/SurveyMonkey poll of the public,[],Existential_risk_from_artificial_intelligence,Existential risk from artificial intelligence,Existential_risk_from_artificial_intelligence,,
819192577,819192426,Rolf h nelson,18596103,2018-01-08T00:10:24Z,68739,/* Skepticism */,[],Existential_risk_from_artificial_intelligence,Existential risk from artificial intelligence,Existential_risk_from_artificial_intelligence,,
819858283,819192577,Nicolap16,32819041,2018-01-11T17:42:37Z,68748,two minor syntax changes,['visualeditor'],Existential_risk_from_artificial_intelligence,Existential risk from artificial intelligence,Existential_risk_from_artificial_intelligence,,
820588355,819858283,Nicolap16,32819041,2018-01-15T14:01:53Z,68752,"Added some commas, and changed the order of some survey respondents to go in descending order of agreement.",['visualeditor'],Existential_risk_from_artificial_intelligence,Existential risk from artificial intelligence,Existential_risk_from_artificial_intelligence,,
821494766,820588355,Rolf h nelson,18596103,2018-01-20T20:59:13Z,69558,expand on textbook,[],Existential_risk_from_artificial_intelligence,Existential risk from artificial intelligence,Existential_risk_from_artificial_intelligence,,
821983352,821494766,Djkutmasterl,32920694,2018-01-23T19:22:34Z,69558,,[],Existential_risk_from_artificial_intelligence,Existential risk from artificial intelligence,Existential_risk_from_artificial_intelligence,,
821983561,821983352,Djkutmasterl,32920694,2018-01-23T19:23:54Z,69558,,[],Existential_risk_from_artificial_intelligence,Existential risk from artificial intelligence,Existential_risk_from_artificial_intelligence,,
822007843,821983561,PaleoNeonate,30371765,2018-01-23T22:05:55Z,69558,"Restore rev. 821494766 - [[MOS:TITLECASE]], [[WP:NOUN]]",[],Existential_risk_from_artificial_intelligence,Existential risk from artificial intelligence,Existential_risk_from_artificial_intelligence,,
822180877,822007843,GünniX,237572,2018-01-24T21:34:24Z,69555,unbalanced brackets using [[Project:AWB|AWB]],[],Existential_risk_from_artificial_intelligence,Existential risk from artificial intelligence,Existential_risk_from_artificial_intelligence,,
823584314,822180877,Rolf h nelson,18596103,2018-02-02T03:41:52Z,75177,+scenarios,[],Existential_risk_from_artificial_intelligence,Existential risk from artificial intelligence,Existential_risk_from_artificial_intelligence,,
823584537,823584314,Rolf h nelson,18596103,2018-02-02T03:44:05Z,75251,/* Instrumental goal convergence: Would a superintelligence just ignore us? */,[],Existential_risk_from_artificial_intelligence,Existential risk from artificial intelligence,Existential_risk_from_artificial_intelligence,,
823585155,823584537,Rolf h nelson,18596103,2018-02-02T03:49:10Z,75396,/* Endorsement */,[],Existential_risk_from_artificial_intelligence,Existential risk from artificial intelligence,Existential_risk_from_artificial_intelligence,,
824074516,823585155,Rolf h nelson,18596103,2018-02-05T04:35:44Z,81167,"ce for clarity; some elaboration based on sources, some restructuring",[],Existential_risk_from_artificial_intelligence,Existential risk from artificial intelligence,Existential_risk_from_artificial_intelligence,,
824550675,824074516,Nikolaih,20623822,2018-02-08T01:05:32Z,81166,"a - as it precedes mini, not AI",[],Existential_risk_from_artificial_intelligence,Existential risk from artificial intelligence,Existential_risk_from_artificial_intelligence,,
824739635,824550675,Rolf h nelson,18596103,2018-02-09T05:00:47Z,81532,"/* Basic argument */ +""a less anthropomorphic intelligence scale"" argument (Yudkowsky 2013, Bostrom 2014)",[],Existential_risk_from_artificial_intelligence,Existential risk from artificial intelligence,Existential_risk_from_artificial_intelligence,,
824979465,824739635,Rolf h nelson,18596103,2018-02-10T19:23:34Z,81528,,[],Existential_risk_from_artificial_intelligence,Existential risk from artificial intelligence,Existential_risk_from_artificial_intelligence,,
825311929,824979465,2600:1004:B036:46E2:44D5:D046:CB15:14A3,0,2018-02-12T18:07:03Z,81511,,"['mobile edit', 'mobile app edit', 'Section blanking']",Existential_risk_from_artificial_intelligence,Existential risk from artificial intelligence,Existential_risk_from_artificial_intelligence,True,
825925125,825311929,Rolf h nelson,18596103,2018-02-16T05:08:22Z,81747,/* Basic argument */ expand via The Economist,[],Existential_risk_from_artificial_intelligence,Existential risk from artificial intelligence,Existential_risk_from_artificial_intelligence,,
827163770,825925125,Rolf h nelson,18596103,2018-02-23T03:26:45Z,81846,/* Timeframe */ per source,[],Existential_risk_from_artificial_intelligence,Existential risk from artificial intelligence,Existential_risk_from_artificial_intelligence,,
827344367,827163770,Jhertel,119408,2018-02-24T04:59:03Z,81846,Spelling/grammar correction,['visualeditor'],Existential_risk_from_artificial_intelligence,Existential risk from artificial intelligence,Existential_risk_from_artificial_intelligence,,
827345906,827344367,Jhertel,119408,2018-02-24T05:11:32Z,82091,/* Overview */ Replaced <aima/> with a proper reference.,['visualeditor'],Existential_risk_from_artificial_intelligence,Existential risk from artificial intelligence,Existential_risk_from_artificial_intelligence,,
827346218,827345906,Jhertel,119408,2018-02-24T05:14:07Z,82089,Removed page reference – it was copied from another article.,['visualeditor'],Existential_risk_from_artificial_intelligence,Existential risk from artificial intelligence,Existential_risk_from_artificial_intelligence,,
827404978,827346218,Jeoresearch,31828389,2018-02-24T15:26:10Z,81940,Minor edits and clarifications to the arguments section: Several grammar/wording fixes and removal of overly assertive/ambiguous statements.,['visualeditor'],Existential_risk_from_artificial_intelligence,Existential risk from artificial intelligence,Existential_risk_from_artificial_intelligence,,
827407775,827404978,Jeoresearch,31828389,2018-02-24T15:48:39Z,82774,"Added several lines regarding AI development guidelines to help balance the ""Consensus against regulation"" section.",['visualeditor'],Existential_risk_from_artificial_intelligence,Existential risk from artificial intelligence,Existential_risk_from_artificial_intelligence,,
827425015,827407775,Eldorado234,27150758,2018-02-24T17:43:28Z,82775,Fixed list formatting,"['mobile edit', 'mobile web edit']",Existential_risk_from_artificial_intelligence,Existential risk from artificial intelligence,Existential_risk_from_artificial_intelligence,,
827470423,827425015,Rolf h nelson,18596103,2018-02-24T22:26:51Z,81846,"[[WP:BRD]] [[WP:SYNTH]]: sources don't mention regulation. If desired, feel free to expand Asimolar under ""reactions"".",[],Existential_risk_from_artificial_intelligence,Existential risk from artificial intelligence,Existential_risk_from_artificial_intelligence,,
827472644,827470423,Rolf h nelson,18596103,2018-02-24T22:42:31Z,82030,/* Basic argument */ try to clarify main line argument along lines of previous edit,[],Existential_risk_from_artificial_intelligence,Existential risk from artificial intelligence,Existential_risk_from_artificial_intelligence,,
827472883,827472644,Rolf h nelson,18596103,2018-02-24T22:44:06Z,82037,/* Basic argument */,[],Existential_risk_from_artificial_intelligence,Existential risk from artificial intelligence,Existential_risk_from_artificial_intelligence,,
827472909,827472883,Rolf h nelson,18596103,2018-02-24T22:44:16Z,82037,/* Basic argument */,[],Existential_risk_from_artificial_intelligence,Existential risk from artificial intelligence,Existential_risk_from_artificial_intelligence,,
827473087,827472909,Rolf h nelson,18596103,2018-02-24T22:45:31Z,82046,/* Overview */,[],Existential_risk_from_artificial_intelligence,Existential risk from artificial intelligence,Existential_risk_from_artificial_intelligence,,
827703350,827473087,Rolf h nelson,18596103,2018-02-26T06:18:21Z,82805,/* Basic argument */ per talk-page suggestions,[],Existential_risk_from_artificial_intelligence,Existential risk from artificial intelligence,Existential_risk_from_artificial_intelligence,,
827705705,827703350,Rolf h nelson,18596103,2018-02-26T06:41:21Z,82709,/* Basic argument */,[],Existential_risk_from_artificial_intelligence,Existential risk from artificial intelligence,Existential_risk_from_artificial_intelligence,,
828809134,827705705,2600:1700:4460:13D0:743F:A83A:72E6:BD6C,0,2018-03-04T21:58:21Z,82731,/* See also */,"['mobile edit', 'mobile web edit']",Existential_risk_from_artificial_intelligence,Existential risk from artificial intelligence,Existential_risk_from_artificial_intelligence,True,
828843415,828809134,Rolf h nelson,18596103,2018-03-05T02:27:12Z,82006,/* See also */ [[WP:BRD]] trim per [[MOS:ALSO]],[],Existential_risk_from_artificial_intelligence,Existential risk from artificial intelligence,Existential_risk_from_artificial_intelligence,,
829258925,828843415,99.203.16.93,0,2018-03-07T15:24:16Z,82046,"/* Poorly specified goals: ""Be careful what you wish for"" or the ""Sorceror's Apprentice scenario"" */Clarified title of section to analogize the Sorceror's Apprentice scenario.  That term is mentioned in the text and yields an easier understanding of the exact issue.  Placing it in the title more readily and understandably telegraphs the problem to the lay reader.","['mobile edit', 'mobile web edit']",Existential_risk_from_artificial_intelligence,Existential risk from artificial intelligence,Existential_risk_from_artificial_intelligence,True,
829259014,829258925,99.203.16.93,0,2018-03-07T15:24:54Z,82046,"/* Poorly specified goals: ""Be careful what you wish for"" or the ""Sorceror's Apprentice"" scenario */Fixed typo","['mobile edit', 'mobile web edit', 'canned edit summary']",Existential_risk_from_artificial_intelligence,Existential risk from artificial intelligence,Existential_risk_from_artificial_intelligence,True,
829823477,829259014,32.212.64.120,0,2018-03-11T00:57:43Z,82065,/* Basic argument */I’ve never spoken with a cockroach about their opinion of human thought processes.  Funny that.,"['mobile edit', 'mobile web edit']",Existential_risk_from_artificial_intelligence,Existential risk from artificial intelligence,Existential_risk_from_artificial_intelligence,True,
829839476,829823477,AnomieBOT,7611264,2018-03-11T02:58:12Z,82081,Dating maintenance tags: {{Citation needed}},[],Existential_risk_from_artificial_intelligence,Existential risk from artificial intelligence,Existential_risk_from_artificial_intelligence,,
830174256,829839476,Rolf h nelson,18596103,2018-03-13T05:50:14Z,82046,Undo (well-sourced that this is the argument),[],Existential_risk_from_artificial_intelligence,Existential risk from artificial intelligence,Existential_risk_from_artificial_intelligence,,
831327248,830174256,Marblespolice,33345362,2018-03-20T00:54:08Z,82111,Adding the Center for Human-Compatible AI to list of organizations,['visualeditor-switched'],Existential_risk_from_artificial_intelligence,Existential risk from artificial intelligence,Existential_risk_from_artificial_intelligence,,
831564360,831327248,Rolf h nelson,18596103,2018-03-21T06:19:52Z,82402,"/* Organizations */ +source for Center for Human-Compatible AI, I guess",[],Existential_risk_from_artificial_intelligence,Existential risk from artificial intelligence,Existential_risk_from_artificial_intelligence,,
832782200,831564360,Yobot,7328338,2018-03-27T23:49:41Z,82401,"/* Organizations */Removed invisible unicode characters + other fixes ([[User:Yobot/55|Task 55]]), replaced: → using [[Project:AWB|AWB]] (12151)",[],Existential_risk_from_artificial_intelligence,Existential risk from artificial intelligence,Existential_risk_from_artificial_intelligence,,
832911540,832782200,Monolithica,33397814,2018-03-28T17:10:52Z,82412,Disambiguated: [[social engineering]] → [[Social engineering (security)]],['OAuth CID: 99'],Existential_risk_from_artificial_intelligence,Existential risk from artificial intelligence,Existential_risk_from_artificial_intelligence,,
834239063,832911540,KolbertBot,31691822,2018-04-04T17:18:29Z,82413,Bot: [[User:KolbertBot|HTTP→HTTPS]] (v485),[],Existential_risk_from_artificial_intelligence,Existential risk from artificial intelligence,Existential_risk_from_artificial_intelligence,,
836154821,834239063,Deku-shrub,337375,2018-04-13T00:14:51Z,82413,/* Sources of risk */,[],Existential_risk_from_artificial_intelligence,Existential risk from artificial intelligence,Existential_risk_from_artificial_intelligence,,
838467182,836154821,Arado,280945,2018-04-27T05:57:49Z,82421,"self driving car also has AI, but it's narrow AI, so no threat to humanity",[],Existential_risk_from_artificial_intelligence,Existential risk from artificial intelligence,Existential_risk_from_artificial_intelligence,,
839900613,838467182,Deku-shrub,337375,2018-05-06T12:50:09Z,84568,/* Sources of risk */,[],Existential_risk_from_artificial_intelligence,Existential risk from artificial intelligence,Existential_risk_from_artificial_intelligence,,
839900679,839900613,Deku-shrub,337375,2018-05-06T12:50:54Z,84587,/* Overview of common scenarios */,[],Existential_risk_from_artificial_intelligence,Existential risk from artificial intelligence,Existential_risk_from_artificial_intelligence,,
839900753,839900679,Deku-shrub,337375,2018-05-06T12:51:28Z,84602,/* Overview of common scenarios */,[],Existential_risk_from_artificial_intelligence,Existential risk from artificial intelligence,Existential_risk_from_artificial_intelligence,,
839900834,839900753,Deku-shrub,337375,2018-05-06T12:52:16Z,84606,/* Overview of common scenarios */,[],Existential_risk_from_artificial_intelligence,Existential risk from artificial intelligence,Existential_risk_from_artificial_intelligence,,
839900958,839900834,Deku-shrub,337375,2018-05-06T12:53:40Z,84617,/* Overview of common scenarios */,[],Existential_risk_from_artificial_intelligence,Existential risk from artificial intelligence,Existential_risk_from_artificial_intelligence,,
839901016,839900958,Deku-shrub,337375,2018-05-06T12:54:08Z,84629,/* Overview of common scenarios */,[],Existential_risk_from_artificial_intelligence,Existential risk from artificial intelligence,Existential_risk_from_artificial_intelligence,,
839901127,839901016,Deku-shrub,337375,2018-05-06T12:55:18Z,84660,/* Sources of risk */,[],Existential_risk_from_artificial_intelligence,Existential risk from artificial intelligence,Existential_risk_from_artificial_intelligence,,
839972950,839901127,CitationCleanerBot,15270283,2018-05-06T22:37:26Z,84644,/* Overview of common scenarios */cleanup,[],Existential_risk_from_artificial_intelligence,Existential risk from artificial intelligence,Existential_risk_from_artificial_intelligence,,
840010526,839972950,Rolf h nelson,18596103,2018-05-07T04:34:03Z,82421,/* Overview of common scenarios */ Moved to [[Global catastrophic risk]],[],Existential_risk_from_artificial_intelligence,Existential risk from artificial intelligence,Existential_risk_from_artificial_intelligence,,
840639039,840010526,Vianello,6413170,2018-05-11T04:47:40Z,82420,/* Skepticism */ Stray parenthesis,[],Existential_risk_from_artificial_intelligence,Existential risk from artificial intelligence,Existential_risk_from_artificial_intelligence,,
840751149,840639039,LaundryPizza03,32694456,2018-05-11T22:52:07Z,82441,/* Basic argument */,[],Existential_risk_from_artificial_intelligence,Existential risk from artificial intelligence,Existential_risk_from_artificial_intelligence,,
841826911,840751149,Ceosad,21006524,2018-05-18T09:50:00Z,82502,maintenance,[],Existential_risk_from_artificial_intelligence,Existential risk from artificial intelligence,Existential_risk_from_artificial_intelligence,,
844318208,841826911,122.255.2.244,0,2018-06-04T03:57:58Z,82510,/* Anthropomorphism */,[],Existential_risk_from_artificial_intelligence,Existential risk from artificial intelligence,Existential_risk_from_artificial_intelligence,True,
844329700,844318208,Renamed user v08an9234vu,30606221,2018-06-04T06:10:28Z,82502,Reverted 1 edit by [[Special:Contributions/122.255.2.244|122.255.2.244]] ([[User talk:122.255.2.244|talk]]): Editing tests. ([[WP:TW|TW]]),['mw-undo'],Existential_risk_from_artificial_intelligence,Existential risk from artificial intelligence,Existential_risk_from_artificial_intelligence,,
845085819,844329700,Bosonghan,33411908,2018-06-09T07:59:56Z,83234,addition of content,['visualeditor'],Existential_risk_from_artificial_intelligence,Existential risk from artificial intelligence,Existential_risk_from_artificial_intelligence,,
845149294,845085819,Rolf h nelson,18596103,2018-06-09T19:06:42Z,82502,Undid revision 845085819 by [[Special:Contributions/Bosonghan|Bosonghan]] ([[User talk:Bosonghan|talk]]) Statements were not in provided source,['mw-undo'],Existential_risk_from_artificial_intelligence,Existential risk from artificial intelligence,Existential_risk_from_artificial_intelligence,,
845319663,845149294,The Transhumanist,1754504,2018-06-11T00:47:41Z,82542,/* See also */ add [[Artificial intelligence arms race]],[],Existential_risk_from_artificial_intelligence,Existential risk from artificial intelligence,Existential_risk_from_artificial_intelligence,,
846584352,845319663,Bibcode Bot,14394459,2018-06-19T17:29:32Z,82598,"Adding 0 [[arXiv|arxiv eprint(s)]], 2 [[bibcode|bibcode(s)]] and 0 [[digital object identifier|doi(s)]]. Did it miss something? Report bugs, errors, and suggestions at [[User talk:Bibcode Bot]]",[],Existential_risk_from_artificial_intelligence,Existential risk from artificial intelligence,Existential_risk_from_artificial_intelligence,,
846890532,846584352,KolbertBot,31691822,2018-06-21T14:16:01Z,82602,Bot: [[User:KolbertBot|HTTP→HTTPS]] (v485),[],Existential_risk_from_artificial_intelligence,Existential risk from artificial intelligence,Existential_risk_from_artificial_intelligence,,
847132596,846890532,50.95.87.149,0,2018-06-23T05:00:32Z,82598,/* Overview */Update,"['mobile edit', 'mobile web edit']",Existential_risk_from_artificial_intelligence,Existential risk from artificial intelligence,Existential_risk_from_artificial_intelligence,True,
847132632,847132596,50.95.87.149,0,2018-06-23T05:01:01Z,82599,/* History */Update,"['mobile edit', 'mobile web edit']",Existential_risk_from_artificial_intelligence,Existential risk from artificial intelligence,Existential_risk_from_artificial_intelligence,True,
847132695,847132632,50.95.87.149,0,2018-06-23T05:01:46Z,82595,"/* Poorly specified goals: ""Be careful what you wish for"" or the ""Sorcerer's Apprentice"" scenario */Update","['mobile edit', 'mobile web edit']",Existential_risk_from_artificial_intelligence,Existential risk from artificial intelligence,Existential_risk_from_artificial_intelligence,True,
847132838,847132695,50.95.87.149,0,2018-06-23T05:03:51Z,82604,/* Scenarios */Update,"['mobile edit', 'mobile web edit']",Existential_risk_from_artificial_intelligence,Existential risk from artificial intelligence,Existential_risk_from_artificial_intelligence,True,
847132915,847132838,50.95.87.149,0,2018-06-23T05:05:02Z,82613,/* Scenarios */Update,"['mobile edit', 'mobile web edit']",Existential_risk_from_artificial_intelligence,Existential risk from artificial intelligence,Existential_risk_from_artificial_intelligence,True,
847133136,847132915,50.95.87.149,0,2018-06-23T05:08:10Z,82624,/* Reactions */Update,"['mobile edit', 'mobile web edit']",Existential_risk_from_artificial_intelligence,Existential risk from artificial intelligence,Existential_risk_from_artificial_intelligence,True,
847133330,847133136,50.95.87.149,0,2018-06-23T05:11:10Z,82645,/* Endorsement */Cleanup,"['mobile edit', 'mobile web edit']",Existential_risk_from_artificial_intelligence,Existential risk from artificial intelligence,Existential_risk_from_artificial_intelligence,True,
847696027,847133330,97.90.153.18,0,2018-06-27T04:46:49Z,82649,Opener,"['mobile edit', 'mobile web edit']",Existential_risk_from_artificial_intelligence,Existential risk from artificial intelligence,Existential_risk_from_artificial_intelligence,True,
847876620,847696027,GermanJoe,12935443,2018-06-28T11:36:54Z,82414,"/* Basic argument */ rmv - redundant, marketing spam",[],Existential_risk_from_artificial_intelligence,Existential risk from artificial intelligence,Existential_risk_from_artificial_intelligence,,
848086317,847876620,Aisteco,15804130,2018-06-29T18:07:27Z,82415,,[],Existential_risk_from_artificial_intelligence,Existential risk from artificial intelligence,Existential_risk_from_artificial_intelligence,,
850152319,848086317,69.250.204.128,0,2018-07-14T00:05:56Z,82423,"/* ""Optimization power"" vs. normatively thick models of intelligence */","['mobile edit', 'mobile web edit']",Existential_risk_from_artificial_intelligence,Existential risk from artificial intelligence,Existential_risk_from_artificial_intelligence,True,
850152487,850152319,69.250.204.128,0,2018-07-14T00:07:20Z,82426,"/* ""Optimization power"" vs. normatively thick models of intelligence */","['mobile edit', 'mobile web edit']",Existential_risk_from_artificial_intelligence,Existential risk from artificial intelligence,Existential_risk_from_artificial_intelligence,True,
851585016,850152487,Darko A7,3672401,2018-07-23T08:32:05Z,82450,improved comprehensiveness a sentence/paragraph,[],Existential_risk_from_artificial_intelligence,Existential risk from artificial intelligence,Existential_risk_from_artificial_intelligence,,
852347178,851585016,Chiswick Chap,2666701,2018-07-28T09:45:31Z,82498,/* Scenarios */ further,[],Existential_risk_from_artificial_intelligence,Existential risk from artificial intelligence,Existential_risk_from_artificial_intelligence,,
856345710,852347178,Overagainst,10483759,2018-08-24T15:29:01Z,84352,/* History */,[],Existential_risk_from_artificial_intelligence,Existential risk from artificial intelligence,Existential_risk_from_artificial_intelligence,,
856346440,856345710,Overagainst,10483759,2018-08-24T15:35:31Z,84489,,[],Existential_risk_from_artificial_intelligence,Existential risk from artificial intelligence,Existential_risk_from_artificial_intelligence,,
856355972,856346440,AnomieBOT,7611264,2018-08-24T16:50:02Z,84777,"Rescuing orphaned refs (""nature_anticipating"" from rev 852347178)",[],Existential_risk_from_artificial_intelligence,Existential risk from artificial intelligence,Existential_risk_from_artificial_intelligence,,
856393687,856355972,Dl2000,917223,2018-08-24T21:28:58Z,84790,fix some ref; tidy,[],Existential_risk_from_artificial_intelligence,Existential risk from artificial intelligence,Existential_risk_from_artificial_intelligence,,
856393721,856393687,Dl2000,917223,2018-08-24T21:29:08Z,84785,/* References */ reflist auto,[],Existential_risk_from_artificial_intelligence,Existential risk from artificial intelligence,Existential_risk_from_artificial_intelligence,,
856393838,856393721,Dl2000,917223,2018-08-24T21:30:09Z,84790,fix a ref,[],Existential_risk_from_artificial_intelligence,Existential risk from artificial intelligence,Existential_risk_from_artificial_intelligence,,
856405394,856393838,Overagainst,10483759,2018-08-24T23:26:02Z,84775,/* History */,[],Existential_risk_from_artificial_intelligence,Existential risk from artificial intelligence,Existential_risk_from_artificial_intelligence,,
856698365,856405394,Kbog,16952120,2018-08-27T00:35:04Z,84739,better intro,[],Existential_risk_from_artificial_intelligence,Existential risk from artificial intelligence,Existential_risk_from_artificial_intelligence,,
856698876,856698365,Kbog,16952120,2018-08-27T00:40:06Z,84729,"/* Basic argument */ rewording, to make it supportable by the later statements in the paragraph",[],Existential_risk_from_artificial_intelligence,Existential risk from artificial intelligence,Existential_risk_from_artificial_intelligence,,
856698953,856698876,Kbog,16952120,2018-08-27T00:40:47Z,84721,/* Basic argument */,[],Existential_risk_from_artificial_intelligence,Existential risk from artificial intelligence,Existential_risk_from_artificial_intelligence,,
856699197,856698953,Kbog,16952120,2018-08-27T00:42:57Z,84721,/* Sources of risk */,[],Existential_risk_from_artificial_intelligence,Existential risk from artificial intelligence,Existential_risk_from_artificial_intelligence,,
856699356,856699197,Kbog,16952120,2018-08-27T00:44:26Z,84394,/* Sources of risk */ Less weight for a non-notable author.,[],Existential_risk_from_artificial_intelligence,Existential risk from artificial intelligence,Existential_risk_from_artificial_intelligence,,
856699958,856699356,Kbog,16952120,2018-08-27T00:49:37Z,84507,,[],Existential_risk_from_artificial_intelligence,Existential risk from artificial intelligence,Existential_risk_from_artificial_intelligence,,
856700044,856699958,Kbog,16952120,2018-08-27T00:50:24Z,84257,/* Sources of risk */,[],Existential_risk_from_artificial_intelligence,Existential risk from artificial intelligence,Existential_risk_from_artificial_intelligence,,
856700495,856700044,Kbog,16952120,2018-08-27T00:54:24Z,83831,"/* Skepticism */ This article isn't about the singularity, so I'm removing the comment about the likelihood of the singularity.",[],Existential_risk_from_artificial_intelligence,Existential risk from artificial intelligence,Existential_risk_from_artificial_intelligence,,
856767181,856700495,Deku-shrub,337375,2018-08-27T11:55:48Z,83832,,[],Existential_risk_from_artificial_intelligence,Existential risk from artificial intelligence,Existential_risk_from_artificial_intelligence,,
860368197,856767181,2606:6000:CA82:500:5443:EE74:8F82:C9A5,0,2018-09-20T05:25:37Z,83833,Fixed typo,"['mobile edit', 'canned edit summary', 'mobile app edit', 'ios app edit']",Existential_risk_from_artificial_intelligence,Existential risk from artificial intelligence,Existential_risk_from_artificial_intelligence,True,
862447333,860368197,Gibranalnn,21741996,2018-10-04T12:37:17Z,83845,/* History */link,"['mobile edit', 'mobile web edit']",Existential_risk_from_artificial_intelligence,Existential risk from artificial intelligence,Existential_risk_from_artificial_intelligence,,
862447371,862447333,Gibranalnn,21741996,2018-10-04T12:37:42Z,83846,/* History */Typo~,"['mobile edit', 'mobile web edit']",Existential_risk_from_artificial_intelligence,Existential risk from artificial intelligence,Existential_risk_from_artificial_intelligence,,
868144486,862447371,172.58.38.192,0,2018-11-10T08:15:51Z,83820,/* Sources of risk */,['Possible disruption'],Existential_risk_from_artificial_intelligence,Existential risk from artificial intelligence,Existential_risk_from_artificial_intelligence,True,
868147518,868144486,142.244.5.162,0,2018-11-10T08:51:27Z,83846,Undid vandalism: Undid revision 868144486 by [[Special:Contributions/172.58.38.192|172.58.38.192]] ([[User talk:172.58.38.192|talk]]),['mw-undo'],Existential_risk_from_artificial_intelligence,Existential risk from artificial intelligence,Existential_risk_from_artificial_intelligence,True,
869808907,868147518,Citationcreationstandingovation,32493994,2018-11-20T14:27:55Z,83847,added period in bill gates quotation,[],Existential_risk_from_artificial_intelligence,Existential risk from artificial intelligence,Existential_risk_from_artificial_intelligence,,
871469123,869808907,2003:E9:FF00:F176:607D:1078:8C86:4143,0,2018-12-01T08:07:42Z,84354,/* Consensus against regulation */,[],Existential_risk_from_artificial_intelligence,Existential risk from artificial intelligence,Existential_risk_from_artificial_intelligence,True,
872672384,871469123,Smeagol 17,7183365,2018-12-08T13:38:47Z,84372,/* See also */,[],Existential_risk_from_artificial_intelligence,Existential risk from artificial intelligence,Existential_risk_from_artificial_intelligence,,
872672737,872672384,Smeagol 17,7183365,2018-12-08T13:41:09Z,84378,/* See also */,[],Existential_risk_from_artificial_intelligence,Existential risk from artificial intelligence,Existential_risk_from_artificial_intelligence,,
872672807,872672737,Smeagol 17,7183365,2018-12-08T13:41:39Z,84384,/* See also */,[],Existential_risk_from_artificial_intelligence,Existential risk from artificial intelligence,Existential_risk_from_artificial_intelligence,,
872672878,872672807,Smeagol 17,7183365,2018-12-08T13:42:07Z,84386,/* See also */,[],Existential_risk_from_artificial_intelligence,Existential risk from artificial intelligence,Existential_risk_from_artificial_intelligence,,
872672909,872672878,Smeagol 17,7183365,2018-12-08T13:42:20Z,84388,/* See also */,[],Existential_risk_from_artificial_intelligence,Existential risk from artificial intelligence,Existential_risk_from_artificial_intelligence,,
873618041,872672909,122.151.178.195,0,2018-12-14T01:33:18Z,84423,,[],Existential_risk_from_artificial_intelligence,Existential risk from artificial intelligence,Existential_risk_from_artificial_intelligence,True,
873622537,873618041,Dieter Lloyd Wexler,25577951,2018-12-14T02:13:01Z,84388,Reverted 1 edit by [[Special:Contributions/122.151.178.195|122.151.178.195]] identified as test/vandalism using [[WP:STiki|STiki]],"['mw-rollback', 'STiki']",Existential_risk_from_artificial_intelligence,Existential risk from artificial intelligence,Existential_risk_from_artificial_intelligence,,
877177370,873622537,Dl2000,917223,2019-01-07T02:11:26Z,84370,fix quot,[],Existential_risk_from_artificial_intelligence,Existential risk from artificial intelligence,Existential_risk_from_artificial_intelligence,,
880099060,877177370,158.180.128.10,0,2019-01-25T10:02:34Z,84369,/* Reactions */,[],Existential_risk_from_artificial_intelligence,Existential risk from artificial intelligence,Existential_risk_from_artificial_intelligence,True,
881094050,880099060,71.145.211.13,0,2019-01-31T11:51:33Z,84489,/* See also */,['possible link spam'],Existential_risk_from_artificial_intelligence,Existential risk from artificial intelligence,Existential_risk_from_artificial_intelligence,True,
881111756,881094050,LynxTufts,29502899,2019-01-31T14:47:55Z,84369,Reverted 1 edit by [[Special:Contributions/71.145.211.13|71.145.211.13]] ([[User talk:71.145.211.13|talk]]) ([[WP:TW|TW]]),['mw-undo'],Existential_risk_from_artificial_intelligence,Existential risk from artificial intelligence,Existential_risk_from_artificial_intelligence,,
881873364,881111756,42.114.18.213,0,2019-02-05T10:45:03Z,84369,/* History */,[],Existential_risk_from_artificial_intelligence,Existential risk from artificial intelligence,Existential_risk_from_artificial_intelligence,True,
884265365,881873364,Da Vinci Nanjing,7588918,2019-02-20T15:46:33Z,84383,He got a first name too. Its worth mentioning what kind of publication and when it was released.,['visualeditor'],Existential_risk_from_artificial_intelligence,Existential risk from artificial intelligence,Existential_risk_from_artificial_intelligence,,
884605541,884265365,Jonashtand,16177744,2019-02-22T18:57:28Z,84406,/* References */ // Edit via Wikiplus,[],Existential_risk_from_artificial_intelligence,Existential risk from artificial intelligence,Existential_risk_from_artificial_intelligence,,
887070126,884605541,Citation bot,7903804,2019-03-10T11:35:12Z,84615,"Alter: title, isbn, quote. Add: issue, title-link. Removed URL that duplicated unique identifier. Removed accessdate with no specified URL. Removed parameters. Formatted [[WP:ENDASH|dashes]]. | You can [[WP:UCB|use this bot]] yourself. [[WP:DBUG|Report bugs here]]. | [[WP:UCB|User-activated]].",[],Existential_risk_from_artificial_intelligence,Existential risk from artificial intelligence,Existential_risk_from_artificial_intelligence,,
887422541,887070126,137.204.30.154,0,2019-03-12T15:41:30Z,84615,/* Orthogonality: Does intelligence inevitably result in moral wisdom? */,[],Existential_risk_from_artificial_intelligence,Existential risk from artificial intelligence,Existential_risk_from_artificial_intelligence,True,
890566233,887422541,Rolf h nelson,18596103,2019-04-02T03:22:24Z,84586,rm stale tag,[],Existential_risk_from_artificial_intelligence,Existential risk from artificial intelligence,Existential_risk_from_artificial_intelligence,,
890633331,890566233,ExperiencedArticleFixer,24109244,2019-04-02T15:31:13Z,84451,"/* History */ No way this is true, he was 11 years old when The Terminator came out",[],Existential_risk_from_artificial_intelligence,Existential risk from artificial intelligence,Existential_risk_from_artificial_intelligence,,
890633558,890633331,ExperiencedArticleFixer,24109244,2019-04-02T15:32:58Z,84460,Restored name and link,[],Existential_risk_from_artificial_intelligence,Existential risk from artificial intelligence,Existential_risk_from_artificial_intelligence,,
890728827,890633558,Rolf h nelson,18596103,2019-04-03T04:53:01Z,84367,/* History */ rm unsourced,[],Existential_risk_from_artificial_intelligence,Existential risk from artificial intelligence,Existential_risk_from_artificial_intelligence,,
890729023,890728827,Rolf h nelson,18596103,2019-04-03T04:54:54Z,84481,/* History */ restore clipped sentence,[],Existential_risk_from_artificial_intelligence,Existential risk from artificial intelligence,Existential_risk_from_artificial_intelligence,,
890729508,890729023,Rolf h nelson,18596103,2019-04-03T04:58:35Z,84744,/* History */ +source,[],Existential_risk_from_artificial_intelligence,Existential risk from artificial intelligence,Existential_risk_from_artificial_intelligence,,
891021779,890729508,Curious1i,130156,2019-04-05T03:16:06Z,84766,/* See also */ added [[System accident]],[],Existential_risk_from_artificial_intelligence,Existential risk from artificial intelligence,Existential_risk_from_artificial_intelligence,,
891105271,891021779,173.160.239.249,0,2019-04-05T18:12:18Z,84769,"wrong tense of depend, changed into ""depending """,[],Existential_risk_from_artificial_intelligence,Existential risk from artificial intelligence,Existential_risk_from_artificial_intelligence,True,
892089355,891105271,StanLeeP,33996047,2019-04-12T03:38:28Z,84810,Consolidated,[],Existential_risk_from_artificial_intelligence,Existential risk from artificial intelligence,Existential_risk_from_artificial_intelligence,,
892089434,892089355,StanLeeP,33996047,2019-04-12T03:39:27Z,84812,,[],Existential_risk_from_artificial_intelligence,Existential risk from artificial intelligence,Existential_risk_from_artificial_intelligence,,
892089742,892089434,StanLeeP,33996047,2019-04-12T03:43:45Z,84824,Similar content,[],Existential_risk_from_artificial_intelligence,Existential risk from artificial intelligence,Existential_risk_from_artificial_intelligence,,
892644280,892089742,Aeternus,974947,2019-04-15T22:57:15Z,84823,,[],Existential_risk_from_artificial_intelligence,Existential risk from artificial intelligence,Existential_risk_from_artificial_intelligence,,
897482888,892644280,Cydebot,1215485,2019-05-17T10:18:22Z,84836,Robot - Speedily moving category Artificial Intelligence existential risk to [[:Category:Existential risk from artificial general intelligence]] per [[WP:CFDS|CFDS]].,[],Existential_risk_from_artificial_intelligence,Existential risk from artificial intelligence,Existential_risk_from_artificial_intelligence,,
899398408,897482888,Smeagol 17,7183365,2019-05-29T19:41:28Z,84835,/* Timeframe */,[],Existential_risk_from_artificial_intelligence,Existential risk from artificial intelligence,Existential_risk_from_artificial_intelligence,,
899615079,899398408,193.198.8.216,0,2019-05-31T06:03:48Z,84839,/* Orthogonality: Does intelligence inevitably result in moral wisdom? */ added link to Michael Chorost,['visualeditor'],Existential_risk_from_artificial_intelligence,Existential risk from artificial intelligence,Existential_risk_from_artificial_intelligence,True,
900364437,899615079,Tobh199,25322865,2019-06-05T05:23:06Z,84836,Fixed grammar,"['mobile edit', 'canned edit summary', 'mobile app edit', 'ios app edit']",Existential_risk_from_artificial_intelligence,Existential risk from artificial intelligence,Existential_risk_from_artificial_intelligence,,
901757190,900364437,Gazelle55,31384714,2019-06-14T02:27:30Z,84844,/* Indifference */ Italics on publication names,[],Existential_risk_from_artificial_intelligence,Existential risk from artificial intelligence,Existential_risk_from_artificial_intelligence,,
903450901,901757190,85.193.240.212,0,2019-06-25T19:34:01Z,84832,"ce  ""this risk needs much more attention than it currently gets""",[],Existential_risk_from_artificial_intelligence,Existential risk from artificial intelligence,Existential_risk_from_artificial_intelligence,True,
906649827,903450901,Nemo bis,2584239,2019-07-17T08:19:52Z,84824,"Alter: issue, author2, title, pages. Add: volume, author pars. 2-2. Removed parameters. | You can [[WP:UCB|use this tool]] yourself. [[WP:DBUG|Report bugs here]].  | Add: year, pages, volume, journal, title, author pars. 1-2. Formatted [[WP:ENDASH|dashes]]. | You can [[WP:UCB|use this tool]] yourself. [[WP:DBUG|Report bugs here]].",[],Existential_risk_from_artificial_intelligence,Existential risk from artificial intelligence,Existential_risk_from_artificial_intelligence,,
906773039,906649827,Rolf h nelson,18596103,2019-07-18T04:14:42Z,84849,"""six months of massively parallel processing time"" is confusing, we mean six months of calendar time for the first generation",[],Existential_risk_from_artificial_intelligence,Existential risk from artificial intelligence,Existential_risk_from_artificial_intelligence,,
908262037,906773039,Montgolfière,11467090,2019-07-28T15:41:56Z,84853,"""For instance"" doesn't make much sense in this context",[],Existential_risk_from_artificial_intelligence,Existential risk from artificial intelligence,Existential_risk_from_artificial_intelligence,,
908268307,908262037,Montgolfière,11467090,2019-07-28T16:33:43Z,85239,"Re-organized ""Reactions"" section, and renamed it to ""Perspectives."" We shouldn't be arbitrarily mixing together the views of experts and those of random people like Obama, Clinton, etc.",[],Existential_risk_from_artificial_intelligence,Existential risk from artificial intelligence,Existential_risk_from_artificial_intelligence,,
908269484,908268307,Montgolfière,11467090,2019-07-28T16:43:19Z,85267,"Added ""Artificial intelligence"" sidebar template",[],Existential_risk_from_artificial_intelligence,Existential risk from artificial intelligence,Existential_risk_from_artificial_intelligence,,
908269811,908269484,Montgolfière,11467090,2019-07-28T16:45:35Z,85061,Pruned excessively long section headers,[],Existential_risk_from_artificial_intelligence,Existential risk from artificial intelligence,Existential_risk_from_artificial_intelligence,,
908273578,908269811,Montgolfière,11467090,2019-07-28T17:13:11Z,85055,Value alignment is the core problem; an intelligence explosion would not pose an existential risk (in fact it could be greatly beneficial) if the system remained aligned to human values,[],Existential_risk_from_artificial_intelligence,Existential risk from artificial intelligence,Existential_risk_from_artificial_intelligence,,
909083865,908273578,Montgolfière,11467090,2019-08-02T23:48:03Z,83703,Replaced long Butler blockquote with a quote from Alan Turing,[],Existential_risk_from_artificial_intelligence,Existential risk from artificial intelligence,Existential_risk_from_artificial_intelligence,,
910027411,909083865,104.228.197.151,0,2019-08-09T05:41:35Z,83497,"/* Further argument */ Trimming original research/matter of opinion. I don't want to go overboard, but this section contains a lot of statements that are phrased as objective fact rather than part of the framework of a theory.",[],Existential_risk_from_artificial_intelligence,Existential risk from artificial intelligence,Existential_risk_from_artificial_intelligence,True,
910154595,910027411,Montgolfière,11467090,2019-08-10T01:26:01Z,84258,Added extra reference for concerns about goal alignment,[],Existential_risk_from_artificial_intelligence,Existential risk from artificial intelligence,Existential_risk_from_artificial_intelligence,,
910237609,910154595,Sbyrnes321,416440,2019-08-10T17:03:37Z,84308,"fix misleading suggestion that ""resist[ing] attempts to shut it off or change its goals"" is something that happens primarily because of the programming in of human values",[],Existential_risk_from_artificial_intelligence,Existential risk from artificial intelligence,Existential_risk_from_artificial_intelligence,,
910760443,910237609,InternetArchiveBot,27015025,2019-08-14T07:58:09Z,84519,Rescuing 1 sources and tagging 0 as dead. #IABot (v2.0beta15),[],Existential_risk_from_artificial_intelligence,Existential risk from artificial intelligence,Existential_risk_from_artificial_intelligence,,
921471799,910760443,Jarble,7226930,2019-10-15T22:47:07Z,84523,linking,[],Existential_risk_from_artificial_intelligence,Existential risk from artificial intelligence,Existential_risk_from_artificial_intelligence,,
923747433,921471799,Gibranalnn,21741996,2019-10-30T14:54:07Z,84527,/* Instrumental goal convergence */,"['mobile edit', 'mobile web edit', 'advanced mobile edit']",Existential_risk_from_artificial_intelligence,Existential risk from artificial intelligence,Existential_risk_from_artificial_intelligence,,
925266694,923747433,Hopelesswiki,37781188,2019-11-08T23:10:31Z,84535,/* References */,[],Existential_risk_from_artificial_intelligence,Existential risk from artificial intelligence,Existential_risk_from_artificial_intelligence,,
928957144,925266694,Citation bot,7903804,2019-12-02T19:18:26Z,84537,Misc citation tidying. | You can [[WP:UCB|use this bot]] yourself. [[WP:DBUG|Report bugs here]].| Activated by [[User:Nemo bis]] | via #UCB_webform,[],Existential_risk_from_artificial_intelligence,Existential risk from artificial intelligence,Existential_risk_from_artificial_intelligence,,
935409147,928957144,Smeagol 17,7183365,2020-01-12T11:10:57Z,84541,/* Perspectives */,[],Existential_risk_from_artificial_intelligence,Existential risk from artificial intelligence,Existential_risk_from_artificial_intelligence,,
935409481,935409147,Smeagol 17,7183365,2020-01-12T11:15:07Z,84541,/* See also */,[],Existential_risk_from_artificial_intelligence,Existential risk from artificial intelligence,Existential_risk_from_artificial_intelligence,,
935630353,935409481,Sm8900,2274507,2020-01-13T19:25:13Z,84561,added [[Category:Issues]] using [[WP:HC|HotCat]],[],Existential_risk_from_artificial_intelligence,Existential risk from artificial intelligence,Existential_risk_from_artificial_intelligence,,
936909886,935630353,JJMC89 bot III,35936988,2020-01-21T19:51:06Z,84541,Removing [[:Category:Issues]] per [[Wikipedia:Categories for discussion/Log/2020 January 13#Category:Issues]],[],Existential_risk_from_artificial_intelligence,Existential risk from artificial intelligence,Existential_risk_from_artificial_intelligence,,
937867126,936909886,WeyerStudentOfAgrippa,36746535,2020-01-27T18:30:59Z,84545,/* Organizations */ CHAI link,[],Existential_risk_from_artificial_intelligence,Existential risk from artificial intelligence,Existential_risk_from_artificial_intelligence,,
938016841,937867126,WeyerStudentOfAgrippa,36746535,2020-01-28T16:56:45Z,84547,typo,[],Existential_risk_from_artificial_intelligence,Existential risk from artificial intelligence,Existential_risk_from_artificial_intelligence,,
938020710,938016841,WeyerStudentOfAgrippa,36746535,2020-01-28T17:26:22Z,84546,this edit is to record that I copied content from this article to [[Artificial_general_intelligence#Potential_threat_to_human_existence]],[],Existential_risk_from_artificial_intelligence,Existential risk from artificial intelligence,Existential_risk_from_artificial_intelligence,,
938494613,938020710,WeyerStudentOfAgrippa,36746535,2020-01-31T15:19:08Z,84605,short description,[],Existential_risk_from_artificial_intelligence,Existential risk from artificial intelligence,Existential_risk_from_artificial_intelligence,,
940104030,938494613,WeyerStudentOfAgrippa,36746535,2020-02-10T15:29:18Z,84632,/* See also */ book,[],Existential_risk_from_artificial_intelligence,Existential risk from artificial intelligence,Existential_risk_from_artificial_intelligence,,
940107325,940104030,WeyerStudentOfAgrippa,36746535,2020-02-10T15:51:42Z,84455,"/* Consensus against regulation */ clarifying section -- there is obviously not consensus, and regulation =/= banning",[],Existential_risk_from_artificial_intelligence,Existential risk from artificial intelligence,Existential_risk_from_artificial_intelligence,,
941716821,940107325,DemonDays64 Bot,37890503,2020-02-20T06:17:33Z,84460,HTTPS security. [[User talk:DemonDays64|Tell me]] if there's an issue with my edit. (via [[WP:JWB]]),[],Existential_risk_from_artificial_intelligence,Existential risk from artificial intelligence,Existential_risk_from_artificial_intelligence,,
944393172,941716821,Johncdraper,35841168,2020-03-07T15:54:51Z,85154,/* Other sources of risk */ Added Hawking's solution to the control problem.,['visualeditor'],Existential_risk_from_artificial_intelligence,Existential risk from artificial intelligence,Existential_risk_from_artificial_intelligence,,
944602546,944393172,Johncdraper,35841168,2020-03-08T20:44:56Z,85735,/* Intermediate views */ Added a technological utopian viewpoint with citation.,"['visualeditor', 'nowiki added']",Existential_risk_from_artificial_intelligence,Existential risk from artificial intelligence,Existential_risk_from_artificial_intelligence,,
944604218,944602546,Johncdraper,35841168,2020-03-08T20:54:17Z,85737,/* Intermediate views */ ce,['visualeditor'],Existential_risk_from_artificial_intelligence,Existential risk from artificial intelligence,Existential_risk_from_artificial_intelligence,,
944681723,944604218,Johncdraper,35841168,2020-03-09T08:50:37Z,86094,/* Intermediate views */ added cite for techno-utopian standpoint.,['visualeditor'],Existential_risk_from_artificial_intelligence,Existential risk from artificial intelligence,Existential_risk_from_artificial_intelligence,,
945032135,944681723,Johncdraper,35841168,2020-03-11T12:11:47Z,87259,/* Anthropomorphism */ Revised this section to reflect military planners see applications of a conscious superintelligence to interstate warfare.,['visualeditor'],Existential_risk_from_artificial_intelligence,Existential risk from artificial intelligence,Existential_risk_from_artificial_intelligence,,
945033580,945032135,Johncdraper,35841168,2020-03-11T12:25:12Z,87441,/* Other sources of risk */ Added statement + cite on military weaponization of superintelligence.,['visualeditor'],Existential_risk_from_artificial_intelligence,Existential risk from artificial intelligence,Existential_risk_from_artificial_intelligence,,
945069453,945033580,Johncdraper,35841168,2020-03-11T16:54:37Z,87415,/* Anthropomorphism */ ce,['visualeditor'],Existential_risk_from_artificial_intelligence,Existential risk from artificial intelligence,Existential_risk_from_artificial_intelligence,,
945073301,945069453,Johncdraper,35841168,2020-03-11T17:23:29Z,87728,/* Endorsement */ Noted I.J. Good is also well known; expanded on his quote and better contextualized it.,['visualeditor'],Existential_risk_from_artificial_intelligence,Existential risk from artificial intelligence,Existential_risk_from_artificial_intelligence,,
945076795,945073301,Johncdraper,35841168,2020-03-11T17:48:17Z,88497,"/* Other sources of risk */ Provided notable citation for first statement, with elaboration from the citation further in the paragraph.",['visualeditor'],Existential_risk_from_artificial_intelligence,Existential risk from artificial intelligence,Existential_risk_from_artificial_intelligence,,
945088795,945076795,Johncdraper,35841168,2020-03-11T19:05:54Z,88909,"/* Other sources of risk */ Elaborated on Chinese military geopolitical strategic planning, with citation.",['visualeditor'],Existential_risk_from_artificial_intelligence,Existential risk from artificial intelligence,Existential_risk_from_artificial_intelligence,,
945091532,945088795,Johncdraper,35841168,2020-03-11T19:24:43Z,88987,"/* Other sources of risk */ Introduced language of primary and secondary sources, i.e., 'military technological supremacy'.",['visualeditor'],Existential_risk_from_artificial_intelligence,Existential risk from artificial intelligence,Existential_risk_from_artificial_intelligence,,
945099882,945091532,Johncdraper,35841168,2020-03-11T20:24:19Z,90192,/* Other sources of risk */,['visualeditor'],Existential_risk_from_artificial_intelligence,Existential risk from artificial intelligence,Existential_risk_from_artificial_intelligence,,
945100330,945099882,Johncdraper,35841168,2020-03-11T20:27:09Z,88987,Undid revision 945099882 by [[Special:Contributions/Johncdraper|Johncdraper]] ([[User talk:Johncdraper|talk]]),['mw-undo'],Existential_risk_from_artificial_intelligence,Existential risk from artificial intelligence,Existential_risk_from_artificial_intelligence,,
945100904,945100330,Johncdraper,35841168,2020-03-11T20:31:02Z,90192,Undid revision 945100330 by [[Special:Contributions/Johncdraper|Johncdraper]] ([[User talk:Johncdraper|talk]]) Redoing with explanation; Added three specific dangers of AI technological supremacy race; added US DoD moves to establish principles and recommendations for weaponized AI,['mw-undo'],Existential_risk_from_artificial_intelligence,Existential risk from artificial intelligence,Existential_risk_from_artificial_intelligence,,
945376260,945100904,Johncdraper,35841168,2020-03-13T15:37:15Z,90831,/* Perspectives */ Added introductory statement to 'Intermediate Views' section with citation.,['visualeditor-wikitext'],Existential_risk_from_artificial_intelligence,Existential risk from artificial intelligence,Existential_risk_from_artificial_intelligence,,
945386703,945376260,Johncdraper,35841168,2020-03-13T16:59:33Z,92113,"/* Regulation */ Expanded on introductory statement to section, with notable citations.",['visualeditor-wikitext'],Existential_risk_from_artificial_intelligence,Existential risk from artificial intelligence,Existential_risk_from_artificial_intelligence,,
945386932,945386703,Johncdraper,35841168,2020-03-13T17:01:15Z,92162,/* Regulation */ Added wikilink and ce,['visualeditor-wikitext'],Existential_risk_from_artificial_intelligence,Existential risk from artificial intelligence,Existential_risk_from_artificial_intelligence,,
945403598,945386932,WeyerStudentOfAgrippa,36746535,2020-03-13T19:09:00Z,92164,/* Regulation */ breaking into separate paragraphs and changing order for flow,[],Existential_risk_from_artificial_intelligence,Existential risk from artificial intelligence,Existential_risk_from_artificial_intelligence,,
945403849,945403598,WeyerStudentOfAgrippa,36746535,2020-03-13T19:11:10Z,92233,/* See also */ [[The Precipice: Existential Risk and the Future of Humanity]],[],Existential_risk_from_artificial_intelligence,Existential risk from artificial intelligence,Existential_risk_from_artificial_intelligence,,
945411250,945403849,Johncdraper,35841168,2020-03-13T20:06:51Z,92575,/* Intermediate views */ Added technical term for clumsy malevolent AI plus citation.,['visualeditor-wikitext'],Existential_risk_from_artificial_intelligence,Existential risk from artificial intelligence,Existential_risk_from_artificial_intelligence,,
945412137,945411250,Johncdraper,35841168,2020-03-13T20:13:24Z,92821,/* The three difficulties */,['visualeditor-wikitext'],Existential_risk_from_artificial_intelligence,Existential risk from artificial intelligence,Existential_risk_from_artificial_intelligence,,
945412892,945412137,Citation bot,7903804,2020-03-13T20:18:28Z,92361,"Alter: template type, title, pages, journal. Add: doi, date, arxiv, bibcode. Removed URL that duplicated unique identifier. Removed parameters. Formatted [[WP:ENDASH|dashes]]. | You can [[WP:UCB|use this bot]] yourself. [[WP:DBUG|Report bugs here]]. | Activated by [[User:Johncdraper]] | via #UCB_webform",[],Existential_risk_from_artificial_intelligence,Existential risk from artificial intelligence,Existential_risk_from_artificial_intelligence,,
945414904,945412892,Johncdraper,35841168,2020-03-13T20:33:30Z,92988,"/* Views on banning and regulation */ Inserted National Security Commission on Artificial Intelligence, with citations.",['visualeditor-wikitext'],Existential_risk_from_artificial_intelligence,Existential risk from artificial intelligence,Existential_risk_from_artificial_intelligence,,
945651745,945414904,Johncdraper,35841168,2020-03-15T09:42:41Z,93022,"/* Intermediate views */ ce, with Wikilink to Friendly AIs.",['visualeditor'],Existential_risk_from_artificial_intelligence,Existential risk from artificial intelligence,Existential_risk_from_artificial_intelligence,,
945675141,945651745,Johncdraper,35841168,2020-03-15T13:52:33Z,93407,Fixed quote attribution.,['visualeditor'],Existential_risk_from_artificial_intelligence,Existential risk from artificial intelligence,Existential_risk_from_artificial_intelligence,,
945683260,945675141,Johncdraper,35841168,2020-03-15T15:00:36Z,93885,"/* Regulation */ Added introductory statement to DoD report, with citation.",['visualeditor-wikitext'],Existential_risk_from_artificial_intelligence,Existential risk from artificial intelligence,Existential_risk_from_artificial_intelligence,,
945709341,945683260,Keith D,2278355,2020-03-15T17:51:45Z,93921,Fix cite date error,['AWB'],Existential_risk_from_artificial_intelligence,Existential risk from artificial intelligence,Existential_risk_from_artificial_intelligence,,
945747359,945709341,Rolf h nelson,18596103,2020-03-15T22:01:48Z,94224,/* History */ source the interpretation of i.j. good quote,[],Existential_risk_from_artificial_intelligence,Existential risk from artificial intelligence,Existential_risk_from_artificial_intelligence,,
945803136,945747359,AnomieBOT,7611264,2020-03-16T06:25:34Z,94566,"Rescuing orphaned refs ("":1"" from rev 945651745)",[],Existential_risk_from_artificial_intelligence,Existential risk from artificial intelligence,Existential_risk_from_artificial_intelligence,,
946212273,945803136,Johncdraper,35841168,2020-03-18T20:04:14Z,95318,/* Other sources of risk */ Divided into Competition/Weaponization sections and added subsection on Competition.,['visualeditor'],Existential_risk_from_artificial_intelligence,Existential risk from artificial intelligence,Existential_risk_from_artificial_intelligence,,
946214145,946212273,Johncdraper,35841168,2020-03-18T20:18:11Z,95384,/* Competition */ Added mention of US Brain Initiative.,['visualeditor'],Existential_risk_from_artificial_intelligence,Existential risk from artificial intelligence,Existential_risk_from_artificial_intelligence,,
946235288,946214145,Monkbot,20483999,2020-03-18T22:49:35Z,95383,[[User:Monkbot/task_14: repair improper use of publisher params in cs1 templates|Task 14]]:  cs1 template fixes: misused |publisher= (0×/3×);,['AWB'],Existential_risk_from_artificial_intelligence,Existential risk from artificial intelligence,Existential_risk_from_artificial_intelligence,,
946606974,946235288,SaiHate666,38815155,2020-03-21T07:09:02Z,96127,,[],Existential_risk_from_artificial_intelligence,Existential risk from artificial intelligence,Existential_risk_from_artificial_intelligence,,
946607180,946606974,Hammmmaaaatria,38815171,2020-03-21T07:11:34Z,96128,/* Intermediate views */,[],Existential_risk_from_artificial_intelligence,Existential risk from artificial intelligence,Existential_risk_from_artificial_intelligence,,
946618354,946607180,Johncdraper,35841168,2020-03-21T09:31:50Z,95247,"/* Intermediate views */ Edited bizarre framing of Kaplan and Haenlein mention, rescued 'Popular reaction' subheading and reorganised paras.",['visualeditor'],Existential_risk_from_artificial_intelligence,Existential risk from artificial intelligence,Existential_risk_from_artificial_intelligence,,
946618434,946618354,Johncdraper,35841168,2020-03-21T09:32:44Z,95245,Deleted carriage returns.,['visualeditor'],Existential_risk_from_artificial_intelligence,Existential risk from artificial intelligence,Existential_risk_from_artificial_intelligence,,
946744681,946618434,Rolf h nelson,18596103,2020-03-22T03:39:08Z,94806,"Remove recent kaplan addition (Not an Improvement), feel free to bring up on Talk page",[],Existential_risk_from_artificial_intelligence,Existential risk from artificial intelligence,Existential_risk_from_artificial_intelligence,,
946797207,946744681,Johncdraper,35841168,2020-03-22T13:47:50Z,95628,/* Competition */ Added pre-emptive nuclear strike,['visualeditor'],Existential_risk_from_artificial_intelligence,Existential risk from artificial intelligence,Existential_risk_from_artificial_intelligence,,
946816929,946797207,Geysirhead,38132428,2020-03-22T16:26:11Z,95659,/* See also */,[],Existential_risk_from_artificial_intelligence,Existential risk from artificial intelligence,Existential_risk_from_artificial_intelligence,,
946817335,946816929,Geysirhead,38132428,2020-03-22T16:29:39Z,95698,/* Regulation */,[],Existential_risk_from_artificial_intelligence,Existential risk from artificial intelligence,Existential_risk_from_artificial_intelligence,,
946817603,946817335,Johncdraper,35841168,2020-03-22T16:31:27Z,95696,/* See also */ Alphabetical ordering,['visualeditor'],Existential_risk_from_artificial_intelligence,Existential risk from artificial intelligence,Existential_risk_from_artificial_intelligence,,
947110932,946817603,Johncdraper,35841168,2020-03-24T11:12:26Z,95777,/* Regulation */ Added see also to Regulation of artificial intelligence,['visualeditor'],Existential_risk_from_artificial_intelligence,Existential risk from artificial intelligence,Existential_risk_from_artificial_intelligence,,
947165156,947110932,Johncdraper,35841168,2020-03-24T18:08:43Z,96616,"/* Regulation */ Added sentences on regulation of research into AGI and on regulation of AGIs, with citation. Attribution: content in this article was copied from Regulation of artificial intelligence on March 24, 2020. Please see the history of that page for full attribution.",['visualeditor'],Existential_risk_from_artificial_intelligence,Existential risk from artificial intelligence,Existential_risk_from_artificial_intelligence,,
947753640,947165156,Geysirhead,38132428,2020-03-28T07:26:22Z,96578,/* Regulation */,[],Existential_risk_from_artificial_intelligence,Existential risk from artificial intelligence,Existential_risk_from_artificial_intelligence,,
947766409,947753640,Johncdraper,35841168,2020-03-28T10:04:45Z,96616,Undid revision 947753640 by [[Special:Contributions/Geysirhead|Geysirhead]] ([[User talk:Geysirhead|talk]]) Both see alsos are relevant; I am in the process of building the Regulation of AI as a main page for the subject,['mw-undo'],Existential_risk_from_artificial_intelligence,Existential risk from artificial intelligence,Existential_risk_from_artificial_intelligence,,
947872373,947766409,JJMC89 bot III,35936988,2020-03-28T23:48:36Z,96621,Moving [[:Category:Futurology]] to [[:Category:Futures studies]] per [[Wikipedia:Categories for discussion/Speedy]],[],Existential_risk_from_artificial_intelligence,Existential risk from artificial intelligence,Existential_risk_from_artificial_intelligence,,
947949365,947872373,Geysirhead,38132428,2020-03-29T10:03:41Z,96643,/* See also */,[],Existential_risk_from_artificial_intelligence,Existential risk from artificial intelligence,Existential_risk_from_artificial_intelligence,,
948032587,947949365,Johncdraper,35841168,2020-03-29T20:20:01Z,97386,"Added malevolent AGI by design, with citations.",['visualeditor'],Existential_risk_from_artificial_intelligence,Existential risk from artificial intelligence,Existential_risk_from_artificial_intelligence,,
948033037,948032587,Citation bot,7903804,2020-03-29T20:23:18Z,96928,Alter: journal. Add: pages. Removed URL that duplicated unique identifier. Removed parameters. Formatted [[WP:ENDASH|dashes]]. | You can [[WP:UCB|use this bot]] yourself. [[WP:DBUG|Report bugs here]]. | Activated by [[User:Johncdraper]] | via #UCB_webform,[],Existential_risk_from_artificial_intelligence,Existential risk from artificial intelligence,Existential_risk_from_artificial_intelligence,,
948059703,948033037,Rolf h nelson,18596103,2020-03-29T23:00:55Z,96906,Undid revision 947949365 by [[Special:Contributions/Geysirhead|Geysirhead]] ([[User talk:Geysirhead|talk]]) IMO Butlerian Jihad is not in top 15 things to link to here,['mw-undo'],Existential_risk_from_artificial_intelligence,Existential risk from artificial intelligence,Existential_risk_from_artificial_intelligence,,
948183682,948059703,Johncdraper,35841168,2020-03-30T16:25:57Z,98285,"Added politicization of superintelligence science, with citation",['visualeditor'],Existential_risk_from_artificial_intelligence,Existential risk from artificial intelligence,Existential_risk_from_artificial_intelligence,,
948188391,948183682,Johncdraper,35841168,2020-03-30T16:55:23Z,98725,Added 'evil AI' with citation.,['visualeditor'],Existential_risk_from_artificial_intelligence,Existential risk from artificial intelligence,Existential_risk_from_artificial_intelligence,,
948285830,948188391,Rolf h nelson,18596103,2020-03-31T05:26:29Z,98285,"Undid revision 948188391 by [[Special:Contributions/Johncdraper|Johncdraper]] ([[User talk:Johncdraper|talk]]) Unclear what is meant here by ""itself choosing""",['mw-undo'],Existential_risk_from_artificial_intelligence,Existential risk from artificial intelligence,Existential_risk_from_artificial_intelligence,,
948286484,948285830,Rolf h nelson,18596103,2020-03-31T05:34:21Z,97718,/* Politicization of superintelligence science */ over-explaining,[],Existential_risk_from_artificial_intelligence,Existential risk from artificial intelligence,Existential_risk_from_artificial_intelligence,,
948287965,948286484,Rolf h nelson,18596103,2020-03-31T05:50:35Z,97506,integrate politicization to regulation section,[],Existential_risk_from_artificial_intelligence,Existential risk from artificial intelligence,Existential_risk_from_artificial_intelligence,,
948305241,948287965,Johncdraper,35841168,2020-03-31T08:49:57Z,98044,"Added back in 'Evil AI - Roko's Basilisk, basically), with better explanation.",['visualeditor'],Existential_risk_from_artificial_intelligence,Existential risk from artificial intelligence,Existential_risk_from_artificial_intelligence,,
948312863,948305241,Johncdraper,35841168,2020-03-31T10:11:01Z,101015,"Added main section on 'Taxonomical frameworks', with three notable frameworks with citations, based on a literature review. This could aid in eventual restructuring of this page.",['visualeditor'],Existential_risk_from_artificial_intelligence,Existential risk from artificial intelligence,Existential_risk_from_artificial_intelligence,,
948346177,948312863,WeyerStudentOfAgrippa,36746535,2020-03-31T15:05:06Z,98044,/* Taxonomical frameworks */ Boldly removing new section.  This does not improve the article as is; it's just a few paper summaries thrown together.  The sources may be able to contribute if integrated into the existing structure of the article.,[],Existential_risk_from_artificial_intelligence,Existential risk from artificial intelligence,Existential_risk_from_artificial_intelligence,,
948487536,948346177,Johncdraper,35841168,2020-04-01T08:52:37Z,98058,Added page no. for quote in Weaponization of AI,['visualeditor'],Existential_risk_from_artificial_intelligence,Existential risk from artificial intelligence,Existential_risk_from_artificial_intelligence,,
948557078,948487536,Johncdraper,35841168,2020-04-01T18:10:08Z,98109,Replaced Slate citation for first sentence with academic reference which presents meta-survey and classification of AGI risks.,['visualeditor'],Existential_risk_from_artificial_intelligence,Existential risk from artificial intelligence,Existential_risk_from_artificial_intelligence,,
948747226,948557078,WeyerStudentOfAgrippa,36746535,2020-04-02T20:31:45Z,97868,/* Anthropomorphism */ not encyclopedic,[],Existential_risk_from_artificial_intelligence,Existential risk from artificial intelligence,Existential_risk_from_artificial_intelligence,,
948747960,948747226,WeyerStudentOfAgrippa,36746535,2020-04-02T20:35:23Z,97868,/* Timeframe */ square brackets,[],Existential_risk_from_artificial_intelligence,Existential risk from artificial intelligence,Existential_risk_from_artificial_intelligence,,
948750547,948747960,WeyerStudentOfAgrippa,36746535,2020-04-02T20:46:41Z,97880,/* Endorsement */ fixing Gates quotes,[],Existential_risk_from_artificial_intelligence,Existential risk from artificial intelligence,Existential_risk_from_artificial_intelligence,,
948751453,948750547,WeyerStudentOfAgrippa,36746535,2020-04-02T20:50:43Z,97885,/* Popular reaction */ contraction and italics,[],Existential_risk_from_artificial_intelligence,Existential risk from artificial intelligence,Existential_risk_from_artificial_intelligence,,
948754257,948751453,WeyerStudentOfAgrippa,36746535,2020-04-02T21:06:40Z,98092,/* Orthogonality thesis */ Armstrong ref,[],Existential_risk_from_artificial_intelligence,Existential risk from artificial intelligence,Existential_risk_from_artificial_intelligence,,
948755029,948754257,WeyerStudentOfAgrippa,36746535,2020-04-02T21:11:30Z,98090,/* Orthogonality thesis */ removing ellipsis -- only whitespace was omitted,[],Existential_risk_from_artificial_intelligence,Existential risk from artificial intelligence,Existential_risk_from_artificial_intelligence,,
948757231,948755029,WeyerStudentOfAgrippa,36746535,2020-04-02T21:24:22Z,98083,/* Orthogonality thesis */ Chorost paragraph,[],Existential_risk_from_artificial_intelligence,Existential risk from artificial intelligence,Existential_risk_from_artificial_intelligence,,
948758165,948757231,WeyerStudentOfAgrippa,36746535,2020-04-02T21:31:17Z,98079,/* Possible scenarios */ dashes,[],Existential_risk_from_artificial_intelligence,Existential risk from artificial intelligence,Existential_risk_from_artificial_intelligence,,
948758957,948758165,WeyerStudentOfAgrippa,36746535,2020-04-02T21:36:47Z,97288,/* Possible scenarios */ removing bad paragraph,[],Existential_risk_from_artificial_intelligence,Existential risk from artificial intelligence,Existential_risk_from_artificial_intelligence,,
948759774,948758957,WeyerStudentOfAgrippa,36746535,2020-04-02T21:41:28Z,97412,/* Possible scenarios */ ref + page needed,[],Existential_risk_from_artificial_intelligence,Existential risk from artificial intelligence,Existential_risk_from_artificial_intelligence,,
948760138,948759774,WeyerStudentOfAgrippa,36746535,2020-04-02T21:43:30Z,97405,/* Possible scenarios */ no need for large quote,[],Existential_risk_from_artificial_intelligence,Existential risk from artificial intelligence,Existential_risk_from_artificial_intelligence,,
948761972,948760138,WeyerStudentOfAgrippa,36746535,2020-04-02T21:54:53Z,97109,/* Possible scenarios */ Bostrom paragraph -- still weak,[],Existential_risk_from_artificial_intelligence,Existential risk from artificial intelligence,Existential_risk_from_artificial_intelligence,,
948762375,948761972,WeyerStudentOfAgrippa,36746535,2020-04-02T21:57:34Z,97124,/* Possible scenarios */ Tegmark paragraph,[],Existential_risk_from_artificial_intelligence,Existential risk from artificial intelligence,Existential_risk_from_artificial_intelligence,,
948762916,948762375,WeyerStudentOfAgrippa,36746535,2020-04-02T22:00:59Z,97124,"/* The three difficulties */ square brackets once again, see [[MOS:BRACKET]]",[],Existential_risk_from_artificial_intelligence,Existential risk from artificial intelligence,Existential_risk_from_artificial_intelligence,,
948763316,948762916,WeyerStudentOfAgrippa,36746535,2020-04-02T22:03:23Z,97151,/* The three difficulties */ quotes,[],Existential_risk_from_artificial_intelligence,Existential risk from artificial intelligence,Existential_risk_from_artificial_intelligence,,
948815806,948763316,Rolf h nelson,18596103,2020-04-03T05:06:55Z,97140,"/* Possible scenarios */ Specify end of bostrom scenario. This is in chapter 8, I could add Kindle locations if desired",[],Existential_risk_from_artificial_intelligence,Existential risk from artificial intelligence,Existential_risk_from_artificial_intelligence,,
948853673,948815806,WeyerStudentOfAgrippa,36746535,2020-04-03T12:05:09Z,97140,"""AI spring"" to be consistent with [[AI winter]]",[],Existential_risk_from_artificial_intelligence,Existential risk from artificial intelligence,Existential_risk_from_artificial_intelligence,,
948856444,948853673,WeyerStudentOfAgrippa,36746535,2020-04-03T12:35:07Z,97150,/* Regulation */ quote,[],Existential_risk_from_artificial_intelligence,Existential risk from artificial intelligence,Existential_risk_from_artificial_intelligence,,
948856910,948856444,WeyerStudentOfAgrippa,36746535,2020-04-03T12:39:25Z,97158,/* Timeframe */ nbsp per [[MOS:ELLIPSIS]],[],Existential_risk_from_artificial_intelligence,Existential risk from artificial intelligence,Existential_risk_from_artificial_intelligence,,
948861015,948856910,WeyerStudentOfAgrippa,36746535,2020-04-03T13:14:56Z,97111,/* Orthogonality thesis */ Armstrong paragraph,[],Existential_risk_from_artificial_intelligence,Existential risk from artificial intelligence,Existential_risk_from_artificial_intelligence,,
948861358,948861015,WeyerStudentOfAgrippa,36746535,2020-04-03T13:17:38Z,97112,/* Instrumental goal convergence */ contraction,[],Existential_risk_from_artificial_intelligence,Existential risk from artificial intelligence,Existential_risk_from_artificial_intelligence,,
948861659,948861358,WeyerStudentOfAgrippa,36746535,2020-04-03T13:19:59Z,97128,/* Instrumental goal convergence */ Russell + ellipses,[],Existential_risk_from_artificial_intelligence,Existential risk from artificial intelligence,Existential_risk_from_artificial_intelligence,,
948861847,948861659,WeyerStudentOfAgrippa,36746535,2020-04-03T13:21:48Z,97134,/* Instrumental goal convergence */ names,[],Existential_risk_from_artificial_intelligence,Existential risk from artificial intelligence,Existential_risk_from_artificial_intelligence,,
948862168,948861847,WeyerStudentOfAgrippa,36746535,2020-04-03T13:23:49Z,97156,/* Instrumental goal convergence */ Russell link,[],Existential_risk_from_artificial_intelligence,Existential risk from artificial intelligence,Existential_risk_from_artificial_intelligence,,
948863182,948862168,WeyerStudentOfAgrippa,36746535,2020-04-03T13:31:21Z,96582,/* Possible scenarios */ shortening Tegmark paragraph,[],Existential_risk_from_artificial_intelligence,Existential risk from artificial intelligence,Existential_risk_from_artificial_intelligence,,
948863587,948863182,WeyerStudentOfAgrippa,36746535,2020-04-03T13:34:30Z,96584,/* Further argument */ contractions,[],Existential_risk_from_artificial_intelligence,Existential risk from artificial intelligence,Existential_risk_from_artificial_intelligence,,
948863714,948863587,WeyerStudentOfAgrippa,36746535,2020-04-03T13:35:36Z,96585,/* Further argument */ paragraph break,[],Existential_risk_from_artificial_intelligence,Existential risk from artificial intelligence,Existential_risk_from_artificial_intelligence,,
948863857,948863714,WeyerStudentOfAgrippa,36746535,2020-04-03T13:36:40Z,96586,/* Further argument */ comma,[],Existential_risk_from_artificial_intelligence,Existential risk from artificial intelligence,Existential_risk_from_artificial_intelligence,,
948864010,948863857,WeyerStudentOfAgrippa,36746535,2020-04-03T13:37:53Z,96593,/* Endorsement */ nbsp,[],Existential_risk_from_artificial_intelligence,Existential risk from artificial intelligence,Existential_risk_from_artificial_intelligence,,
948864291,948864010,WeyerStudentOfAgrippa,36746535,2020-04-03T13:40:10Z,96593,/* The three difficulties */ punctuation consistency,[],Existential_risk_from_artificial_intelligence,Existential risk from artificial intelligence,Existential_risk_from_artificial_intelligence,,
948865233,948864291,WeyerStudentOfAgrippa,36746535,2020-04-03T13:47:39Z,96653,/* History */ NYT sentence,[],Existential_risk_from_artificial_intelligence,Existential risk from artificial intelligence,Existential_risk_from_artificial_intelligence,,
949205767,948865233,Rolf h nelson,18596103,2020-04-05T05:02:54Z,99653,/* Views on banning and regulation */ Proposed actions,[],Existential_risk_from_artificial_intelligence,Existential risk from artificial intelligence,Existential_risk_from_artificial_intelligence,,
949254325,949205767,WeyerStudentOfAgrippa,36746535,2020-04-05T12:43:23Z,99714,/* Perspectives */ miscellaneous,[],Existential_risk_from_artificial_intelligence,Existential risk from artificial intelligence,Existential_risk_from_artificial_intelligence,,
949255036,949254325,WeyerStudentOfAgrippa,36746535,2020-04-05T12:49:05Z,99714,/* Perspectives */ comma,[],Existential_risk_from_artificial_intelligence,Existential risk from artificial intelligence,Existential_risk_from_artificial_intelligence,,
949255369,949255036,WeyerStudentOfAgrippa,36746535,2020-04-05T12:52:17Z,99683,/* Perspectives */ Russell name instances,[],Existential_risk_from_artificial_intelligence,Existential risk from artificial intelligence,Existential_risk_from_artificial_intelligence,,
949256642,949255369,WeyerStudentOfAgrippa,36746535,2020-04-05T13:02:07Z,99481,/* Skepticism */ Bell and Moore not mentioned in Shermer source,[],Existential_risk_from_artificial_intelligence,Existential risk from artificial intelligence,Existential_risk_from_artificial_intelligence,,
949257615,949256642,WeyerStudentOfAgrippa,36746535,2020-04-05T13:10:00Z,99500,/* Mitigation proposals */ reorganizing,[],Existential_risk_from_artificial_intelligence,Existential risk from artificial intelligence,Existential_risk_from_artificial_intelligence,,
949257783,949257615,WeyerStudentOfAgrippa,36746535,2020-04-05T13:11:31Z,99470,merging organizations section into mitigation section,[],Existential_risk_from_artificial_intelligence,Existential risk from artificial intelligence,Existential_risk_from_artificial_intelligence,,
949258126,949257783,WeyerStudentOfAgrippa,36746535,2020-04-05T13:14:58Z,99476,moving control problem see also,[],Existential_risk_from_artificial_intelligence,Existential risk from artificial intelligence,Existential_risk_from_artificial_intelligence,,
949258545,949258126,WeyerStudentOfAgrippa,36746535,2020-04-05T13:18:38Z,99518,/* Mitigation */ link,[],Existential_risk_from_artificial_intelligence,Existential risk from artificial intelligence,Existential_risk_from_artificial_intelligence,,
949263085,949258545,WeyerStudentOfAgrippa,36746535,2020-04-05T13:53:17Z,99485,/* Regulation */ removing unnecessary expansion + changing to established term,[],Existential_risk_from_artificial_intelligence,Existential risk from artificial intelligence,Existential_risk_from_artificial_intelligence,,
949656179,949263085,Iridescent,937705,2020-04-07T19:11:14Z,99477,"Cleanup and [[WP:AWB/T|typo fixing]], [[WP:AWB/T|typo(s) fixed]]: ’s → 's (4)",['AWB'],Existential_risk_from_artificial_intelligence,Existential risk from artificial intelligence,Existential_risk_from_artificial_intelligence,,
949730699,949656179,Rolf h nelson,18596103,2020-04-08T05:42:11Z,99990,"/* Skepticism */ If sources were the concern, I re-added the source for Bell and Moore quotes",[],Existential_risk_from_artificial_intelligence,Existential risk from artificial intelligence,Existential_risk_from_artificial_intelligence,,
949750501,949730699,WeyerStudentOfAgrippa,36746535,2020-04-08T09:30:19Z,99990,/* Skepticism */ brackets,[],Existential_risk_from_artificial_intelligence,Existential risk from artificial intelligence,Existential_risk_from_artificial_intelligence,,
951068096,949750501,OAbot,28481209,2020-04-15T09:20:28Z,100170,"[[Wikipedia:OABOT|Open access bot]]: doi, arxiv added to citation with #oabot.",[],Existential_risk_from_artificial_intelligence,Existential risk from artificial intelligence,Existential_risk_from_artificial_intelligence,,
952160567,951068096,Abscisses,38698018,2020-04-20T21:10:42Z,100427,/* Skepticism */ fix citation,['visualeditor'],Existential_risk_from_artificial_intelligence,Existential risk from artificial intelligence,Existential_risk_from_artificial_intelligence,,
952160710,952160567,Abscisses,38698018,2020-04-20T21:11:42Z,100385,/* Skepticism */,['visualeditor'],Existential_risk_from_artificial_intelligence,Existential risk from artificial intelligence,Existential_risk_from_artificial_intelligence,,
952171249,952160710,84.0.183.92,0,2020-04-20T22:15:12Z,100397,,"['mobile edit', 'mobile web edit']",Existential_risk_from_artificial_intelligence,Existential risk from artificial intelligence,Existential_risk_from_artificial_intelligence,True,
952171324,952171249,Materialscientist,7852030,2020-04-20T22:15:45Z,100385,Reverted edits by [[Special:Contributions/84.0.183.92|84.0.183.92]] ([[User talk:84.0.183.92|talk]]) ([[WP:HG|HG]]) (3.4.10),"['huggle', 'mw-rollback']",Existential_risk_from_artificial_intelligence,Existential risk from artificial intelligence,Existential_risk_from_artificial_intelligence,,
952600411,952171324,Rolf h nelson,18596103,2020-04-23T02:57:56Z,100416,"""stupendous con"" quote is from ''Atlantic''",[],Existential_risk_from_artificial_intelligence,Existential risk from artificial intelligence,Existential_risk_from_artificial_intelligence,,
952631270,952600411,Johncdraper,35841168,2020-04-23T07:50:08Z,100430,"/* Skepticism */ I shifted Lanier's comment to 2014, when he made it. A lot has happened in 6 years.",['visualeditor'],Existential_risk_from_artificial_intelligence,Existential risk from artificial intelligence,Existential_risk_from_artificial_intelligence,,
952631684,952631270,Johncdraper,35841168,2020-04-23T07:53:57Z,100431,/* Skepticism */ ce,['visualeditor'],Existential_risk_from_artificial_intelligence,Existential risk from artificial intelligence,Existential_risk_from_artificial_intelligence,,
953938610,952631684,Citation bot,7903804,2020-04-29T20:55:09Z,100293,Alter: journal. Removed URL that duplicated unique identifier. | You can [[WP:UCB|use this bot]] yourself. [[WP:DBUG|Report bugs here]]. | Activated by Amigao | [[Category:Futures studies]] | via #UCB_Category,[],Existential_risk_from_artificial_intelligence,Existential risk from artificial intelligence,Existential_risk_from_artificial_intelligence,,
955724307,953938610,Rjwilmsi,203434,2020-05-09T12:31:40Z,100498,"Journal cites:, templated 2 journal cites",['AWB'],Existential_risk_from_artificial_intelligence,Existential risk from artificial intelligence,Existential_risk_from_artificial_intelligence,,
956563373,955724307,GreenC bot,27823944,2020-05-14T02:07:18Z,100288,Removed 1 archive link. [[User:GreenC/WaybackMedic_2.5|Wayback Medic 2.5]],[],Existential_risk_from_artificial_intelligence,Existential risk from artificial intelligence,Existential_risk_from_artificial_intelligence,,
956608314,956563373,Isaidnoway,16528233,2020-05-14T08:26:36Z,100286,[[Help:CS1 errors#apostrophe markup|italic or bold markup]] not allowed in parameter,[],Existential_risk_from_artificial_intelligence,Existential risk from artificial intelligence,Existential_risk_from_artificial_intelligence,,
958355518,956608314,Rjwilmsi,203434,2020-05-23T10:05:47Z,100342,"Journal cites:, added 2 Bibcodes",['AWB'],Existential_risk_from_artificial_intelligence,Existential risk from artificial intelligence,Existential_risk_from_artificial_intelligence,,
959985879,958355518,86.129.117.3,0,2020-05-31T15:25:02Z,100356,Linkified to actually what the sentence is precisely referring to i.e. [[AlphaZero]],[],Existential_risk_from_artificial_intelligence,Existential risk from artificial intelligence,Existential_risk_from_artificial_intelligence,True,
960291286,959985879,Rolf h nelson,18596103,2020-06-02T04:12:09Z,100342,"Undid revision 959985879 by [[Special:Contributions/86.129.117.3|86.129.117.3]] ([[User talk:86.129.117.3|talk]]) [[MOS:SUBMARINE]]; either add mention of AlphaZero to the visible text, or leave it out as a link",['mw-undo'],Existential_risk_from_artificial_intelligence,Existential risk from artificial intelligence,Existential_risk_from_artificial_intelligence,,
960297394,960291286,86.129.117.3,0,2020-06-02T05:15:29Z,100347,"As previous editor rightly suggested, mentioned [[AlphaZero]] explicitly. At the same reformulated the sentence so that the examples are about the AI's and not simply about the domain which is too vague. Mentioning ""arithmetic"" without mentioning any kind of AIs or even what kind of processing applies to it, is really too vague to be of value informatively speaking.",[],Existential_risk_from_artificial_intelligence,Existential risk from artificial intelligence,Existential_risk_from_artificial_intelligence,True,
963530876,960297394,John of Reading,11308236,2020-06-20T09:01:41Z,100342,"/* Anthropomorphism */Typo fixing, replaced: that that an → that an",['AWB'],Existential_risk_from_artificial_intelligence,Existential risk from artificial intelligence,Existential_risk_from_artificial_intelligence,,
968099275,963530876,Leotext,35660059,2020-07-17T06:53:29Z,100333,/* Popular reaction */,[],Existential_risk_from_artificial_intelligence,Existential risk from artificial intelligence,Existential_risk_from_artificial_intelligence,,
968249712,968099275,58.7.181.33,0,2020-07-18T05:40:38Z,100348,Minor edit to highlight a comment.,[],Existential_risk_from_artificial_intelligence,Existential risk from artificial intelligence,Existential_risk_from_artificial_intelligence,True,
969013502,968249712,WeyerStudentOfAgrippa,36746535,2020-07-22T21:37:21Z,100321,comma and sentence,[],Existential_risk_from_artificial_intelligence,Existential risk from artificial intelligence,Existential_risk_from_artificial_intelligence,,
969017065,969013502,WeyerStudentOfAgrippa,36746535,2020-07-22T22:08:02Z,100114,removing unnecessary detail from lead section and clarifying,[],Existential_risk_from_artificial_intelligence,Existential risk from artificial intelligence,Existential_risk_from_artificial_intelligence,,
969257501,969017065,ExperiencedArticleFixer,24109244,2020-07-24T09:47:48Z,100107,"There were already autonomous robots at the time, see [[Autonomous robot|History and development]]",[],Existential_risk_from_artificial_intelligence,Existential risk from artificial intelligence,Existential_risk_from_artificial_intelligence,,
969257858,969257501,ExperiencedArticleFixer,24109244,2020-07-24T09:51:21Z,100114,Undid revision 969257501 by [[Special:Contributions/ExperiencedArticleFixer|ExperiencedArticleFixer]] ([[User talk:ExperiencedArticleFixer|talk]]),['mw-undo'],Existential_risk_from_artificial_intelligence,Existential risk from artificial intelligence,Existential_risk_from_artificial_intelligence,,
969292237,969257858,LaundryPizza03,32694456,2020-07-24T15:03:39Z,100092,[[WP:YOU]],[],Existential_risk_from_artificial_intelligence,Existential risk from artificial intelligence,Existential_risk_from_artificial_intelligence,,
970435585,969292237,41.75.220.113,0,2020-07-31T08:15:53Z,100129,Adding price to read this title,"['mobile edit', 'mobile web edit']",Existential_risk_from_artificial_intelligence,Existential risk from artificial intelligence,Existential_risk_from_artificial_intelligence,True,
970452580,970435585,153.96.12.26,0,2020-07-31T11:11:44Z,100092,Text deleted which made no sense and was not connected to the rest of the text.,['mw-manual-revert'],Existential_risk_from_artificial_intelligence,Existential risk from artificial intelligence,Existential_risk_from_artificial_intelligence,True,
971657996,970452580,Geysirhead,38132428,2020-08-07T13:15:14Z,100090,/* Difficulties of modifying goal specification after launch */ corrected the sentence,[],Existential_risk_from_artificial_intelligence,Existential risk from artificial intelligence,Existential_risk_from_artificial_intelligence,,
971670401,971657996,Geysirhead,38132428,2020-08-07T14:33:57Z,100094,/* Malevolent AGI by design */ link added,[],Existential_risk_from_artificial_intelligence,Existential risk from artificial intelligence,Existential_risk_from_artificial_intelligence,,
971678282,971670401,WeyerStudentOfAgrippa,36746535,2020-08-07T15:32:25Z,100092,reverting -- not improvements,['mw-undo'],Existential_risk_from_artificial_intelligence,Existential risk from artificial intelligence,Existential_risk_from_artificial_intelligence,,
971890309,971678282,WeyerStudentOfAgrippa,36746535,2020-08-08T21:49:38Z,100100,/* Timeframe */ fixing harvnb ref,[],Existential_risk_from_artificial_intelligence,Existential risk from artificial intelligence,Existential_risk_from_artificial_intelligence,,
971893232,971890309,WeyerStudentOfAgrippa,36746535,2020-08-08T22:15:23Z,100256,/* Timeframe */ adding a real ref,[],Existential_risk_from_artificial_intelligence,Existential risk from artificial intelligence,Existential_risk_from_artificial_intelligence,,
972006695,971893232,Geysirhead,38132428,2020-08-09T16:59:51Z,100254,"/* Difficulties of modifying goal specification after launch */ it was not Ghandi himself, but a man named ''Ghandi""",[],Existential_risk_from_artificial_intelligence,Existential risk from artificial intelligence,Existential_risk_from_artificial_intelligence,,
972006729,972006695,Geysirhead,38132428,2020-08-09T17:00:11Z,100256,/* Difficulties of modifying goal specification after launch */ correction,[],Existential_risk_from_artificial_intelligence,Existential risk from artificial intelligence,Existential_risk_from_artificial_intelligence,,
972160336,972006729,WeyerStudentOfAgrippa,36746535,2020-08-10T14:25:41Z,100242,/* Difficulties of modifying goal specification after launch */ then drop the name,[],Existential_risk_from_artificial_intelligence,Existential risk from artificial intelligence,Existential_risk_from_artificial_intelligence,,
972163459,972160336,WeyerStudentOfAgrippa,36746535,2020-08-10T14:51:01Z,100425,/* Difficulties of modifying goal specification after launch */ more useful ref + clarification,[],Existential_risk_from_artificial_intelligence,Existential risk from artificial intelligence,Existential_risk_from_artificial_intelligence,,
973411648,972163459,162.223.181.182,0,2020-08-17T02:16:51Z,100422,/* Malevolent AGI by design */Typo fix,"['mobile edit', 'mobile web edit']",Existential_risk_from_artificial_intelligence,Existential risk from artificial intelligence,Existential_risk_from_artificial_intelligence,True,
977466530,973411648,49.184.186.40,0,2020-09-09T00:56:10Z,100989,New research addition: AI's intrinsic amorality,"['mobile edit', 'mobile web edit', 'visualeditor']",Existential_risk_from_artificial_intelligence,Existential risk from artificial intelligence,Existential_risk_from_artificial_intelligence,True,
977467703,977466530,49.184.186.40,0,2020-09-09T01:04:26Z,101155,Further clarification of the relevant research conclusions.,"['mobile edit', 'mobile web edit', 'visualeditor']",Existential_risk_from_artificial_intelligence,Existential risk from artificial intelligence,Existential_risk_from_artificial_intelligence,True,
977537531,977467703,WeyerStudentOfAgrippa,36746535,2020-09-09T12:29:35Z,100422,not an RS,['mw-undo'],Existential_risk_from_artificial_intelligence,Existential risk from artificial intelligence,Existential_risk_from_artificial_intelligence,,
977670024,977537531,Citation bot,7903804,2020-09-10T07:17:11Z,100534,"Alter: journal. Add: s2cid, author pars. 1-1. Removed parameters. Some additions/deletions were actually parameter name changes. | You can [[WP:UCB|use this bot]] yourself. [[WP:DBUG|Report bugs here]]. | Suggested by SemperIocundus | via #UCB_webform",[],Existential_risk_from_artificial_intelligence,Existential risk from artificial intelligence,Existential_risk_from_artificial_intelligence,,
983091957,977670024,Terraflorin,13079755,2020-10-12T05:43:55Z,100713,,[],Existential_risk_from_artificial_intelligence,Existential risk from artificial intelligence,Existential_risk_from_artificial_intelligence,,
984151900,983091957,Ego.Eudaimonia,39509999,2020-10-18T14:19:37Z,101234,/* Endorsement */ Added Ord's probability estimate + source,['visualeditor'],Existential_risk_from_artificial_intelligence,Existential risk from artificial intelligence,Existential_risk_from_artificial_intelligence,,
984214907,984151900,WeyerStudentOfAgrippa,36746535,2020-10-18T21:42:55Z,101234,/* Endorsement */ note position,[],Existential_risk_from_artificial_intelligence,Existential risk from artificial intelligence,Existential_risk_from_artificial_intelligence,,
984367664,984214907,Wingman4l7,12487726,2020-10-19T19:06:24Z,101281,/* Regulation */ -- improved ref,[],Existential_risk_from_artificial_intelligence,Existential risk from artificial intelligence,Existential_risk_from_artificial_intelligence,,
984368746,984367664,Wingman4l7,12487726,2020-10-19T19:13:11Z,101333,/* Timeframe */ -- improved refs,[],Existential_risk_from_artificial_intelligence,Existential risk from artificial intelligence,Existential_risk_from_artificial_intelligence,,
984369254,984368746,Wingman4l7,12487726,2020-10-19T19:16:33Z,101445,/* Timeframe */ -- improved refs,[],Existential_risk_from_artificial_intelligence,Existential risk from artificial intelligence,Existential_risk_from_artificial_intelligence,,
984369444,984369254,Wingman4l7,12487726,2020-10-19T19:17:43Z,101439,/* Timeframe */ -- ref fix,[],Existential_risk_from_artificial_intelligence,Existential risk from artificial intelligence,Existential_risk_from_artificial_intelligence,,
984370119,984369444,Wingman4l7,12487726,2020-10-19T19:22:04Z,101481,/* Mitigation */ -- ref fixes,[],Existential_risk_from_artificial_intelligence,Existential risk from artificial intelligence,Existential_risk_from_artificial_intelligence,,
984371122,984370119,Wingman4l7,12487726,2020-10-19T19:27:44Z,101576,/* Further argument */ -- improving ref,[],Existential_risk_from_artificial_intelligence,Existential risk from artificial intelligence,Existential_risk_from_artificial_intelligence,,
984572825,984371122,JCJC777,16495069,2020-10-20T20:47:54Z,102032,/* Independent goal setting */,"['mobile edit', 'mobile web edit', 'mw-reverted']",Existential_risk_from_artificial_intelligence,Existential risk from artificial intelligence,Existential_risk_from_artificial_intelligence,,
984575076,984572825,JCJC777,16495069,2020-10-20T21:03:06Z,102246,/* Independent goal setting */,"['mobile edit', 'mobile web edit', 'mw-reverted']",Existential_risk_from_artificial_intelligence,Existential risk from artificial intelligence,Existential_risk_from_artificial_intelligence,,
984575543,984575076,JCJC777,16495069,2020-10-20T21:06:16Z,102287,/* Independent goal setting */,"['mobile edit', 'mobile web edit', 'mw-reverted']",Existential_risk_from_artificial_intelligence,Existential risk from artificial intelligence,Existential_risk_from_artificial_intelligence,,
984576196,984575543,JCJC777,16495069,2020-10-20T21:10:43Z,102293,/* Independent goal setting */,"['mobile edit', 'mobile web edit', 'mw-reverted']",Existential_risk_from_artificial_intelligence,Existential risk from artificial intelligence,Existential_risk_from_artificial_intelligence,,
984578037,984576196,JCJC777,16495069,2020-10-20T21:25:12Z,102323,/* Independent goal setting */,"['mobile edit', 'mobile web edit', 'mw-reverted']",Existential_risk_from_artificial_intelligence,Existential risk from artificial intelligence,Existential_risk_from_artificial_intelligence,,
984578441,984578037,JCJC777,16495069,2020-10-20T21:28:41Z,102331,/* Independent goal setting */,"['mobile edit', 'mobile web edit', 'mw-reverted']",Existential_risk_from_artificial_intelligence,Existential risk from artificial intelligence,Existential_risk_from_artificial_intelligence,,
984579219,984578441,JCJC777,16495069,2020-10-20T21:34:57Z,102402,/* Independent goal setting */,"['mobile edit', 'mobile web edit', 'mw-reverted']",Existential_risk_from_artificial_intelligence,Existential risk from artificial intelligence,Existential_risk_from_artificial_intelligence,,
984579314,984579219,JCJC777,16495069,2020-10-20T21:35:54Z,102389,/* Independent goal setting */,"['mobile edit', 'mobile web edit', 'mw-reverted']",Existential_risk_from_artificial_intelligence,Existential risk from artificial intelligence,Existential_risk_from_artificial_intelligence,,
984579425,984579314,JCJC777,16495069,2020-10-20T21:36:58Z,102394,/* Independent goal setting */,"['mobile edit', 'mobile web edit', 'mw-reverted']",Existential_risk_from_artificial_intelligence,Existential risk from artificial intelligence,Existential_risk_from_artificial_intelligence,,
984581278,984579425,JCJC777,16495069,2020-10-20T21:53:32Z,102546,/* Independent goal setting */,"['mobile edit', 'mobile web edit', 'mw-reverted']",Existential_risk_from_artificial_intelligence,Existential risk from artificial intelligence,Existential_risk_from_artificial_intelligence,,
984581465,984581278,JCJC777,16495069,2020-10-20T21:54:55Z,102555,/* Independent goal setting */,"['mobile edit', 'mobile web edit', 'mw-reverted']",Existential_risk_from_artificial_intelligence,Existential risk from artificial intelligence,Existential_risk_from_artificial_intelligence,,
984582878,984581465,JCJC777,16495069,2020-10-20T22:06:15Z,102621,/* Independent goal setting */,"['mobile edit', 'mobile web edit', 'mw-reverted']",Existential_risk_from_artificial_intelligence,Existential risk from artificial intelligence,Existential_risk_from_artificial_intelligence,,
984583773,984582878,JCJC777,16495069,2020-10-20T22:14:02Z,102612,/* Independent goal setting */,"['mobile edit', 'mobile web edit', 'mw-reverted']",Existential_risk_from_artificial_intelligence,Existential risk from artificial intelligence,Existential_risk_from_artificial_intelligence,,
984585613,984583773,JCJC777,16495069,2020-10-20T22:28:42Z,102664,/* Independent goal setting */,"['mobile edit', 'mobile web edit', 'mw-reverted']",Existential_risk_from_artificial_intelligence,Existential risk from artificial intelligence,Existential_risk_from_artificial_intelligence,,
984590192,984585613,WeyerStudentOfAgrippa,36746535,2020-10-20T23:07:18Z,101576,"removing section -- major sourcing issues, see [[WP:RS]]",['mw-undo'],Existential_risk_from_artificial_intelligence,Existential risk from artificial intelligence,Existential_risk_from_artificial_intelligence,,
984649396,984590192,JCJC777,16495069,2020-10-21T08:18:11Z,101851,/* Other sources of risk */,['mw-reverted'],Existential_risk_from_artificial_intelligence,Existential risk from artificial intelligence,Existential_risk_from_artificial_intelligence,,
984688347,984649396,WeyerStudentOfAgrippa,36746535,2020-10-21T14:25:15Z,101576,/* Independent goal setting */ removing section -- does not cover a source of risk,['mw-manual-revert'],Existential_risk_from_artificial_intelligence,Existential risk from artificial intelligence,Existential_risk_from_artificial_intelligence,,
984838311,984688347,Davide King,18916437,2020-10-22T12:10:48Z,101572,/* Popular reaction */ ce,[],Existential_risk_from_artificial_intelligence,Existential risk from artificial intelligence,Existential_risk_from_artificial_intelligence,,
984901718,984838311,Citation bot,7903804,2020-10-22T19:46:50Z,101573,"Alter: template type, title, isbn. Correct ISBN10 to ISBN13. | You can [[WP:UCB|use this bot]] yourself. [[WP:DBUG|Report bugs here]]. | Suggested by AManWithNoPlan | All pages linked from cached copy of User:AManWithNoPlan/sandbox3 | via #UCB_webform_linked 386/1471",[],Existential_risk_from_artificial_intelligence,Existential risk from artificial intelligence,Existential_risk_from_artificial_intelligence,,
989550439,984901718,Annemaricole,40491680,2020-11-19T17:11:44Z,101648,/* Possible scenarios */,['mw-reverted'],Existential_risk_from_artificial_intelligence,Existential risk from artificial intelligence,Existential_risk_from_artificial_intelligence,,
989719776,989550439,WeyerStudentOfAgrippa,36746535,2020-11-20T16:56:44Z,101573,Undid revision 989550439 by [[Special:Contributions/Annemaricole|Annemaricole]] ([[User talk:Annemaricole|talk]]) not a serious scenario,['mw-undo'],Existential_risk_from_artificial_intelligence,Existential risk from artificial intelligence,Existential_risk_from_artificial_intelligence,,
990685738,989719776,WereSpielChequers,4071608,2020-11-25T23:04:03Z,101573,"/* Regulation */clean up, replaced: Unites States → United States",['AWB'],Existential_risk_from_artificial_intelligence,Existential risk from artificial intelligence,Existential_risk_from_artificial_intelligence,,
990832026,990685738,Monkbot,20483999,2020-11-26T19:18:59Z,101453,[[User:Monkbot/task 18|Task 18 (cosmetic)]]: eval 125 templates: del empty params (21×); hyphenate params (63×); cvt lang vals (1×);,['AWB'],Existential_risk_from_artificial_intelligence,Existential risk from artificial intelligence,Existential_risk_from_artificial_intelligence,,
990922877,990832026,Smeagol 17,7183365,2020-11-27T07:57:35Z,101457,/* Anthropomorphism */,[],Existential_risk_from_artificial_intelligence,Existential risk from artificial intelligence,Existential_risk_from_artificial_intelligence,,
991170628,990922877,Annemaricole,40491680,2020-11-28T17:22:27Z,101528,/* See also */,[],Existential_risk_from_artificial_intelligence,Existential risk from artificial intelligence,Existential_risk_from_artificial_intelligence,,
991170769,991170628,Annemaricole,40491680,2020-11-28T17:23:12Z,101528,See talk pg,[],Existential_risk_from_artificial_intelligence,Existential risk from artificial intelligence,Existential_risk_from_artificial_intelligence,,
992624309,991170769,176.59.202.31,0,2020-12-06T07:34:01Z,101548,,['mw-reverted'],Existential_risk_from_artificial_intelligence,Existential risk from artificial intelligence,Existential_risk_from_artificial_intelligence,True,
992624318,992624309,ClueBot NG,13286072,2020-12-06T07:34:04Z,101528,"Reverting possible vandalism by [[Special:Contribs/176.59.202.31|176.59.202.31]] to version by Annemaricole. [[WP:CBFP|Report False Positive?]] Thanks, [[WP:CBNG|ClueBot NG]]. (3839917) (Bot)",['mw-rollback'],Existential_risk_from_artificial_intelligence,Existential risk from artificial intelligence,Existential_risk_from_artificial_intelligence,,
995584089,992624318,An orange porpoise,27693846,2020-12-21T21:12:34Z,101533,/* Timeframe */ Add year for Luddite of the year award. (Citations elsewhere in paragraph provide this information.),['visualeditor'],Existential_risk_from_artificial_intelligence,Existential risk from artificial intelligence,Existential_risk_from_artificial_intelligence,,
996059539,995584089,Oranjelo100,19234916,2020-12-24T08:49:20Z,101537,/* Orthogonality thesis */,[],Existential_risk_from_artificial_intelligence,Existential risk from artificial intelligence,Existential_risk_from_artificial_intelligence,,
998512118,996059539,2001:1970:5925:F100:9062:54EB:D19B:F6AD,0,2021-01-05T18:33:30Z,101284,blow job,"['references removed', 'mw-reverted']",Existential_risk_from_artificial_intelligence,Existential risk from artificial intelligence,Existential_risk_from_artificial_intelligence,True,
998541214,998512118,Wakari07,6092106,2021-01-05T21:23:57Z,101537,Undid revision 998512118 by [[Special:Contributions/2001:1970:5925:F100:9062:54EB:D19B:F6AD|2001:1970:5925:F100:9062:54EB:D19B:F6AD]] ([[User talk:2001:1970:5925:F100:9062:54EB:D19B:F6AD|talk]]) reverted vandalism - Fixed broken reference name – You can help! [[:Category:Pages with broken reference names]],['mw-undo'],Existential_risk_from_artificial_intelligence,Existential risk from artificial intelligence,Existential_risk_from_artificial_intelligence,,
999530563,998541214,50.82.88.227,0,2021-01-10T17:33:59Z,101563,,['mw-reverted'],Existential_risk_from_artificial_intelligence,Existential risk from artificial intelligence,Existential_risk_from_artificial_intelligence,True,
999530578,999530563,ClueBot NG,13286072,2021-01-10T17:34:05Z,101537,"Reverting possible vandalism by [[Special:Contribs/50.82.88.227|50.82.88.227]] to version by Wakari07. [[WP:CBFP|Report False Positive?]] Thanks, [[WP:CBNG|ClueBot NG]]. (3863444) (Bot)",['mw-rollback'],Existential_risk_from_artificial_intelligence,Existential risk from artificial intelligence,Existential_risk_from_artificial_intelligence,,
1006041929,999530578,Sentience Scholar,16503221,2021-02-10T18:47:33Z,101558,/* See also */ Add [[Suffering risks]],['visualeditor'],Existential_risk_from_artificial_intelligence,Existential risk from artificial intelligence,Existential_risk_from_artificial_intelligence,,
1008110858,1006041929,103.212.146.45,0,2021-02-21T16:49:21Z,101553,,"['mobile edit', 'mobile web edit', 'mw-reverted']",Existential_risk_from_artificial_intelligence,Existential risk from artificial intelligence,Existential_risk_from_artificial_intelligence,True,
1008110892,1008110858,Serols,9929111,2021-02-21T16:49:36Z,101558,Reverted edits by [[Special:Contributions/103.212.146.45|103.212.146.45]] ([[User talk:103.212.146.45|talk]]) ([[WP:HG|HG]]) (3.4.10),['mw-rollback'],Existential_risk_from_artificial_intelligence,Existential risk from artificial intelligence,Existential_risk_from_artificial_intelligence,,
1011633942,1008110892,Oranjelo100,19234916,2021-03-12T00:07:32Z,101562,/* Further argument */,[],Existential_risk_from_artificial_intelligence,Existential risk from artificial intelligence,Existential_risk_from_artificial_intelligence,,
1013679112,1011633942,Xenpai,34383254,2021-03-22T21:36:22Z,101562,/* Poorly specified goals */,[],Existential_risk_from_artificial_intelligence,Existential risk from artificial intelligence,Existential_risk_from_artificial_intelligence,,
1013679156,1013679112,Xenpai,34383254,2021-03-22T21:36:40Z,101561,/* Sources of risk */,[],Existential_risk_from_artificial_intelligence,Existential risk from artificial intelligence,Existential_risk_from_artificial_intelligence,,
1014582941,1013679156,Rolf h nelson,18596103,2021-03-27T22:54:06Z,101579,,[],Existential_risk_from_artificial_intelligence,Existential risk from artificial intelligence,Existential_risk_from_artificial_intelligence,,
1019344545,1014582941,Princepine11,41633199,2021-04-22T20:17:21Z,104000,"/* Skepticism */ I added a section on the EU-funded ""How Normal Am I"" tool",['visualeditor'],Existential_risk_from_artificial_intelligence,Existential risk from artificial intelligence,Existential_risk_from_artificial_intelligence,,
1020557421,1019344545,Rodw,125972,2021-04-29T18:47:05Z,104016,Disambiguating links to [[BMI]] (link changed to [[Body mass index]]) using [[User:Qwertyytrewqqwerty/DisamAssist|DisamAssist]].,[],Existential_risk_from_artificial_intelligence,Existential risk from artificial intelligence,Existential_risk_from_artificial_intelligence,,
1021206713,1020557421,WikiCleanerBot,18872885,2021-05-03T13:46:36Z,104016,v2.04b - [[User:WikiCleanerBot#T20|Bot T20 CW#61]] - Fix errors for [[WP:WCW|CW project]] (Reference before punctuation),['WPCleaner'],Existential_risk_from_artificial_intelligence,Existential risk from artificial intelligence,Existential_risk_from_artificial_intelligence,,
1021836320,1021206713,GreenC bot,27823944,2021-05-06T23:16:03Z,103949,Removed oxfordjournals.com URL per [[Wikipedia:Link_rot/URL_change_requests#Remove_oxfordjournals.org|discussion]]. [[User:GreenC/WaybackMedic_2.5|Wayback Medic 2.5]],[],Existential_risk_from_artificial_intelligence,Existential risk from artificial intelligence,Existential_risk_from_artificial_intelligence,,
1024808323,1021836320,2406:E003:10B4:8F01:2120:31B2:96D1:B275,0,2021-05-24T05:48:39Z,103999,/* History */,['mw-reverted'],Existential_risk_from_artificial_intelligence,Existential risk from artificial intelligence,Existential_risk_from_artificial_intelligence,True,
1024808331,1024808323,ClueBot NG,13286072,2021-05-24T05:48:42Z,103949,"Reverting possible vandalism by [[Special:Contribs/2406:E003:10B4:8F01:2120:31B2:96D1:B275|2406:E003:10B4:8F01:2120:31B2:96D1:B275]] to version by GreenC bot. [[WP:CBFP|Report False Positive?]] Thanks, [[WP:CBNG|ClueBot NG]]. (3977988) (Bot)",['mw-rollback'],Existential_risk_from_artificial_intelligence,Existential risk from artificial intelligence,Existential_risk_from_artificial_intelligence,,
1025850244,1024808331,Citation bot,7903804,2021-05-29T23:18:18Z,104037,"Alter: template type. Add: date, journal. Removed parameters. Some additions/deletions were parameter name changes. | [[WP:UCB|Use this bot]]. [[WP:DBUG|Report bugs]]. | Suggested by Amigao | [[Category:Futures studies]] | #UCB_Category 108/157",[],Existential_risk_from_artificial_intelligence,Existential risk from artificial intelligence,Existential_risk_from_artificial_intelligence,,
1025932836,1025850244,Ali2001m,41920738,2021-05-30T12:27:38Z,106621,/* General argument */ my knowledge,"['mobile edit', 'mobile app edit', 'android app edit', 'mw-reverted']",Existential_risk_from_artificial_intelligence,Existential risk from artificial intelligence,Existential_risk_from_artificial_intelligence,,
1025933212,1025932836,Njd-de,35904360,2021-05-30T12:31:38Z,104037,Reverted 1 edit by [[Special:Contributions/Ali2001m|Ali2001m]] ([[User talk:Ali2001m|talk]]): Original research,"['mw-undo', 'twinkle']",Existential_risk_from_artificial_intelligence,Existential risk from artificial intelligence,Existential_risk_from_artificial_intelligence,,
1026335517,1025933212,ZaniGiovanni,41402622,2021-06-01T17:40:46Z,104036,"/* Skepticism */ no last name including in the article, changed to author",[],Existential_risk_from_artificial_intelligence,Existential risk from artificial intelligence,Existential_risk_from_artificial_intelligence,,
1027804848,1026335517,Greenbound,40139159,2021-06-10T03:20:09Z,101519,/* Skepticism */ cut self-promo paragraph,[],Existential_risk_from_artificial_intelligence,Existential risk from artificial intelligence,Existential_risk_from_artificial_intelligence,,
1027994840,1027804848,Nixinova,29717766,2021-06-11T07:01:26Z,101519,,"['mobile edit', 'mobile web edit', 'advanced mobile edit']",Existential_risk_from_artificial_intelligence,Existential risk from artificial intelligence,Existential_risk_from_artificial_intelligence,,
1027994925,1027994840,Nixinova,29717766,2021-06-11T07:02:20Z,101466,/* History */quotes don't have to have verbatim punct,"['mobile edit', 'mobile web edit', 'advanced mobile edit']",Existential_risk_from_artificial_intelligence,Existential risk from artificial intelligence,Existential_risk_from_artificial_intelligence,,
1033337802,1027994925,Qatnip,39310702,2021-07-13T02:13:46Z,101468,/* Mitigation */,[],Existential_risk_from_artificial_intelligence,Existential risk from artificial intelligence,Existential_risk_from_artificial_intelligence,,
1033352499,1033337802,158.140.132.189,0,2021-07-13T04:56:10Z,101467,ye,"['mobile edit', 'mobile web edit', 'mw-reverted']",Existential_risk_from_artificial_intelligence,Existential risk from artificial intelligence,Existential_risk_from_artificial_intelligence,True,
1033352566,1033352499,158.140.132.189,0,2021-07-13T04:56:58Z,101468,,"['mobile edit', 'mobile web edit', 'mw-manual-revert']",Existential_risk_from_artificial_intelligence,Existential risk from artificial intelligence,Existential_risk_from_artificial_intelligence,True,
1034993457,1033352566,120.20.24.242,0,2021-07-23T01:07:55Z,101482,/* Further argument */,[],Existential_risk_from_artificial_intelligence,Existential risk from artificial intelligence,Existential_risk_from_artificial_intelligence,True,
1037524450,1034993457,LaundryPizza03,32694456,2021-08-07T03:36:11Z,101661,tag for merger,[],Existential_risk_from_artificial_intelligence,Existential risk from artificial intelligence,Existential_risk_from_artificial_intelligence,,
1037548851,1037524450,Philoserf,548440,2021-08-07T07:48:13Z,100706,Filled in 0 bare reference(s) with reFill 2,[],Existential_risk_from_artificial_intelligence,Existential risk from artificial intelligence,Existential_risk_from_artificial_intelligence,,
1037549337,1037548851,Citation bot,7903804,2021-08-07T07:53:31Z,100728,Add: date. | [[WP:UCB|Use this bot]]. [[WP:DBUG|Report bugs]]. | Suggested by Philoserf | #UCB_toolbar,[],Existential_risk_from_artificial_intelligence,Existential risk from artificial intelligence,Existential_risk_from_artificial_intelligence,,
1037554221,1037549337,Philoserf,548440,2021-08-07T08:22:26Z,101194,Tidy references,"['visualeditor-wikitext', 'ProveIt edit']",Existential_risk_from_artificial_intelligence,Existential risk from artificial intelligence,Existential_risk_from_artificial_intelligence,,
1037554996,1037554221,Philoserf,548440,2021-08-07T08:25:41Z,101193,/* Evaluation and other Arguments */  journal to report type citation,"['visualeditor-wikitext', 'ProveIt edit']",Existential_risk_from_artificial_intelligence,Existential risk from artificial intelligence,Existential_risk_from_artificial_intelligence,,
1037555726,1037554996,Philoserf,548440,2021-08-07T08:33:32Z,101290,/* Intermediate views */ journal to conference type citation,"['visualeditor-wikitext', 'ProveIt edit']",Existential_risk_from_artificial_intelligence,Existential risk from artificial intelligence,Existential_risk_from_artificial_intelligence,,
1037556612,1037555726,Citation bot,7903804,2021-08-07T08:38:49Z,101322,"Add: eprint, authors 1-1. Removed parameters. Some additions/deletions were parameter name changes. | [[WP:UCB|Use this bot]]. [[WP:DBUG|Report bugs]]. | Suggested by Philoserf | #UCB_toolbar",[],Existential_risk_from_artificial_intelligence,Existential risk from artificial intelligence,Existential_risk_from_artificial_intelligence,,
1041865576,1037556612,Amigao,11099276,2021-09-02T00:02:21Z,101324,/* Weaponization of artificial intelligence */ linking,['visualeditor'],Existential_risk_from_artificial_intelligence,Existential risk from artificial intelligence,Existential_risk_from_artificial_intelligence,,
1041914835,1041865576,LaundryPizza03,32694456,2021-09-02T07:48:42Z,101310,/* Preemptive nuclear strike (nuclear war) */ unneded,[],Existential_risk_from_artificial_intelligence,Existential risk from artificial intelligence,Existential_risk_from_artificial_intelligence,,
1042081749,1041914835,Bumm13,63286,2021-09-03T03:42:57Z,101311,/* Timeframe */ punctuation fix,[],Existential_risk_from_artificial_intelligence,Existential risk from artificial intelligence,Existential_risk_from_artificial_intelligence,,
1047127842,1042081749,14.200.238.10,0,2021-09-29T04:54:13Z,101312,/* Popular reaction,"['visualeditor', 'mw-reverted']",Existential_risk_from_artificial_intelligence,Existential risk from artificial intelligence,Existential_risk_from_artificial_intelligence,True,
1047150001,1047127842,Johncdraper,35841168,2021-09-29T08:41:42Z,101311,Undid revision 1047127842 by [[Special:Contributions/14.200.238.10|14.200.238.10]] ([[User talk:14.200.238.10|talk]])Undid incorrectly formatted previous edit.,['mw-undo'],Existential_risk_from_artificial_intelligence,Existential risk from artificial intelligence,Existential_risk_from_artificial_intelligence,,
1047660775,1047150001,CharlesGillingham,4604963,2021-10-01T23:01:35Z,101539,/* Instrumental goal convergence */  Adding material cut from [[artificial intelligence]].,[],Existential_risk_from_artificial_intelligence,Existential risk from artificial intelligence,Existential_risk_from_artificial_intelligence,,
1047660987,1047660775,CharlesGillingham,4604963,2021-10-01T23:03:32Z,101539,/* Instrumental goal convergence */  Bad named ref.,[],Existential_risk_from_artificial_intelligence,Existential risk from artificial intelligence,Existential_risk_from_artificial_intelligence,,
1047661465,1047660987,CharlesGillingham,4604963,2021-10-01T23:07:56Z,102773,/* Orthogonality thesis */  Adding material cut from [[artificial intelligence]],[],Existential_risk_from_artificial_intelligence,Existential risk from artificial intelligence,Existential_risk_from_artificial_intelligence,,
1047661679,1047661465,CharlesGillingham,4604963,2021-10-01T23:10:02Z,102520,"/* Orthogonality thesis */  Removed unnecessary redundant sentences, citation format.",[],Existential_risk_from_artificial_intelligence,Existential risk from artificial intelligence,Existential_risk_from_artificial_intelligence,,
1047697784,1047661679,CharlesGillingham,4604963,2021-10-02T04:12:27Z,102686,/* Instrumental goal convergence */ Defining some terms for the reader (per  [[WP:JARGON]]). This article should be comprehensible to high schoolers ([[WP:ONEDOWN]]),[],Existential_risk_from_artificial_intelligence,Existential risk from artificial intelligence,Existential_risk_from_artificial_intelligence,,
1047697826,1047697784,CharlesGillingham,4604963,2021-10-02T04:12:53Z,102685,/* Instrumental goal convergence */,[],Existential_risk_from_artificial_intelligence,Existential risk from artificial intelligence,Existential_risk_from_artificial_intelligence,,
1047800572,1047697826,CharlesGillingham,4604963,2021-10-02T16:30:19Z,102808,/* Poorly specified goals */  This section needed a topic sentence.,[],Existential_risk_from_artificial_intelligence,Existential risk from artificial intelligence,Existential_risk_from_artificial_intelligence,,
1047812821,1047800572,CharlesGillingham,4604963,2021-10-02T17:37:23Z,103219,"/* Anthropomorphism */  Organization: Adding topic sentences. Also raising this topic to the top level -- it's not a ""source of risk"".",[],Existential_risk_from_artificial_intelligence,Existential risk from artificial intelligence,Existential_risk_from_artificial_intelligence,,
1047813419,1047812821,CharlesGillingham,4604963,2021-10-02T17:40:19Z,103220,"MOVING A SECTION: ""Antropomorphism"" is not a ""Source of Risk""",[],Existential_risk_from_artificial_intelligence,Existential risk from artificial intelligence,Existential_risk_from_artificial_intelligence,,
1047813802,1047813419,CharlesGillingham,4604963,2021-10-02T17:42:15Z,103220,/* Anthopomorphic arguments */  typo,[],Existential_risk_from_artificial_intelligence,Existential risk from artificial intelligence,Existential_risk_from_artificial_intelligence,,
1047814785,1047813802,CharlesGillingham,4604963,2021-10-02T17:47:51Z,102333,"/* Instrumental goal convergence */  Organization: Pinker and LeCun's comments are an accusation of anthropomorphism, not a discussion of instrumental convergence. Moving them into the section on anthropomorphic arguments.",[],Existential_risk_from_artificial_intelligence,Existential risk from artificial intelligence,Existential_risk_from_artificial_intelligence,,
1047815689,1047814785,CharlesGillingham,4604963,2021-10-02T17:52:48Z,103115,/* Anthopomorphic arguments */  Organization: moving Pinker & LeCun's comments into the section criticizing anthropomorphic arguments.,[],Existential_risk_from_artificial_intelligence,Existential risk from artificial intelligence,Existential_risk_from_artificial_intelligence,,
1047816049,1047815689,CharlesGillingham,4604963,2021-10-02T17:54:45Z,103146,/* Anthopomorphic arguments */  Rewriting a double-negative sentence for clarity.,[],Existential_risk_from_artificial_intelligence,Existential risk from artificial intelligence,Existential_risk_from_artificial_intelligence,,
1047816429,1047816049,CharlesGillingham,4604963,2021-10-02T17:56:45Z,103068,/* Instrumental goal convergence */  Moving Pinker's illustration.,[],Existential_risk_from_artificial_intelligence,Existential risk from artificial intelligence,Existential_risk_from_artificial_intelligence,,
1047816562,1047816429,CharlesGillingham,4604963,2021-10-02T17:57:29Z,103146,/* Anthopomorphic arguments */  Moving Pinker's illustration.,[],Existential_risk_from_artificial_intelligence,Existential risk from artificial intelligence,Existential_risk_from_artificial_intelligence,,
1047817609,1047816562,CharlesGillingham,4604963,2021-10-02T18:03:01Z,103144,"MOVING A SECTION: AI's definition of intelligence is not a ""Source of Risk"". It is part of how the argument is framed. This is similar to the issue discussed in ""Anthropomorphism"", so moving it into that section.",[],Existential_risk_from_artificial_intelligence,Existential risk from artificial intelligence,Existential_risk_from_artificial_intelligence,,
1047843364,1047817609,CharlesGillingham,4604963,2021-10-02T20:45:31Z,104084,/* Difficulty of specifying goals */  Material from [[artificial intelligence]],[],Existential_risk_from_artificial_intelligence,Existential risk from artificial intelligence,Existential_risk_from_artificial_intelligence,,
1047844847,1047843364,CharlesGillingham,4604963,2021-10-02T20:56:39Z,104029,/* Anthopomorphic arguments */ MOVING A POINT.  Collecting a point made twice into a single paragraph. No content changed.,[],Existential_risk_from_artificial_intelligence,Existential risk from artificial intelligence,Existential_risk_from_artificial_intelligence,,
1047861406,1047844847,CharlesGillingham,4604963,2021-10-02T23:07:51Z,106467,/* History */  Adding material cut from [[artificial intelligence]]. Will copy edit for redundancy shortly.,['mw-reverted'],Existential_risk_from_artificial_intelligence,Existential risk from artificial intelligence,Existential_risk_from_artificial_intelligence,,
1047862784,1047861406,CharlesGillingham,4604963,2021-10-02T23:19:26Z,106893,/* History */  Copy-edit for redundancy.,['mw-reverted'],Existential_risk_from_artificial_intelligence,Existential risk from artificial intelligence,Existential_risk_from_artificial_intelligence,,
1047866124,1047862784,CharlesGillingham,4604963,2021-10-02T23:47:13Z,106467,Undid revision 1047862784 by [[Special:Contributions/CharlesGillingham|CharlesGillingham]] ([[User talk:CharlesGillingham|talk]]),"['mw-undo', 'mw-reverted']",Existential_risk_from_artificial_intelligence,Existential risk from artificial intelligence,Existential_risk_from_artificial_intelligence,,
1047866291,1047866124,CharlesGillingham,4604963,2021-10-02T23:48:35Z,104029,/* History */  Undoing my previous two edits. Didn't realize there was another place in the article that discusses Gates et. al.. Will add material there.,['mw-manual-revert'],Existential_risk_from_artificial_intelligence,Existential risk from artificial intelligence,Existential_risk_from_artificial_intelligence,,
1047907939,1047866291,CharlesGillingham,4604963,2021-10-03T06:20:48Z,106315,/* Endorsement */  Material from [[artificial intelligence]],[],Existential_risk_from_artificial_intelligence,Existential risk from artificial intelligence,Existential_risk_from_artificial_intelligence,,
1047908268,1047907939,CharlesGillingham,4604963,2021-10-03T06:25:20Z,106977,/* Perspectives */ Adding material cut from [[artificial intelligence]],[],Existential_risk_from_artificial_intelligence,Existential risk from artificial intelligence,Existential_risk_from_artificial_intelligence,,
1047908324,1047908268,CharlesGillingham,4604963,2021-10-03T06:25:58Z,106975,/* Perspectives */  Typo,[],Existential_risk_from_artificial_intelligence,Existential risk from artificial intelligence,Existential_risk_from_artificial_intelligence,,
1047909022,1047908324,CharlesGillingham,4604963,2021-10-03T06:35:04Z,108884,/* Skepticism */  Material cut from [[artificial intelligence]],[],Existential_risk_from_artificial_intelligence,Existential risk from artificial intelligence,Existential_risk_from_artificial_intelligence,,
1047909233,1047909022,CharlesGillingham,4604963,2021-10-03T06:37:47Z,108881,/* Skepticism */,[],Existential_risk_from_artificial_intelligence,Existential risk from artificial intelligence,Existential_risk_from_artificial_intelligence,,
1047910795,1047909233,CharlesGillingham,4604963,2021-10-03T06:54:41Z,109606,/* Skepticism */  Trying to put similar comments in similar paragraphs. This section needs better organization and a good copy-edit.,[],Existential_risk_from_artificial_intelligence,Existential risk from artificial intelligence,Existential_risk_from_artificial_intelligence,,
1047910871,1047910795,CharlesGillingham,4604963,2021-10-03T06:55:38Z,109541,/* Skepticism */  A little tighter,[],Existential_risk_from_artificial_intelligence,Existential risk from artificial intelligence,Existential_risk_from_artificial_intelligence,,
1047911267,1047910871,CharlesGillingham,4604963,2021-10-03T07:00:13Z,108361,/* Endorsement */  Organization: Moving a paragraph about the control problem into the section on mitigating the risks.,[],Existential_risk_from_artificial_intelligence,Existential risk from artificial intelligence,Existential_risk_from_artificial_intelligence,,
1047911484,1047911267,CharlesGillingham,4604963,2021-10-03T07:02:21Z,110766,/* Mitigation */,[],Existential_risk_from_artificial_intelligence,Existential risk from artificial intelligence,Existential_risk_from_artificial_intelligence,,
1047911680,1047911484,CharlesGillingham,4604963,2021-10-03T07:04:01Z,109586,/* Mitigation */  Some kind of weird (or dumb) commit mistake.,[],Existential_risk_from_artificial_intelligence,Existential risk from artificial intelligence,Existential_risk_from_artificial_intelligence,,
1047916423,1047911680,CharlesGillingham,4604963,2021-10-03T07:46:18Z,109629,/* Competition */,[],Existential_risk_from_artificial_intelligence,Existential risk from artificial intelligence,Existential_risk_from_artificial_intelligence,,
1047917058,1047916423,CharlesGillingham,4604963,2021-10-03T07:51:12Z,110255,/* Orthogonality thesis */  Adding material cut from [[artificial intelligence]].,[],Existential_risk_from_artificial_intelligence,Existential risk from artificial intelligence,Existential_risk_from_artificial_intelligence,,
1047917112,1047917058,CharlesGillingham,4604963,2021-10-03T07:51:27Z,110261,/* Orthogonality thesis */  Typo,[],Existential_risk_from_artificial_intelligence,Existential risk from artificial intelligence,Existential_risk_from_artificial_intelligence,,
1048181959,1047917112,WikiCleanerBot,18872885,2021-10-04T17:52:17Z,110261,v2.04b - [[User:WikiCleanerBot#T19|Bot T19 CW#25]] - Fix errors for [[WP:WCW|CW project]] (Heading hierarchy),['WPCleaner'],Existential_risk_from_artificial_intelligence,Existential risk from artificial intelligence,Existential_risk_from_artificial_intelligence,,
1048462562,1048181959,CharlesGillingham,4604963,2021-10-06T03:56:59Z,110278,/* Anthopomorphic arguments */  Linking the first use.,[],Existential_risk_from_artificial_intelligence,Existential risk from artificial intelligence,Existential_risk_from_artificial_intelligence,,
1049136936,1048462562,AmericanLemming,18175402,2021-10-10T02:33:47Z,110278,/* Popular reaction */ adding hyphen,[],Existential_risk_from_artificial_intelligence,Existential risk from artificial intelligence,Existential_risk_from_artificial_intelligence,,
1050434095,1049136936,Ashcanpete,17417743,2021-10-17T20:05:18Z,110200,"Removed completely unnecessary portrait of Pinker. None of the dozen or so other scientists quoted have a portrait, the photograph tends to give undue weight to Pinker specifically.","['mobile edit', 'mobile web edit', 'visualeditor']",Existential_risk_from_artificial_intelligence,Existential risk from artificial intelligence,Existential_risk_from_artificial_intelligence,,
1050996706,1050434095,Cewbot,23646674,2021-10-21T02:14:58Z,110200,[[User:Cewbot/log/20201008/configuration|Fix broken anchor]]: [[Special:Diff/944982509|2020-03-11]] #Long term future and global catastrophic risks→[[Effective altruism#Long-term future and global catastrophic risks]],[],Existential_risk_from_artificial_intelligence,Existential risk from artificial intelligence,Existential_risk_from_artificial_intelligence,,
1051308674,1050996706,Citation bot,7903804,2021-10-22T18:16:43Z,110206,Alter: template type. Add: magazine. Removed parameters. Some additions/deletions were parameter name changes. | [[WP:UCB|Use this bot]]. [[WP:DBUG|Report bugs]]. | Suggested by Anas1712 | [[Category:Doomsday scenarios]] | #UCB_Category 58/84,[],Existential_risk_from_artificial_intelligence,Existential risk from artificial intelligence,Existential_risk_from_artificial_intelligence,,
1051437719,1051308674,Geysirhead,38132428,2021-10-23T14:31:55Z,110177,removed [[Category:Futures studies]] using [[WP:HC|HotCat]] redundant,[],Existential_risk_from_artificial_intelligence,Existential risk from artificial intelligence,Existential_risk_from_artificial_intelligence,,
1051454595,1051437719,Citation bot,7903804,2021-10-23T16:17:53Z,110194,Add: s2cid. | [[WP:UCB|Use this bot]]. [[WP:DBUG|Report bugs]]. | Suggested by Anas1712 | [[Category:Future problems]] | #UCB_Category 13/22,[],Existential_risk_from_artificial_intelligence,Existential risk from artificial intelligence,Existential_risk_from_artificial_intelligence,,
1052663754,1051454595,172.195.54.74,0,2021-10-30T12:57:08Z,110191,,"['mobile edit', 'mobile web edit', 'mw-reverted']",Existential_risk_from_artificial_intelligence,Existential risk from artificial intelligence,Existential_risk_from_artificial_intelligence,True,
1052664280,1052663754,TheXug,35307390,2021-10-30T13:01:33Z,110194,Reverting edit(s) by [[Special:Contributions/172.195.54.74|172.195.54.74]] ([[User_talk:172.195.54.74|talk]]) to rev. 1051454595 by Citation bot: Disruptive editing [[w:en:WP:RW|(RW 16.1)]],"['mw-undo', 'RedWarn']",Existential_risk_from_artificial_intelligence,Existential risk from artificial intelligence,Existential_risk_from_artificial_intelligence,,
1053638453,1052664280,Alaney2k,209266,2021-11-05T02:59:31Z,110193,"names of newspapers; mos:quote chars, replaced: NY Times, →  ''The New York Times'',, The ''[[New York Times]]'' → ''[[The New York Times]]'', [[Washington Post]] → [[The Washington Post]], [[Wall Street Journal]] → [[The Wall Street Journal",['AWB'],Existential_risk_from_artificial_intelligence,Existential risk from artificial intelligence,Existential_risk_from_artificial_intelligence,,
1054958426,1053638453,Mercster,3070208,2021-11-13T00:23:08Z,110191,/* Anthopomorphic arguments */ grammar,[],Existential_risk_from_artificial_intelligence,Existential risk from artificial intelligence,Existential_risk_from_artificial_intelligence,,
1054963968,1054958426,Mercster,3070208,2021-11-13T01:07:34Z,110184,"/* Skepticism */ POV, encyclopedic",[],Existential_risk_from_artificial_intelligence,Existential risk from artificial intelligence,Existential_risk_from_artificial_intelligence,,
1058509834,1054963968,Enervation,15210045,2021-12-04T00:20:51Z,110184,/* Evaluation and other Arguments */,[],Existential_risk_from_artificial_intelligence,Existential risk from artificial intelligence,Existential_risk_from_artificial_intelligence,,
1058766297,1058509834,Jmill1806,37579422,2021-12-05T14:06:56Z,110569,/* History */ adding The Alignment Problem,[],Existential_risk_from_artificial_intelligence,Existential risk from artificial intelligence,Existential_risk_from_artificial_intelligence,,
1059290181,1058766297,Citation bot,7903804,2021-12-08T16:09:53Z,110601,"Alter: publisher, isbn. Add: website. Upgrade ISBN10 to ISBN13. | [[WP:UCB|Use this bot]]. [[WP:DBUG|Report bugs]]. | Suggested by Anas1712 | #UCB_webform 125/686",[],Existential_risk_from_artificial_intelligence,Existential risk from artificial intelligence,Existential_risk_from_artificial_intelligence,,
1059429291,1059290181,95.91.252.77,0,2021-12-09T11:31:50Z,110613,,[],Existential_risk_from_artificial_intelligence,Existential risk from artificial intelligence,Existential_risk_from_artificial_intelligence,True,
1061398796,1059429291,Nick.mon,16404280,2021-12-21T13:27:12Z,110606,/* Endorsement */,['wikieditor'],Existential_risk_from_artificial_intelligence,Existential risk from artificial intelligence,Existential_risk_from_artificial_intelligence,,
1063495566,1061398796,Thedeseuss,38539256,2022-01-03T11:06:38Z,110774,"/* Anthopomorphic arguments */  Added a link to the page [[intelligent agent]], which explains in more depth how computer scientists describe AI programs in a (hopefully) non-anthropomorphic way. See talk page.",['wikieditor'],Existential_risk_from_artificial_intelligence,Existential risk from artificial intelligence,Existential_risk_from_artificial_intelligence,,
1063495629,1063495566,RiverCityRelay,43014077,2022-01-03T11:07:20Z,110312,/* Evaluation and other arguments */ An editor's own invention; WP:PSEUDOSCIENCE non-scale used; cited to references that do not contain or support it,['wikieditor'],Existential_risk_from_artificial_intelligence,Existential risk from artificial intelligence,Existential_risk_from_artificial_intelligence,,
1063495908,1063495629,RiverCityRelay,43014077,2022-01-03T11:10:09Z,109665,"/* Anthopomorphic arguments */ This is a lot of gibberish that isn't supported by the source cited, which is honest that no such example exists about which to make blanket statements of fact.",['wikieditor'],Existential_risk_from_artificial_intelligence,Existential risk from artificial intelligence,Existential_risk_from_artificial_intelligence,,
1063496154,1063495908,RiverCityRelay,43014077,2022-01-03T11:12:00Z,109666,/* Timeframe */,['wikieditor'],Existential_risk_from_artificial_intelligence,Existential risk from artificial intelligence,Existential_risk_from_artificial_intelligence,,
1063950114,1063496154,Paul2520,19295592,2022-01-05T19:38:43Z,109692,added missing notes list (via [[WP:JWB]]),[],Existential_risk_from_artificial_intelligence,Existential risk from artificial intelligence,Existential_risk_from_artificial_intelligence,,
1064102076,1063950114,LaundryPizza03,32694456,2022-01-06T15:48:14Z,109686,double space,['wikieditor'],Existential_risk_from_artificial_intelligence,Existential risk from artificial intelligence,Existential_risk_from_artificial_intelligence,,
1064270202,1064102076,Johncdraper,35841168,2022-01-07T14:01:23Z,109658,/* Mitigation */ Ce'd first sentence and moved prediction to Timeline,['visualeditor'],Existential_risk_from_artificial_intelligence,Existential risk from artificial intelligence,Existential_risk_from_artificial_intelligence,,
1064272355,1064270202,Johncdraper,35841168,2022-01-07T14:15:33Z,110893,"/* Mitigation */ Added social measures, with citations.",['visualeditor'],Existential_risk_from_artificial_intelligence,Existential risk from artificial intelligence,Existential_risk_from_artificial_intelligence,,
1065021339,1064272355,Johncdraper,35841168,2022-01-11T11:33:42Z,111478,/* Mitigation */ Added arms control approach and ASI as signator to a peace treaty.,['visualeditor'],Existential_risk_from_artificial_intelligence,Existential risk from artificial intelligence,Existential_risk_from_artificial_intelligence,,
1065292606,1065021339,Rlink2,42425010,2022-01-12T20:19:13Z,111718,"/* Anthopomorphic arguments */Adding archives to assist with [[Wikipedia:Verifiability]], [[WP:SOURCEACCESS]]",['AWB'],Existential_risk_from_artificial_intelligence,Existential risk from artificial intelligence,Existential_risk_from_artificial_intelligence,,
1067341867,1065292606,Headbomb,1461430,2022-01-23T00:19:38Z,111718,ce,['wikieditor'],Existential_risk_from_artificial_intelligence,Existential risk from artificial intelligence,Existential_risk_from_artificial_intelligence,,
1067342946,1067341867,Citation bot,7903804,2022-01-23T00:28:00Z,111851,"Alter: pages, template type. Add: magazine, newspaper, pmid, s2cid, arxiv, date, authors 1-1. Removed parameters. Formatted [[WP:ENDASH|dashes]]. Some additions/deletions were parameter name changes. | [[WP:UCB|Use this bot]]. [[WP:DBUG|Report bugs]]. | Suggested by Headbomb | #UCB_toolbar",[],Existential_risk_from_artificial_intelligence,Existential risk from artificial intelligence,Existential_risk_from_artificial_intelligence,,
1067368172,1067342946,Citation bot,7903804,2022-01-23T03:52:56Z,111876,"Add: pmc, pages. Formatted [[WP:ENDASH|dashes]]. | [[WP:UCB|Use this bot]]. [[WP:DBUG|Report bugs]]. | Suggested by Headbomb | Linked from Wikipedia:WikiProject_Academic_Journals/Journals_cited_by_Wikipedia/Sandbox | #UCB_webform_linked 91/330",[],Existential_risk_from_artificial_intelligence,Existential risk from artificial intelligence,Existential_risk_from_artificial_intelligence,,
1067813215,1067368172,Art LaPella,94794,2022-01-25T08:24:09Z,111875,/* History */ a dangers,['wikieditor'],Existential_risk_from_artificial_intelligence,Existential risk from artificial intelligence,Existential_risk_from_artificial_intelligence,,
1068081015,1067813215,Citation bot,7903804,2022-01-26T15:04:34Z,111818,Removed proxy/dead URL that duplicated identifier. | [[WP:UCB|Use this bot]]. [[WP:DBUG|Report bugs]]. | Suggested by Abductive | #UCB_toolbar,[],Existential_risk_from_artificial_intelligence,Existential risk from artificial intelligence,Existential_risk_from_artificial_intelligence,,
1068097144,1068081015,75.118.102.245,0,2022-01-26T16:34:14Z,111816,/* Skepticism */ Fixed typo,['wikieditor'],Existential_risk_from_artificial_intelligence,Existential risk from artificial intelligence,Existential_risk_from_artificial_intelligence,True,
1068160970,1068097144,Plasmastate,37795551,2022-01-26T23:31:07Z,111823,/* Skepticism */ Make a claim a bit more in line w/ the sources,['visualeditor'],Existential_risk_from_artificial_intelligence,Existential risk from artificial intelligence,Existential_risk_from_artificial_intelligence,,
1068163198,1068160970,Plasmastate,37795551,2022-01-26T23:49:16Z,112728,/* Skepticism */ Add a paragraph on an AGI's being limited by the speed of the rest of the world,['visualeditor'],Existential_risk_from_artificial_intelligence,Existential risk from artificial intelligence,Existential_risk_from_artificial_intelligence,,
1068360569,1068163198,Plasmastate,37795551,2022-01-28T01:10:52Z,113736,/* Skepticism */ Add a paragraph on more fundamental limits that may prevent an uncontrollable AGI takeover,['visualeditor'],Existential_risk_from_artificial_intelligence,Existential risk from artificial intelligence,Existential_risk_from_artificial_intelligence,,
1068364627,1068360569,InternetArchiveBot,27015025,2022-01-28T01:43:10Z,113944,Rescuing 1 sources and tagging 0 as dead.) #IABot (v2.0.8.6,[],Existential_risk_from_artificial_intelligence,Existential risk from artificial intelligence,Existential_risk_from_artificial_intelligence,,
1068604701,1068364627,Nat965,8578365,2022-01-29T10:32:34Z,113925,"Apply [[WP:AWB/GF|Gen fix(es)]], [[WP:AWB/T|typo(s) fixed]]: Vice-President → vice-president, Long term → Long-term",['AWB'],Existential_risk_from_artificial_intelligence,Existential risk from artificial intelligence,Existential_risk_from_artificial_intelligence,,
1072833777,1068604701,Plasmastate,37795551,2022-02-19T18:08:35Z,116228,/* Skepticism */ Add an argument about intelligence being only one component of a broader goal-achieving ability,['visualeditor'],Existential_risk_from_artificial_intelligence,Existential risk from artificial intelligence,Existential_risk_from_artificial_intelligence,,
1072835571,1072833777,Plasmastate,37795551,2022-02-19T18:18:50Z,116229,/* The three difficulties */ Fix citation and add media type,['visualeditor'],Existential_risk_from_artificial_intelligence,Existential risk from artificial intelligence,Existential_risk_from_artificial_intelligence,,
1074441276,1072835571,212.235.98.140,0,2022-02-28T08:08:04Z,116221,,['wikieditor'],Existential_risk_from_artificial_intelligence,Existential risk from artificial intelligence,Existential_risk_from_artificial_intelligence,True,
1076571922,1074441276,BrownHairedGirl,754619,2022-03-11T19:53:27Z,116256,tag with {{[[Template:Bare URL PDF|Bare URL PDF]]}},['AWB'],Existential_risk_from_artificial_intelligence,Existential risk from artificial intelligence,Existential_risk_from_artificial_intelligence,,
1079062885,1076571922,MrShrimp,43597984,2022-03-24T20:26:09Z,116281,linked to Tom Dietterich's page,['visualeditor'],Existential_risk_from_artificial_intelligence,Existential risk from artificial intelligence,Existential_risk_from_artificial_intelligence,,
1082142122,1079062885,Shatex.J,43703638,2022-04-11T15:27:57Z,108223,/* History */,"['mobile edit', 'mobile web edit', 'blanking', 'mw-reverted']",Existential_risk_from_artificial_intelligence,Existential risk from artificial intelligence,Existential_risk_from_artificial_intelligence,,
1082142227,1082142122,EthanGaming7640,42316941,2022-04-11T15:28:36Z,116281,Reverting edit(s) by [[Special:Contributions/Shatex.J|Shatex.J]] ([[User_talk:Shatex.J|talk]]) to rev. 1079062885 by MrShrimp: [[WP:VANDAL|Vandalism]] [[w:en:WP:RW|(RW 16.1)]],"['mw-undo', 'RedWarn']",Existential_risk_from_artificial_intelligence,Existential risk from artificial intelligence,Existential_risk_from_artificial_intelligence,,
1082143319,1082142227,Shatex.J,43703638,2022-04-11T15:35:05Z,101520,/* General argument */,"['mobile edit', 'mobile web edit', 'mw-reverted']",Existential_risk_from_artificial_intelligence,Existential risk from artificial intelligence,Existential_risk_from_artificial_intelligence,,
1082144109,1082143319,Shatex.J,43703638,2022-04-11T15:39:30Z,94839,/* Anthopomorphic arguments */,"['mobile edit', 'mobile web edit', 'possible vandalism', 'mw-reverted']",Existential_risk_from_artificial_intelligence,Existential risk from artificial intelligence,Existential_risk_from_artificial_intelligence,,
1082144151,1082144109,Isabelle Belato,10939449,2022-04-11T15:39:45Z,116281,Reverted edits by [[Special:Contributions/Shatex.J|Shatex.J]] ([[User talk:Shatex.J|talk]]) ([[WP:HG|HG]]) (3.4.10),['mw-rollback'],Existential_risk_from_artificial_intelligence,Existential risk from artificial intelligence,Existential_risk_from_artificial_intelligence,,
1082145657,1082144151,Shatex.J,43703638,2022-04-11T15:48:53Z,117371,*/Possible risks*/,"['mobile edit', 'mobile web edit', 'mw-reverted']",Existential_risk_from_artificial_intelligence,Existential risk from artificial intelligence,Existential_risk_from_artificial_intelligence,,
1082177693,1082145657,Yitzilitt,32462242,2022-04-11T19:15:07Z,116281,Undid revision 1082145657 by [[Special:Contributions/Shatex.J|Shatex.J]] ([[User talk:Shatex.J|talk]]),"['mw-undo', 'wikieditor']",Existential_risk_from_artificial_intelligence,Existential risk from artificial intelligence,Existential_risk_from_artificial_intelligence,,
1082482821,1082177693,Explicit,4842600,2022-04-13T12:06:08Z,116277,Removing link(s) [[Wikipedia:Articles for deletion/Magnus Vinding]] closed as delete ([[WP:XFDC#4.0.13|XFDcloser]]),[],Existential_risk_from_artificial_intelligence,Existential risk from artificial intelligence,Existential_risk_from_artificial_intelligence,,
1083483103,1082482821,174.101.148.148,0,2022-04-19T01:56:20Z,116278,/* Anthropomorphic arguments */Changed anthropomorphic to anthropomorphic,"['mobile edit', 'mobile web edit']",Existential_risk_from_artificial_intelligence,Existential risk from artificial intelligence,Existential_risk_from_artificial_intelligence,True,
1088625886,1083483103,Citation bot,7903804,2022-05-19T05:44:00Z,116357,"Alter: template type, isbn, title. Add: issue, volume, journal, magazine, s2cid. Removed parameters. Some additions/deletions were parameter name changes. Upgrade ISBN10 to 13. | [[WP:UCB|Use this bot]]. [[WP:DBUG|Report bugs]]. | Suggested by Headbomb | Linked from Wikipedia:WikiProject_Academic_Journals/Journals_cited_by_Wikipedia/Sandbox | #UCB_webform_linked 594/1757",[],Existential_risk_from_artificial_intelligence,Existential risk from artificial intelligence,Existential_risk_from_artificial_intelligence,,
1090995464,1088625886,GreenC bot,27823944,2022-06-01T15:55:34Z,116512,Rescued 1 archive link. [[User:GreenC/WaybackMedic_2.5|Wayback Medic 2.5]],[],Existential_risk_from_artificial_intelligence,Existential risk from artificial intelligence,Existential_risk_from_artificial_intelligence,,
1091170543,1090995464,GreenC bot,27823944,2022-06-02T16:38:46Z,116512,Move 1 url. [[User:GreenC/WaybackMedic_2.5|Wayback Medic 2.5]],[],Existential_risk_from_artificial_intelligence,Existential risk from artificial intelligence,Existential_risk_from_artificial_intelligence,,
1091641390,1091170543,The Transhumanist,1754504,2022-06-05T13:38:24Z,116506,update link,"['visualeditor-switched', 'wikieditor']",Existential_risk_from_artificial_intelligence,Existential risk from artificial intelligence,Existential_risk_from_artificial_intelligence,,
1091644026,1091641390,The Transhumanist,1754504,2022-06-05T13:59:44Z,116554,"/* Sources of risk */ add subsection ""AI Alignment"" excerpting the lead from that page - see that page for attributions",['wikieditor'],Existential_risk_from_artificial_intelligence,Existential risk from artificial intelligence,Existential_risk_from_artificial_intelligence,,
1091644123,1091644026,The Transhumanist,1754504,2022-06-05T14:00:34Z,116563,/* AI alignment */ AI alignment problem,['wikieditor'],Existential_risk_from_artificial_intelligence,Existential risk from artificial intelligence,Existential_risk_from_artificial_intelligence,,
1091653335,1091644123,The Transhumanist,1754504,2022-06-05T15:08:22Z,116390,"remove merge tag - the articles now connect to each other with summary sections, rather than adding them together into a 300K sized article.",['wikieditor'],Existential_risk_from_artificial_intelligence,Existential risk from artificial intelligence,Existential_risk_from_artificial_intelligence,,
1091656502,1091653335,The Transhumanist,1754504,2022-06-05T15:29:55Z,116451,"/* Possible scenarios */ add section for [[AI takeover]], using {{Excerpt|AI takeover|only=paragraph}} - for attributions, see that page's history",['wikieditor'],Existential_risk_from_artificial_intelligence,Existential risk from artificial intelligence,Existential_risk_from_artificial_intelligence,,
1092427508,1091656502,Wingman4l7,12487726,2022-06-10T06:33:06Z,116474,/* Popular reaction */ -- added author to ref,['wikieditor'],Existential_risk_from_artificial_intelligence,Existential risk from artificial intelligence,Existential_risk_from_artificial_intelligence,,
1094411513,1092427508,2800:484:6184:1900:A43F:6166:7408:6437,0,2022-06-22T13:24:30Z,116482,/* History */ Added links,"['mobile edit', 'canned edit summary', 'mobile app edit', 'android app edit', 'disambiguator-link-added']",Existential_risk_from_artificial_intelligence,Existential risk from artificial intelligence,Existential_risk_from_artificial_intelligence,True,
1100958792,1094411513,Johncdraper,35841168,2022-07-28T15:08:50Z,117230,Moved one sentence; added two cites.,['visualeditor'],Existential_risk_from_artificial_intelligence,Existential risk from artificial intelligence,Existential_risk_from_artificial_intelligence,,
1100972907,1100958792,Johncdraper,35841168,2022-07-28T16:45:46Z,117231,/* Regulation */ Ce,['visualeditor'],Existential_risk_from_artificial_intelligence,Existential risk from artificial intelligence,Existential_risk_from_artificial_intelligence,,
1100974031,1100972907,Ira Leviton,25046916,2022-07-28T16:53:34Z,117228,Fixed a pmc parameter in a citation.  Please see [[Category:CS1 maint: PMC format]].,['wikieditor'],Existential_risk_from_artificial_intelligence,Existential risk from artificial intelligence,Existential_risk_from_artificial_intelligence,,
1101826242,1100974031,Citation bot,7903804,2022-08-02T00:59:47Z,117354,"Alter: journal. Add: newspaper, pmid, pages, s2cid, url, authors 1-1. Removed parameters. Formatted [[WP:ENDASH|dashes]]. Some additions/deletions were parameter name changes. | [[WP:UCB|Use this bot]]. [[WP:DBUG|Report bugs]]. | Suggested by Abductive | #UCB_toolbar",[],Existential_risk_from_artificial_intelligence,Existential risk from artificial intelligence,Existential_risk_from_artificial_intelligence,,
1105086466,1101826242,Johncdraper,35841168,2022-08-18T12:57:25Z,117358,/* Weaponization of artificial intelligence */ Wikilinked technological supremacy,['visualeditor'],Existential_risk_from_artificial_intelligence,Existential risk from artificial intelligence,Existential_risk_from_artificial_intelligence,,
1105244557,1105086466,Johncdraper,35841168,2022-08-19T08:31:12Z,117400,/* See also */ Converted to columns,['visualeditor'],Existential_risk_from_artificial_intelligence,Existential risk from artificial intelligence,Existential_risk_from_artificial_intelligence,,
1106909394,1105244557,SimLibrarian,39191556,2022-08-27T03:22:14Z,117418,"/* History */ disambiguated link, italics for book title, punctuation fixes for logical quotation style ([[MOS:LQ]]), rm spaces around emdashes ([[MOS:DASH]]), rm quotation marks from block quotes ([[MOS:BQ]]), ellipsis style fixes",['visualeditor'],Existential_risk_from_artificial_intelligence,Existential risk from artificial intelligence,Existential_risk_from_artificial_intelligence,,
1107491475,1106909394,Johncdraper,35841168,2022-08-30T07:40:07Z,117983,"/* Regulation */ Added status of UN capability to manage AGI risk, with cite",['visualeditor'],Existential_risk_from_artificial_intelligence,Existential risk from artificial intelligence,Existential_risk_from_artificial_intelligence,,
1111093666,1107491475,Johncdraper,35841168,2022-09-19T07:56:15Z,117977,/* Mitigation */ AI control problem -> AI alignment,['visualeditor'],Existential_risk_from_artificial_intelligence,Existential risk from artificial intelligence,Existential_risk_from_artificial_intelligence,,
1113095155,1111093666,2601:186:4300:17BB:C1E7:6481:7BB:AEFB,0,2022-09-29T18:26:11Z,117973,,"['mobile edit', 'mobile web edit']",Existential_risk_from_artificial_intelligence,Existential risk from artificial intelligence,Existential_risk_from_artificial_intelligence,True,
1113436820,1113095155,73.186.196.13,0,2022-10-01T13:25:04Z,117974,Fixed typos,"['mobile edit', 'mobile web edit', 'mw-reverted']",Existential_risk_from_artificial_intelligence,Existential risk from artificial intelligence,Existential_risk_from_artificial_intelligence,True,
1113437011,1113436820,73.186.196.13,0,2022-10-01T13:26:39Z,117987,,"['mobile edit', 'mobile web edit', 'mw-reverted']",Existential_risk_from_artificial_intelligence,Existential risk from artificial intelligence,Existential_risk_from_artificial_intelligence,True,
1113444199,1113437011,Johncdraper,35841168,2022-10-01T14:21:06Z,117986,Undid revision 1113436820 by [[Special:Contributions/73.186.196.13|73.186.196.13]] ([[User talk:73.186.196.13|talk]])RV,"['mw-undo', 'wikieditor']",Existential_risk_from_artificial_intelligence,Existential risk from artificial intelligence,Existential_risk_from_artificial_intelligence,,
1113444267,1113444199,Johncdraper,35841168,2022-10-01T14:21:34Z,117973,Undid revision 1113437011 by [[Special:Contributions/73.186.196.13|73.186.196.13]] ([[User talk:73.186.196.13|talk]])RV,"['mw-undo', 'wikieditor']",Existential_risk_from_artificial_intelligence,Existential risk from artificial intelligence,Existential_risk_from_artificial_intelligence,,
1113499981,1113444267,Mikeblas,327592,2022-10-01T19:58:03Z,117981,/* Endorsement */ fix title,['wikieditor'],Existential_risk_from_artificial_intelligence,Existential risk from artificial intelligence,Existential_risk_from_artificial_intelligence,,
1113500544,1113499981,Mikeblas,327592,2022-10-01T20:02:08Z,118531,/* References */  fix referencing error introduced by [[User:CharlesGillingham]],['wikieditor'],Existential_risk_from_artificial_intelligence,Existential risk from artificial intelligence,Existential_risk_from_artificial_intelligence,,
1114433944,1113500544,39.37.163.114,0,2022-10-06T13:23:57Z,118552,/* AI takeover */,"['visualeditor', 'mw-reverted']",Existential_risk_from_artificial_intelligence,Existential risk from artificial intelligence,Existential_risk_from_artificial_intelligence,True,
1114433992,1114433944,Wesoree,36969619,2022-10-06T13:24:17Z,118531,Reverting edit(s) by [[Special:Contributions/39.37.163.114|39.37.163.114]] ([[User_talk:39.37.163.114|talk]]) to rev. 1113500544 by Mikeblas: [[WP:VANDAL|Vandalism]] [[w:en:WP:RW|(RW 16.1)]],"['mw-undo', 'RedWarn']",Existential_risk_from_artificial_intelligence,Existential risk from artificial intelligence,Existential_risk_from_artificial_intelligence,,
1114652432,1114433992,Chasduncan,9974363,2022-10-07T15:45:56Z,118559,/* See also */ adding reference to related area,['wikieditor'],Existential_risk_from_artificial_intelligence,Existential risk from artificial intelligence,Existential_risk_from_artificial_intelligence,,
1115588564,1114652432,Benevolent Prawn,37281456,2022-10-12T05:59:15Z,118573,/* Skepticism */,['wikieditor'],Existential_risk_from_artificial_intelligence,Existential risk from artificial intelligence,Existential_risk_from_artificial_intelligence,,
1116536151,1115588564,DuganPorter,993790,2022-10-17T02:19:25Z,118777,Add templates calling out deficiencies in article.,['visualeditor-wikitext'],Existential_risk_from_artificial_intelligence,Existential risk from artificial intelligence,Existential_risk_from_artificial_intelligence,,
1122944623,1116536151,Citation bot,7903804,2022-11-20T20:08:35Z,118821,"Alter: title. Add: s2cid, bibcode. | [[WP:UCB|Use this bot]]. [[WP:DBUG|Report bugs]]. | Suggested by Abductive | [[Category:Wikipedia articles needing clarification from October 2022]] | #UCB_Category 231/718",[],Existential_risk_from_artificial_intelligence,Existential risk from artificial intelligence,Existential_risk_from_artificial_intelligence,,
1123781842,1122944623,Meno25,1255878,2022-11-25T17:24:15Z,118821,/* See also */,['wikieditor'],Existential_risk_from_artificial_intelligence,Existential risk from artificial intelligence,Existential_risk_from_artificial_intelligence,,
1129111728,1123781842,SoerenMind,21728091,2022-12-23T17:07:45Z,118918,add links to alignment and control + copy edit,['visualeditor'],Existential_risk_from_artificial_intelligence,Existential risk from artificial intelligence,Existential_risk_from_artificial_intelligence,,
1130022290,1129111728,Debunkered,44617905,2022-12-28T07:10:07Z,118767,"/* Endorsement */There is no reason for this photo to be in this article. It is the only photo of a person in the entire article. Furthermore, the caption text of the photo is already directly stated in the main body text. The presence of the photo makes the article seem biased towards the opinions of the pictures individual as no other people are shown in images on this page.","['mobile edit', 'mobile web edit']",Existential_risk_from_artificial_intelligence,Existential risk from artificial intelligence,Existential_risk_from_artificial_intelligence,,
1130023759,1130022290,Debunkered,44617905,2022-12-28T07:23:47Z,118856,/* Endorsement */Less biased statement about OpenAI and more accurate information stating that it also consists of a for-profit corporation.,"['mobile edit', 'mobile web edit']",Existential_risk_from_artificial_intelligence,Existential risk from artificial intelligence,Existential_risk_from_artificial_intelligence,,
1131851930,1130023759,Xodarap00,5727020,2023-01-06T01:52:18Z,119094,fix incorrect reference,['wikieditor'],Existential_risk_from_artificial_intelligence,Existential risk from artificial intelligence,Existential_risk_from_artificial_intelligence,,
1134574046,1131851930,Loperllllll,45205215,2023-01-19T10:00:46Z,119113,,['wikieditor'],Existential_risk_from_artificial_intelligence,Existential risk from artificial intelligence,Existential_risk_from_artificial_intelligence,,
1134653935,1134574046,Liz,19404073,2023-01-19T20:41:53Z,119109,"Removing link(s) to ""Artificial philosophy"": Removing links to deleted page Artificial philosophy.","['twinkle', 'mw-reverted']",Existential_risk_from_artificial_intelligence,Existential risk from artificial intelligence,Existential_risk_from_artificial_intelligence,,
1136290030,1134653935,OAbot,28481209,2023-01-29T17:19:56Z,119142,[[Wikipedia:OABOT|Open access bot]]: doi added to citation with #oabot.,[],Existential_risk_from_artificial_intelligence,Existential risk from artificial intelligence,Existential_risk_from_artificial_intelligence,,
1136656353,1136290030,Atheist723,10337467,2023-01-31T13:16:33Z,119146,/* Timeframe */,['wikieditor'],Existential_risk_from_artificial_intelligence,Existential risk from artificial intelligence,Existential_risk_from_artificial_intelligence,,
1137706454,1136656353,AntediluvianBlue,34187074,2023-02-06T01:17:35Z,119154,/* Endorsement */ Missing quote mark made sentence ambiguous.,['visualeditor'],Existential_risk_from_artificial_intelligence,Existential risk from artificial intelligence,Existential_risk_from_artificial_intelligence,,
1137949983,1137706454,Montgolfière,11467090,2023-02-07T06:28:02Z,119159,,['wikieditor'],Existential_risk_from_artificial_intelligence,Existential risk from artificial intelligence,Existential_risk_from_artificial_intelligence,,
1138260545,1137949983,Someone who's wrong on the internet,34915723,2023-02-08T19:47:12Z,119163,Undid revision 1134653935 by [[Special:Contributions/Liz|Liz]] ([[User talk:Liz|talk]]),"['mw-undo', 'wikieditor']",Existential_risk_from_artificial_intelligence,Existential risk from artificial intelligence,Existential_risk_from_artificial_intelligence,,
1139055198,1138260545,Meno25,1255878,2023-02-13T03:34:14Z,119205,/* Mitigation */,['wikieditor'],Existential_risk_from_artificial_intelligence,Existential risk from artificial intelligence,Existential_risk_from_artificial_intelligence,,
1140334209,1139055198,Citation bot,7903804,2023-02-19T16:41:58Z,119079,Removed proxy/dead URL that duplicated identifier. Removed access-date with no URL. | [[WP:UCB|Use this bot]]. [[WP:DBUG|Report bugs]]. | Suggested by Corvus florensis | #UCB_webform 21/3499,[],Existential_risk_from_artificial_intelligence,Existential risk from artificial intelligence,Existential_risk_from_artificial_intelligence,,
1143264967,1140334209,Tedweverka,34599227,2023-03-06T19:40:51Z,119136,/* Timeframe */  fixed the summary of polls adding a call out of the standard deviation as well as the mean.,['wikieditor'],Existential_risk_from_artificial_intelligence,Existential risk from artificial intelligence,Existential_risk_from_artificial_intelligence,,
1143557489,1143264967,98.172.14.97,0,2023-03-08T13:45:02Z,119136,/* Timeframe */,['wikieditor'],Existential_risk_from_artificial_intelligence,Existential risk from artificial intelligence,Existential_risk_from_artificial_intelligence,True,
1144857283,1143557489,Yello231,39520996,2023-03-15T23:34:02Z,135784,Rescuing 87 sources and tagging 0 as dead.) #IABot (v2.0.9.3,['OAuth CID: 1804'],Existential_risk_from_artificial_intelligence,Existential risk from artificial intelligence,Existential_risk_from_artificial_intelligence,,
1147317736,1144857283,Rolf h nelson,18596103,2023-03-30T04:54:29Z,139223,+March 2023 FLI letter,['wikieditor'],Existential_risk_from_artificial_intelligence,Existential risk from artificial intelligence,Existential_risk_from_artificial_intelligence,,
1147318296,1147317736,Rolf h nelson,18596103,2023-03-30T05:01:24Z,139763,/* Intermediate views */ +expand hinton,['wikieditor'],Existential_risk_from_artificial_intelligence,Existential risk from artificial intelligence,Existential_risk_from_artificial_intelligence,,
1147318500,1147318296,Rolf h nelson,18596103,2023-03-30T05:03:46Z,140062,/* History */,['wikieditor'],Existential_risk_from_artificial_intelligence,Existential risk from artificial intelligence,Existential_risk_from_artificial_intelligence,,
1147322761,1147318500,Rolf h nelson,18596103,2023-03-30T05:55:35Z,140508,/* Regulation */ +npr on fli letter,['wikieditor'],Existential_risk_from_artificial_intelligence,Existential risk from artificial intelligence,Existential_risk_from_artificial_intelligence,,
1147377940,1147322761,Frietjes,13791031,2023-03-30T15:17:56Z,140504,update template syntax,['wikieditor'],Existential_risk_from_artificial_intelligence,Existential risk from artificial intelligence,Existential_risk_from_artificial_intelligence,,
1147429806,1147377940,Moorlock,217661,2023-03-30T22:13:53Z,140531,,['wikieditor'],Existential_risk_from_artificial_intelligence,Existential risk from artificial intelligence,Existential_risk_from_artificial_intelligence,,
1147430895,1147429806,Moorlock,217661,2023-03-30T22:25:07Z,140522,/* History */,['wikieditor'],Existential_risk_from_artificial_intelligence,Existential risk from artificial intelligence,Existential_risk_from_artificial_intelligence,,
1147431712,1147430895,Moorlock,217661,2023-03-30T22:32:50Z,140598,/* The three difficulties */,['wikieditor'],Existential_risk_from_artificial_intelligence,Existential risk from artificial intelligence,Existential_risk_from_artificial_intelligence,,
1147432495,1147431712,Moorlock,217661,2023-03-30T22:42:18Z,140703,/* Evaluation and other arguments */,['wikieditor'],Existential_risk_from_artificial_intelligence,Existential risk from artificial intelligence,Existential_risk_from_artificial_intelligence,,
1147433026,1147432495,Moorlock,217661,2023-03-30T22:47:43Z,140722,/* Possible scenarios */,['wikieditor'],Existential_risk_from_artificial_intelligence,Existential risk from artificial intelligence,Existential_risk_from_artificial_intelligence,,
1147434132,1147433026,Moorlock,217661,2023-03-30T22:59:27Z,140844,/* Anthropomorphic arguments */,['wikieditor'],Existential_risk_from_artificial_intelligence,Existential risk from artificial intelligence,Existential_risk_from_artificial_intelligence,,
1147435520,1147434132,Moorlock,217661,2023-03-30T23:12:17Z,141036,/* Difficulty of specifying goals */,['wikieditor'],Existential_risk_from_artificial_intelligence,Existential risk from artificial intelligence,Existential_risk_from_artificial_intelligence,,
1147435699,1147435520,Moorlock,217661,2023-03-30T23:14:04Z,141066,/* Difficulties of modifying goal specification after launch */,['wikieditor'],Existential_risk_from_artificial_intelligence,Existential risk from artificial intelligence,Existential_risk_from_artificial_intelligence,,
1147436291,1147435699,Moorlock,217661,2023-03-30T23:20:55Z,141174,/* Instrumental goal convergence */,['wikieditor'],Existential_risk_from_artificial_intelligence,Existential risk from artificial intelligence,Existential_risk_from_artificial_intelligence,,
1147437475,1147436291,Moorlock,217661,2023-03-30T23:32:59Z,141076,/* Orthogonality thesis */,['wikieditor'],Existential_risk_from_artificial_intelligence,Existential risk from artificial intelligence,Existential_risk_from_artificial_intelligence,,
1147438255,1147437475,Moorlock,217661,2023-03-30T23:41:49Z,141333,/* Other sources of risk */,['wikieditor'],Existential_risk_from_artificial_intelligence,Existential risk from artificial intelligence,Existential_risk_from_artificial_intelligence,,
1147438798,1147438255,Moorlock,217661,2023-03-30T23:47:58Z,141330,/* Timeframe */,['wikieditor'],Existential_risk_from_artificial_intelligence,Existential risk from artificial intelligence,Existential_risk_from_artificial_intelligence,,
1147440918,1147438798,Moorlock,217661,2023-03-31T00:06:31Z,141519,/* Perspectives */,['wikieditor'],Existential_risk_from_artificial_intelligence,Existential risk from artificial intelligence,Existential_risk_from_artificial_intelligence,,
1147442769,1147440918,Moorlock,217661,2023-03-31T00:21:23Z,141411,/* Mitigation */,['wikieditor'],Existential_risk_from_artificial_intelligence,Existential risk from artificial intelligence,Existential_risk_from_artificial_intelligence,,
1147444948,1147442769,AnomieBOT,7611264,2023-03-31T00:41:30Z,142419,Dating maintenance tags: {{To whom?}} {{Current event inline}} {{Clarify}} {{Promotion inline}} {{According to whom}} {{Relevance inline}} {{Repetition inline}} {{Dubious}} {{Definition needed}} {{Jargon inline}} {{Cn}} {{Fact or opinion}} {{Weasel inline}} {{Peacock inline}} {{By whom}} {{With whom}} {{Copy edit inline}} {{Vague}} {{Ambiguous}},[],Existential_risk_from_artificial_intelligence,Existential risk from artificial intelligence,Existential_risk_from_artificial_intelligence,,
1147456943,1147444948,Jonesey95,9755426,2023-03-31T02:26:58Z,142292,trim modifiers,[],Existential_risk_from_artificial_intelligence,Existential risk from artificial intelligence,Existential_risk_from_artificial_intelligence,,
1147465738,1147456943,Rolf h nelson,18596103,2023-03-31T04:02:25Z,140212,address some templates,['wikieditor'],Existential_risk_from_artificial_intelligence,Existential risk from artificial intelligence,Existential_risk_from_artificial_intelligence,,
1147467362,1147465738,Rolf h nelson,18596103,2023-03-31T04:21:25Z,132674,"/* Other sources of risk */ [[WP:BRD]] Trim, some of this is or should be better addressed in other WIkipedia articles",['wikieditor'],Existential_risk_from_artificial_intelligence,Existential risk from artificial intelligence,Existential_risk_from_artificial_intelligence,,
1147467460,1147467362,Rolf h nelson,18596103,2023-03-31T04:22:49Z,132576,/* The three difficulties */,['wikieditor'],Existential_risk_from_artificial_intelligence,Existential risk from artificial intelligence,Existential_risk_from_artificial_intelligence,,
1147468377,1147467460,Rolf h nelson,18596103,2023-03-31T04:35:17Z,132579,"/* Evaluation and other arguments */ Attribute to hawking. Not sure what was originally meant by ""evaluation"".",['wikieditor'],Existential_risk_from_artificial_intelligence,Existential risk from artificial intelligence,Existential_risk_from_artificial_intelligence,,
1147468541,1147468377,Rolf h nelson,18596103,2023-03-31T04:37:47Z,132396,"/* Definition of ""intelligence"" */ Out-of-date",['wikieditor'],Existential_risk_from_artificial_intelligence,Existential risk from artificial intelligence,Existential_risk_from_artificial_intelligence,,
1147468786,1147468541,Rolf h nelson,18596103,2023-03-31T04:41:13Z,132193,/* Bostrom's argument */,['wikieditor'],Existential_risk_from_artificial_intelligence,Existential risk from artificial intelligence,Existential_risk_from_artificial_intelligence,,
1147469288,1147468786,Rolf h nelson,18596103,2023-03-31T04:47:39Z,132350,/* Bostrom's argument */ explain drive,['wikieditor'],Existential_risk_from_artificial_intelligence,Existential risk from artificial intelligence,Existential_risk_from_artificial_intelligence,,
1147470821,1147469288,Rolf h nelson,18596103,2023-03-31T05:08:08Z,132580,/* Skepticism */ date AGI skepticism,['wikieditor'],Existential_risk_from_artificial_intelligence,Existential risk from artificial intelligence,Existential_risk_from_artificial_intelligence,,
1147470864,1147470821,Rolf h nelson,18596103,2023-03-31T05:08:45Z,132585,/* Popular reaction */,['wikieditor'],Existential_risk_from_artificial_intelligence,Existential risk from artificial intelligence,Existential_risk_from_artificial_intelligence,,
1147471071,1147470864,Rolf h nelson,18596103,2023-03-31T05:11:14Z,132613,/* Regulation */ +andrew yang as fli signatory,['wikieditor'],Existential_risk_from_artificial_intelligence,Existential risk from artificial intelligence,Existential_risk_from_artificial_intelligence,,
1147483298,1147471071,Curious1i,130156,2023-03-31T07:31:49Z,132617,Added links,"['mobile edit', 'mobile app edit', 'ios app edit']",Existential_risk_from_artificial_intelligence,Existential risk from artificial intelligence,Existential_risk_from_artificial_intelligence,,
1147576556,1147483298,Jonesey95,9755426,2023-03-31T21:21:28Z,132454,"rm excessive tags placed by [[User:Moorlock]]; sources are provided that support this sentence, and they have the answers to your questions",[],Existential_risk_from_artificial_intelligence,Existential risk from artificial intelligence,Existential_risk_from_artificial_intelligence,,
1147667465,1147576556,AndyGordon,964786,2023-04-01T12:03:30Z,133121,/* Regulation */ criticism from Meg Mitchell,['visualeditor'],Existential_risk_from_artificial_intelligence,Existential risk from artificial intelligence,Existential_risk_from_artificial_intelligence,,
1147723391,1147667465,DefaultFree,34944050,2023-04-01T19:39:48Z,132894,"/* See also */ [[MOS:SEEALSO]]: ""the ""See also"" section should not repeat links that appear in the article's body""",['wikieditor'],Existential_risk_from_artificial_intelligence,Existential risk from artificial intelligence,Existential_risk_from_artificial_intelligence,,
1147723563,1147723391,DefaultFree,34944050,2023-04-01T19:41:07Z,132944,/* See also */ add related articles,['wikieditor'],Existential_risk_from_artificial_intelligence,Existential risk from artificial intelligence,Existential_risk_from_artificial_intelligence,,
1147726750,1147723563,DefaultFree,34944050,2023-04-01T20:04:40Z,132944,/* See also */ alphabetize,['wikieditor'],Existential_risk_from_artificial_intelligence,Existential risk from artificial intelligence,Existential_risk_from_artificial_intelligence,,
1148148627,1147726750,Techmamba,45687771,2023-04-04T11:01:33Z,132718,"Replaced old URL with new URL for topic ""Is artificial intelligence really an existential threat to humanity?"". For this topic page URL, I didn't find content on given link. So I changed old URL to My Website URL for same topic content.",['wikieditor'],Existential_risk_from_artificial_intelligence,Existential risk from artificial intelligence,Existential_risk_from_artificial_intelligence,,
1149136856,1148148627,SoerenMind,21728091,2023-04-10T11:53:41Z,135003,"Replaced with more relevant new endorsers. Removed ""once exclusively science fiction [until 2010s]"" because Turing was much earlier.",['visualeditor'],Existential_risk_from_artificial_intelligence,Existential risk from artificial intelligence,Existential_risk_from_artificial_intelligence,,
1149140812,1149136856,SoerenMind,21728091,2023-04-10T12:16:57Z,135543,Add survey result,['visualeditor'],Existential_risk_from_artificial_intelligence,Existential risk from artificial intelligence,Existential_risk_from_artificial_intelligence,,
1149141029,1149140812,SoerenMind,21728091,2023-04-10T12:18:40Z,135507,"/* The three difficulties */ removed promotion tag because the fact the book is ""standard"" is accurate and relevant to the reader, providing credibility. (This book is the most widely used AI textbook)",['visualeditor'],Existential_risk_from_artificial_intelligence,Existential risk from artificial intelligence,Existential_risk_from_artificial_intelligence,,
1149142511,1149141029,SoerenMind,21728091,2023-04-10T12:30:09Z,137911,Update new endorsers,['visualeditor'],Existential_risk_from_artificial_intelligence,Existential risk from artificial intelligence,Existential_risk_from_artificial_intelligence,,
1149454390,1149142511,Sathyalandref,45736194,2023-04-12T10:19:23Z,138279,/* Anthropomorphic arguments */,"['visualeditor', 'extraneous markup', 'mw-reverted']",Existential_risk_from_artificial_intelligence,Existential risk from artificial intelligence,Existential_risk_from_artificial_intelligence,,
1149466227,1149454390,MrOllie,6908984,2023-04-12T12:30:09Z,137911,Reverted 1 edit by [[Special:Contributions/Sathyalandref|Sathyalandref]] ([[User talk:Sathyalandref|talk]]): Spam,"['mw-undo', 'twinkle']",Existential_risk_from_artificial_intelligence,Existential risk from artificial intelligence,Existential_risk_from_artificial_intelligence,,
1149906227,1149466227,Alenoach,45435589,2023-04-15T05:33:19Z,137921,Some improvements,['visualeditor'],Existential_risk_from_artificial_intelligence,Existential risk from artificial intelligence,Existential_risk_from_artificial_intelligence,,
1150223082,1149906227,Alenoach,45435589,2023-04-16T23:57:00Z,136767,Lots of modifications meant to clarify or nuance,"['visualeditor', 'references removed', 'editcheck-references']",Existential_risk_from_artificial_intelligence,Existential risk from artificial intelligence,Existential_risk_from_artificial_intelligence,,
1150454817,1150223082,Jussi Karlgren,2659644,2023-04-18T08:41:30Z,136863,,['wikieditor'],Existential_risk_from_artificial_intelligence,Existential risk from artificial intelligence,Existential_risk_from_artificial_intelligence,,
1151128292,1150454817,Liliability,45616384,2023-04-22T03:28:54Z,137263,/* Banning */ Added on citation,['visualeditor'],Existential_risk_from_artificial_intelligence,Existential risk from artificial intelligence,Existential_risk_from_artificial_intelligence,,
1151556450,1151128292,Liliability,45616384,2023-04-24T19:51:01Z,137458,/* Banning */ Added one sentence and edited one sentence.,['visualeditor'],Existential_risk_from_artificial_intelligence,Existential risk from artificial intelligence,Existential_risk_from_artificial_intelligence,,
1151903171,1151556450,68.181.16.114,0,2023-04-26T23:40:03Z,137457,,['wikieditor'],Existential_risk_from_artificial_intelligence,Existential risk from artificial intelligence,Existential_risk_from_artificial_intelligence,True,
1152283049,1151903171,WikiCleanerBot,18872885,2023-04-29T08:30:17Z,137455,v2.05b - [[User:WikiCleanerBot#T5|Bot T5 CW#16]] - Fix errors for [[WP:WCW|CW project]] (Unicode control characters),['WPCleaner'],Existential_risk_from_artificial_intelligence,Existential risk from artificial intelligence,Existential_risk_from_artificial_intelligence,,
1152543928,1152283049,197.243.101.4,0,2023-04-30T21:46:21Z,138265,"/* Endorsement */ Added a sentence about Dustin Moskovitz's high profile AI Alignment donations. I thought the existing piece gave the misleading impression that Thiel and Musk were the main funders in the space, which has been false for many years.","['visualeditor', 'editcheck-references']",Existential_risk_from_artificial_intelligence,Existential risk from artificial intelligence,Existential_risk_from_artificial_intelligence,True,
1152544040,1152543928,197.243.101.4,0,2023-04-30T21:46:55Z,138273,/* Endorsement */ Added a year,['visualeditor'],Existential_risk_from_artificial_intelligence,Existential risk from artificial intelligence,Existential_risk_from_artificial_intelligence,True,
1152592272,1152544040,49.36.168.166,0,2023-05-01T04:44:37Z,138429,Artificial Intelligence,"['mw-reverted', 'wikieditor']",Existential_risk_from_artificial_intelligence,Existential risk from artificial intelligence,Existential_risk_from_artificial_intelligence,True,
1152592310,1152592272,Mr.weedle,1252797,2023-05-01T04:45:05Z,138273,Reverted edits by [[Special:Contributions/49.36.168.166|49.36.168.166]] ([[User talk:49.36.168.166|talk]]): not adhering to [[WP:MOS|manual of style]] ([[WP:HG|HG]]) (3.4.10),"['huggle', 'mw-manual-revert']",Existential_risk_from_artificial_intelligence,Existential risk from artificial intelligence,Existential_risk_from_artificial_intelligence,,
1153232715,1152592310,Myas012,13561619,2023-05-05T00:49:55Z,138410,"/* Skepticism */ statements made before LLMs started working are basically expired, as they're referring to a very different class of machine learning model than the ones we have today. Many of the people who said those things may have changed their stance now. (No one was expecting this rate of improvement.)",['wikieditor'],Existential_risk_from_artificial_intelligence,Existential risk from artificial intelligence,Existential_risk_from_artificial_intelligence,,
1153930313,1153232715,WikiCleanerBot,18872885,2023-05-09T06:01:58Z,138410,v2.05b - [[User:WikiCleanerBot#T20|Bot T20 CW#61]] - Fix errors for [[WP:WCW|CW project]] (Reference before punctuation),['WPCleaner'],Existential_risk_from_artificial_intelligence,Existential risk from artificial intelligence,Existential_risk_from_artificial_intelligence,,
1154079203,1153930313,Citation bot,7903804,2023-05-10T03:35:14Z,138552,"Alter: title, template type. Add: magazine, volume, series, newspaper, s2cid, bibcode. Removed parameters. Some additions/deletions were parameter name changes. | [[WP:UCB|Use this bot]]. [[WP:DBUG|Report bugs]]. | Suggested by BOZ | Linked from User:BOZ/sandbox-temp | #UCB_webform_linked 21/32",[],Existential_risk_from_artificial_intelligence,Existential risk from artificial intelligence,Existential_risk_from_artificial_intelligence,,
1155728546,1154079203,Curious1i,130156,2023-05-19T12:49:44Z,138556,Added links,"['mobile edit', 'mobile app edit', 'ios app edit']",Existential_risk_from_artificial_intelligence,Existential risk from artificial intelligence,Existential_risk_from_artificial_intelligence,,
1156166875,1155728546,Citation bot,7903804,2023-05-21T14:35:58Z,138599,Add: date. | [[WP:UCB|Use this bot]]. [[WP:DBUG|Report bugs]]. | Suggested by Abductive | [[Category:Wikipedia articles needing clarification from March 2023]] | #UCB_Category 479/826,[],Existential_risk_from_artificial_intelligence,Existential risk from artificial intelligence,Existential_risk_from_artificial_intelligence,,
1157126668,1156166875,BemusedObserver,21455156,2023-05-26T13:59:55Z,138821,Add a ref to Bengio's recent discussion of rogue AI,['wikieditor'],Existential_risk_from_artificial_intelligence,Existential risk from artificial intelligence,Existential_risk_from_artificial_intelligence,,
1157693500,1157126668,SoerenMind,21728091,2023-05-30T10:33:04Z,138862,/* See also */,['wikieditor'],Existential_risk_from_artificial_intelligence,Existential risk from artificial intelligence,Existential_risk_from_artificial_intelligence,,
1157725623,1157693500,Moorlock,217661,2023-05-30T15:22:23Z,141778,/* Bibliography */ fix broken refs,"['mw-reverted', 'wikieditor']",Existential_risk_from_artificial_intelligence,Existential risk from artificial intelligence,Existential_risk_from_artificial_intelligence,,
1157725767,1157725623,Moorlock,217661,2023-05-30T15:23:31Z,138862,Never mind... that didn't work,"['mw-undo', 'wikieditor']",Existential_risk_from_artificial_intelligence,Existential risk from artificial intelligence,Existential_risk_from_artificial_intelligence,,
1158528926,1157725767,World Politics at Glance,46037790,2023-06-04T16:51:15Z,139401,I have added more information about the concerns of AI Chiefs.,"['visualeditor', 'mw-reverted']",Existential_risk_from_artificial_intelligence,Existential risk from artificial intelligence,Existential_risk_from_artificial_intelligence,,
1158542818,1158528926,StereoFolic,40577729,2023-06-04T18:45:34Z,138862,"Undid revision 1158528926 by [[Special:Contributions/World Politics at Glance|World Politics at Glance]] ([[User talk:World Politics at Glance|talk]]) - statement not actually attributed to people as suggested, external link instead of ref used, and editor may have [[WP:COI]]","['mw-undo', 'wikieditor']",Existential_risk_from_artificial_intelligence,Existential risk from artificial intelligence,Existential_risk_from_artificial_intelligence,,
1159140814,1158542818,Johncdraper,35841168,2023-06-08T14:25:23Z,139947,/* History */ Updated with 2023 Center for AI Safety statement plus citations; added citation,['visualeditor'],Existential_risk_from_artificial_intelligence,Existential risk from artificial intelligence,Existential_risk_from_artificial_intelligence,,
1159270146,1159140814,Johncdraper,35841168,2023-06-09T08:51:45Z,140337,Added March 2023 FOLI letter.,['visualeditor'],Existential_risk_from_artificial_intelligence,Existential risk from artificial intelligence,Existential_risk_from_artificial_intelligence,,
1159765195,1159270146,Alenoach,45435589,2023-06-12T11:31:39Z,141050,Reused an image from the article on AI alignment.,['visualeditor'],Existential_risk_from_artificial_intelligence,Existential risk from artificial intelligence,Existential_risk_from_artificial_intelligence,,
1160371673,1159765195,Mathbedbug,43434251,2023-06-16T02:33:54Z,142209,/* Possible scenarios */ added a recent event,"['visualeditor', 'mw-reverted']",Existential_risk_from_artificial_intelligence,Existential risk from artificial intelligence,Existential_risk_from_artificial_intelligence,,
1160373460,1160371673,MrOllie,6908984,2023-06-16T02:49:59Z,141050,Reverted 1 edit by [[Special:Contributions/Mathbedbug|Mathbedbug]] ([[User talk:Mathbedbug|talk]]): Rv medium blog as source,"['mw-undo', 'twinkle']",Existential_risk_from_artificial_intelligence,Existential risk from artificial intelligence,Existential_risk_from_artificial_intelligence,,
1160654940,1160373460,Citation bot,7903804,2023-06-17T23:29:51Z,141068,"Alter: pages, title. Add: s2cid, pmid, authors 1-1. Removed parameters. Some additions/deletions were parameter name changes. | [[WP:UCB|Use this bot]]. [[WP:DBUG|Report bugs]]. | Suggested by Headbomb | Linked from Wikipedia:WikiProject_Academic_Journals/Journals_cited_by_Wikipedia/Sandbox2 | #UCB_webform_linked 293/999",[],Existential_risk_from_artificial_intelligence,Existential risk from artificial intelligence,Existential_risk_from_artificial_intelligence,,
1161532632,1160654940,118.69.182.8,0,2023-06-23T09:58:59Z,141740,Add: Charting the Path Forward of Human Extinction by AI,"['visualeditor', 'mw-reverted']",Existential_risk_from_artificial_intelligence,Existential risk from artificial intelligence,Existential_risk_from_artificial_intelligence,True,
1161533161,1161532632,Johncdraper,35841168,2023-06-23T10:05:10Z,141068,Undid revision 1161532632 by [[Special:Contributions/118.69.182.8|118.69.182.8]] ([[User talk:118.69.182.8|talk]])Reverted; source is a blog.,"['mw-undo', 'wikieditor']",Existential_risk_from_artificial_intelligence,Existential risk from artificial intelligence,Existential_risk_from_artificial_intelligence,,
1161681051,1161533161,118.69.182.8,0,2023-06-24T09:43:06Z,142400,add more AI risks with a summary table,"['visualeditor', 'mw-reverted', 'editcheck-references']",Existential_risk_from_artificial_intelligence,Existential risk from artificial intelligence,Existential_risk_from_artificial_intelligence,True,
1161681897,1161681051,Johncdraper,35841168,2023-06-24T09:53:32Z,141068,"Undid revision 1161681051 by [[Special:Contributions/118.69.182.8|118.69.182.8]] ([[User talk:118.69.182.8|talk]])Source is not authoritative. So, it is not from an encyclopedia, academic source, professional source, etc.","['mw-undo', 'wikieditor']",Existential_risk_from_artificial_intelligence,Existential risk from artificial intelligence,Existential_risk_from_artificial_intelligence,,
1162036933,1161681897,Kana Mino,46147966,2023-06-26T16:26:52Z,141086,,"['visualeditor', 'newcomer task', 'newcomer task update', 'editcheck-references']",Existential_risk_from_artificial_intelligence,Existential risk from artificial intelligence,Existential_risk_from_artificial_intelligence,,
1162045102,1162036933,StereoFolic,40577729,2023-06-26T17:35:08Z,141020,Lead: follow-on copyediting,"['visualeditor', 'editcheck-references']",Existential_risk_from_artificial_intelligence,Existential risk from artificial intelligence,Existential_risk_from_artificial_intelligence,,
1163288760,1162045102,23.243.36.170,0,2023-07-04T01:06:55Z,140894,/* History */,"['mw-reverted', 'wikieditor']",Existential_risk_from_artificial_intelligence,Existential risk from artificial intelligence,Existential_risk_from_artificial_intelligence,True,
1163298665,1163288760,MrOllie,6908984,2023-07-04T02:27:39Z,141020,Reverted 1 edit by [[Special:Contributions/23.243.36.170|23.243.36.170]] ([[User talk:23.243.36.170|talk]]) to last revision by StereoFolic,"['mw-undo', 'twinkle']",Existential_risk_from_artificial_intelligence,Existential risk from artificial intelligence,Existential_risk_from_artificial_intelligence,,
1164164691,1163298665,Alenoach,45435589,2023-07-08T05:04:21Z,141020,Reducing a bit the size of the image,['visualeditor'],Existential_risk_from_artificial_intelligence,Existential risk from artificial intelligence,Existential_risk_from_artificial_intelligence,,
1164178567,1164164691,Alenoach,45435589,2023-07-08T06:47:56Z,142096,"I was finding the structure of the sections ""General argument"" and ""Sources of risk"" overlapping and confusing. Here I propose to instead separate the arguments and the scenarios, which I hope is more understandable.","['visualeditor', 'editcheck-references', 'editcheck-newcontent']",Existential_risk_from_artificial_intelligence,Existential risk from artificial intelligence,Existential_risk_from_artificial_intelligence,,
1164181366,1164178567,Alenoach,45435589,2023-07-08T07:07:08Z,140913,Deduplicate references,['visualeditor'],Existential_risk_from_artificial_intelligence,Existential risk from artificial intelligence,Existential_risk_from_artificial_intelligence,,
1164307410,1164181366,Alenoach,45435589,2023-07-08T18:31:49Z,139948,"More lightweight mention of the open-letter, and removed a ""Further information"" that seemed a but superfluous here.","['visualeditor', 'editcheck-newcontent']",Existential_risk_from_artificial_intelligence,Existential risk from artificial intelligence,Existential_risk_from_artificial_intelligence,,
1164322030,1164307410,Alenoach,45435589,2023-07-08T19:59:17Z,126874,"Tried to further simplify the arguments section by renaming sections and removing some paragraphs that seem redundant. Removed the Timeframe section because it was partially obsolete and partially not about the timeframe. Sorry for deleting things. If you think I deleted something important, you can add it back. The Perspectives section still needs to be condensed.","['visualeditor', 'editcheck-newcontent']",Existential_risk_from_artificial_intelligence,Existential risk from artificial intelligence,Existential_risk_from_artificial_intelligence,,
1164324945,1164322030,Alenoach,45435589,2023-07-08T20:18:27Z,126839,"Proposing the section name ""Goal-content integrity"", which is a term commonly used",['visualeditor'],Existential_risk_from_artificial_intelligence,Existential risk from artificial intelligence,Existential_risk_from_artificial_intelligence,,
1164381982,1164324945,StereoFolic,40577729,2023-07-09T01:35:55Z,126845,"/* Goal-content integrity */ Change heading to ""Resistance to changing goals"" - IMO ""goal-content integrity"" is unnecessary jargon. If a [[WP:RS]] can be found clearly defining this as 'goal-content integrity' I think it's worth mentioning the term within this section.",['visualeditor'],Existential_risk_from_artificial_intelligence,Existential risk from artificial intelligence,Existential_risk_from_artificial_intelligence,,
1164385095,1164381982,StereoFolic,40577729,2023-07-09T01:54:58Z,126239,/* Orthogonality thesis */ Condense Armstrong arguments,"['visualeditor', 'editcheck-newcontent']",Existential_risk_from_artificial_intelligence,Existential risk from artificial intelligence,Existential_risk_from_artificial_intelligence,,
1164385529,1164385095,StereoFolic,40577729,2023-07-09T01:57:39Z,126230,/* Orthogonality thesis */ copyedit,['visualeditor'],Existential_risk_from_artificial_intelligence,Existential risk from artificial intelligence,Existential_risk_from_artificial_intelligence,,
1164386023,1164385529,StereoFolic,40577729,2023-07-09T02:00:30Z,126238,/* Resistance to changing goals */ copyedit,['visualeditor'],Existential_risk_from_artificial_intelligence,Existential risk from artificial intelligence,Existential_risk_from_artificial_intelligence,,
1164389614,1164386023,StereoFolic,40577729,2023-07-09T02:20:57Z,126273,/* AI alignment problem */ Remove duplicated infobox. This transclusion remains problematic though (see Talk),['visualeditor-wikitext'],Existential_risk_from_artificial_intelligence,Existential risk from artificial intelligence,Existential_risk_from_artificial_intelligence,,
1164398948,1164389614,Kjerish,21755806,2023-07-09T03:12:07Z,126277,/* Regulation */ Link to Connor Leahy,['mw-reverted'],Existential_risk_from_artificial_intelligence,Existential risk from artificial intelligence,Existential_risk_from_artificial_intelligence,,
1164400056,1164398948,StereoFolic,40577729,2023-07-09T03:18:02Z,126273,"Undid revision 1164398948 by [[Special:Contributions/Kjerish|Kjerish]] ([[User talk:Kjerish|talk]]) - that page doesn't exist, and it just had a [[WP:AfC]] rejected","['mw-undo', 'wikieditor']",Existential_risk_from_artificial_intelligence,Existential risk from artificial intelligence,Existential_risk_from_artificial_intelligence,,
1164436980,1164400056,2603:8000:6F01:B2F3:316E:492E:1327:912,0,2023-07-09T06:56:08Z,126399,Provided a bit more context on the survey and cleaned up some of the language.,['wikieditor'],Existential_risk_from_artificial_intelligence,Existential risk from artificial intelligence,Existential_risk_from_artificial_intelligence,True,
1164442604,1164436980,2603:8000:6F01:B2F3:316E:492E:1327:912,0,2023-07-09T07:35:47Z,127172,/* Popular reaction */  – added a more recent poll to the list of public polls.,['wikieditor'],Existential_risk_from_artificial_intelligence,Existential risk from artificial intelligence,Existential_risk_from_artificial_intelligence,True,
1164442999,1164442604,2603:8000:6F01:B2F3:316E:492E:1327:912,0,2023-07-09T07:38:30Z,127173,/* Popular reaction */ fixed a typo (end quotation marks were missing),['wikieditor'],Existential_risk_from_artificial_intelligence,Existential risk from artificial intelligence,Existential_risk_from_artificial_intelligence,True,
1164507726,1164442999,Mikeblas,327592,2023-07-09T14:59:16Z,127189,"/* See also */ fix titles, alpha",['wikieditor'],Existential_risk_from_artificial_intelligence,Existential risk from artificial intelligence,Existential_risk_from_artificial_intelligence,,
1164517881,1164507726,StereoFolic,40577729,2023-07-09T16:01:26Z,127191,/* Popular reaction */ Yougov poll - add month and copyedit,['visualeditor'],Existential_risk_from_artificial_intelligence,Existential risk from artificial intelligence,Existential_risk_from_artificial_intelligence,,
1164519980,1164517881,StereoFolic,40577729,2023-07-09T16:13:21Z,127335,,['visualeditor-wikitext'],Existential_risk_from_artificial_intelligence,Existential risk from artificial intelligence,Existential_risk_from_artificial_intelligence,,
1164520941,1164519980,StereoFolic,40577729,2023-07-09T16:18:44Z,127399,/* Perspectives */ update refs in 2nd mention of 2022 expert survey,['visualeditor'],Existential_risk_from_artificial_intelligence,Existential risk from artificial intelligence,Existential_risk_from_artificial_intelligence,,
1164521653,1164520941,StereoFolic,40577729,2023-07-09T16:22:27Z,127403,/* Endorsement */ +wikilink,['visualeditor-wikitext'],Existential_risk_from_artificial_intelligence,Existential risk from artificial intelligence,Existential_risk_from_artificial_intelligence,,
1164801248,1164521653,Enervation,15210045,2023-07-11T05:30:20Z,128439,,"['visualeditor', 'editcheck-newcontent']",Existential_risk_from_artificial_intelligence,Existential risk from artificial intelligence,Existential_risk_from_artificial_intelligence,,
1164802817,1164801248,Enervation,15210045,2023-07-11T05:51:17Z,128411,,['visualeditor'],Existential_risk_from_artificial_intelligence,Existential risk from artificial intelligence,Existential_risk_from_artificial_intelligence,,
1164862693,1164802817,Alenoach,45435589,2023-07-11T14:55:04Z,128452,Gave subtitles to the scenarios,"['visualeditor', 'editcheck-newcontent']",Existential_risk_from_artificial_intelligence,Existential risk from artificial intelligence,Existential_risk_from_artificial_intelligence,,
1165014992,1164862693,Alenoach,45435589,2023-07-12T13:09:51Z,128584,Intermediate views readability + removed an old quote,"['visualeditor', 'editcheck-newcontent']",Existential_risk_from_artificial_intelligence,Existential risk from artificial intelligence,Existential_risk_from_artificial_intelligence,,
1165272021,1165014992,Alenoach,45435589,2023-07-14T03:39:02Z,132923,"Added a section ""AI capabilities"". I hope this is interesting. The next steps would be to further condensate the section ""AI alignment"", and to add a section on policy and strategy considerations (e.g. arms race)","['visualeditor', 'editcheck-newreference']",Existential_risk_from_artificial_intelligence,Existential risk from artificial intelligence,Existential_risk_from_artificial_intelligence,,
1165274854,1165272021,Alenoach,45435589,2023-07-14T04:14:13Z,132420,More recent views of Max More,"['visualeditor', 'editcheck-newreference', 'editcheck-newcontent']",Existential_risk_from_artificial_intelligence,Existential risk from artificial intelligence,Existential_risk_from_artificial_intelligence,,
1165276723,1165274854,StereoFolic,40577729,2023-07-14T04:35:34Z,132406,copyedit Max More and Geoffrey Hinton views,['visualeditor'],Existential_risk_from_artificial_intelligence,Existential risk from artificial intelligence,Existential_risk_from_artificial_intelligence,,
1165277490,1165276723,Alenoach,45435589,2023-07-14T04:44:57Z,129509,"Keep only the recent polls, for readability",['visualeditor'],Existential_risk_from_artificial_intelligence,Existential risk from artificial intelligence,Existential_risk_from_artificial_intelligence,,
1165339275,1165277490,Alenoach,45435589,2023-07-14T14:47:23Z,129990,"Define the terms at the beginning of the ""Timeline"" section","['visualeditor', 'editcheck-newreference', 'editcheck-newcontent']",Existential_risk_from_artificial_intelligence,Existential risk from artificial intelligence,Existential_risk_from_artificial_intelligence,,
1165340116,1165339275,Alenoach,45435589,2023-07-14T14:53:56Z,129995,"""occur"" => ""be created""",['visualeditor'],Existential_risk_from_artificial_intelligence,Existential risk from artificial intelligence,Existential_risk_from_artificial_intelligence,,
1165695889,1165340116,Alenoach,45435589,2023-07-16T20:52:32Z,131279,"Removed excerpt from AI alignment, added a section ""Alignment of superintelligences"", condensed the section ""Difficulty of specifying goals""","['visualeditor', 'editcheck-references', 'editcheck-newreference', 'editcheck-newcontent']",Existential_risk_from_artificial_intelligence,Existential risk from artificial intelligence,Existential_risk_from_artificial_intelligence,,
1166218344,1165695889,Alenoach,45435589,2023-07-20T03:40:02Z,133676,Subsection on AI arms race,"['visualeditor', 'editcheck-newreference']",Existential_risk_from_artificial_intelligence,Existential risk from artificial intelligence,Existential_risk_from_artificial_intelligence,,
1166219155,1166218344,Alenoach,45435589,2023-07-20T03:49:00Z,133001,Removed a paragraph that is quite old and doesn't offer much insight.,['visualeditor'],Existential_risk_from_artificial_intelligence,Existential risk from artificial intelligence,Existential_risk_from_artificial_intelligence,,
1166224159,1166219155,Alenoach,45435589,2023-07-20T04:46:58Z,132039,"""Views on banning and regulation"" => Condensed the paragraph on the open letter and added a link to the new article on it. Updated the part on the United Nations with recent content.","['visualeditor', 'editcheck-newreference']",Existential_risk_from_artificial_intelligence,Existential risk from artificial intelligence,Existential_risk_from_artificial_intelligence,,
1166260733,1166224159,Alenoach,45435589,2023-07-20T11:49:41Z,131967,Removed a confusing note on intelligent agents + rewording.,['visualeditor'],Existential_risk_from_artificial_intelligence,Existential risk from artificial intelligence,Existential_risk_from_artificial_intelligence,,
1166270746,1166260733,31.164.166.189,0,2023-07-20T13:22:34Z,132316,/* AI arms race */,['wikieditor'],Existential_risk_from_artificial_intelligence,Existential risk from artificial intelligence,Existential_risk_from_artificial_intelligence,True,
1166276760,1166270746,Achmad Rachmani,21112944,2023-07-20T14:19:57Z,132290,/* AI arms race */Errors,"['mobile edit', 'mobile web edit']",Existential_risk_from_artificial_intelligence,Existential risk from artificial intelligence,Existential_risk_from_artificial_intelligence,,
1166356080,1166276760,Star Mississippi,5532431,2023-07-21T01:13:43Z,132286,Removing link(s) [[Wikipedia:Articles for deletion/2001: A Space Odyssey]] closed as delete ([[WP:XFDC#4.0.13-beta|XFDcloser]]),[],Existential_risk_from_artificial_intelligence,Existential risk from artificial intelligence,Existential_risk_from_artificial_intelligence,,
1166360920,1166356080,StereoFolic,40577729,2023-07-21T01:53:07Z,132141,/* Timeline */ copyedit,['visualeditor'],Existential_risk_from_artificial_intelligence,Existential risk from artificial intelligence,Existential_risk_from_artificial_intelligence,,
1166362730,1166360920,StereoFolic,40577729,2023-07-21T02:08:01Z,132254,"/* AI capabilities */ restructure first two subsections. 'Timeline' is now AGI, and timeline predictions for ASI are moved to Superintelligence.","['visualeditor', 'editcheck-newcontent']",Existential_risk_from_artificial_intelligence,Existential risk from artificial intelligence,Existential_risk_from_artificial_intelligence,,
1166364511,1166362730,StereoFolic,40577729,2023-07-21T02:24:17Z,132281,/* Feasibility and advantages over humans */ rework,['visualeditor'],Existential_risk_from_artificial_intelligence,Existential risk from artificial intelligence,Existential_risk_from_artificial_intelligence,,
1166365258,1166364511,StereoFolic,40577729,2023-07-21T02:30:23Z,132268,"/* Superintelligence */ move Hawking feasibility comment up, rename 'feasibility and advantages...' to 'Comparison with humans'","['visualeditor', 'editcheck-newcontent']",Existential_risk_from_artificial_intelligence,Existential risk from artificial intelligence,Existential_risk_from_artificial_intelligence,,
1166366915,1166365258,StereoFolic,40577729,2023-07-21T02:46:12Z,132304,"/* Comparison with humans */ make data transmission speed comparison more fair - axon speed is much more akin to on-chip internal transfer speeds, and it is not known whether [[optical computing]] will ever be competitive.",['visualeditor'],Existential_risk_from_artificial_intelligence,Existential risk from artificial intelligence,Existential_risk_from_artificial_intelligence,,
1166368283,1166366915,StereoFolic,40577729,2023-07-21T03:00:54Z,132379,/* AI arms race */ light reworking,"['visualeditor', 'editcheck-references', 'editcheck-newcontent']",Existential_risk_from_artificial_intelligence,Existential risk from artificial intelligence,Existential_risk_from_artificial_intelligence,,
1166454379,1166368283,TenToe,45933826,2023-07-21T17:29:43Z,133399,"/* Regulation */ 2023, firms agree to AI safeguards","['visualeditor', 'editcheck-newreference', 'editcheck-newcontent']",Existential_risk_from_artificial_intelligence,Existential risk from artificial intelligence,Existential_risk_from_artificial_intelligence,,
1166455334,1166454379,StereoFolic,40577729,2023-07-21T17:37:45Z,133781,July 2023 voluntary commitments - Add commentary/context from existing AP citation,"['visualeditor', 'editcheck-references', 'editcheck-newcontent']",Existential_risk_from_artificial_intelligence,Existential risk from artificial intelligence,Existential_risk_from_artificial_intelligence,,
1166556761,1166455334,Alenoach,45435589,2023-07-22T09:55:23Z,133950,Precised what António Guterres said,['visualeditor'],Existential_risk_from_artificial_intelligence,Existential risk from artificial intelligence,Existential_risk_from_artificial_intelligence,,
1166557714,1166556761,Alenoach,45435589,2023-07-22T10:05:52Z,133985,Rephrasing,"['visualeditor', 'editcheck-references', 'editcheck-newcontent']",Existential_risk_from_artificial_intelligence,Existential risk from artificial intelligence,Existential_risk_from_artificial_intelligence,,
1166648579,1166557714,Alenoach,45435589,2023-07-22T22:28:52Z,136541,Added a section describing the types of existential risk.,"['visualeditor', 'editcheck-newreference', 'editcheck-newcontent']",Existential_risk_from_artificial_intelligence,Existential risk from artificial intelligence,Existential_risk_from_artificial_intelligence,,
1166648845,1166648579,Alenoach,45435589,2023-07-22T22:31:40Z,135866,Removed a paragraph that is old and not very insightful.,['visualeditor'],Existential_risk_from_artificial_intelligence,Existential risk from artificial intelligence,Existential_risk_from_artificial_intelligence,,
1166653358,1166648845,82.8.191.219,0,2023-07-22T23:12:10Z,136697,/* Intermediate views */ updating that Hinton quit Google to speak out on x-risk,['wikieditor'],Existential_risk_from_artificial_intelligence,Existential risk from artificial intelligence,Existential_risk_from_artificial_intelligence,True,
1166653525,1166653358,82.8.191.219,0,2023-07-22T23:13:40Z,136701,/* Banning */,['wikieditor'],Existential_risk_from_artificial_intelligence,Existential risk from artificial intelligence,Existential_risk_from_artificial_intelligence,True,
1166698504,1166653525,StereoFolic,40577729,2023-07-23T06:22:11Z,136155,"/* Intermediate views */ Merge Hinton paragraphs and remove 1 redundant line. I think this paragraph could still be condensed further, and some more sources would be helpful considering how widely his 2023 comments have been reported",['visualeditor'],Existential_risk_from_artificial_intelligence,Existential risk from artificial intelligence,Existential_risk_from_artificial_intelligence,,
1166740325,1166698504,Alenoach,45435589,2023-07-23T13:15:05Z,136334,"§ Perspectives : Deleted the ""intermediate views"" section (it's unclear what intermediate means here). Moved paragraphs to try to aggregate similar opinions. Added content on AI benefits, Toby Ord's and Yann LeCun's views.","['visualeditor', 'editcheck-newreference', 'editcheck-newcontent']",Existential_risk_from_artificial_intelligence,Existential risk from artificial intelligence,Existential_risk_from_artificial_intelligence,,
1166759582,1166740325,StereoFolic,40577729,2023-07-23T15:38:47Z,136075,/* Skepticism */ tighten and copyedit,['visualeditor'],Existential_risk_from_artificial_intelligence,Existential risk from artificial intelligence,Existential_risk_from_artificial_intelligence,,
1166760202,1166759582,StereoFolic,40577729,2023-07-23T15:42:57Z,135698,"/* Skepticism */ Remove Theodore Modis citation which did not speak to the claims cited (the paper is criticizing Kurzweil's exponential extrapolation, which is not really the basis for AGI risk)",['visualeditor'],Existential_risk_from_artificial_intelligence,Existential risk from artificial intelligence,Existential_risk_from_artificial_intelligence,,
1166761670,1166760202,StereoFolic,40577729,2023-07-23T15:54:51Z,134738,"/* Skepticism */ Remove Magnus Vinding commentary (the book cited is self-published, and he does not appear to be [[WP:notable]]), and expand on Kevin Kelly comments, which get at many of the same ideas. I think there's still room for more perspectives along these lines though.",['visualeditor'],Existential_risk_from_artificial_intelligence,Existential risk from artificial intelligence,Existential_risk_from_artificial_intelligence,,
1166762022,1166761670,StereoFolic,40577729,2023-07-23T15:57:53Z,134745,"/* Surveys */ rename section to ""Public Surveys""",['visualeditor'],Existential_risk_from_artificial_intelligence,Existential risk from artificial intelligence,Existential_risk_from_artificial_intelligence,,
1166762599,1166762022,StereoFolic,40577729,2023-07-23T16:02:32Z,134986,"/* Perspectives */ Reorganize - move ""Public Surveys"" to a subsection of ""Popular reaction"", and move the expert survey to the overall Perspectives introduction.","['visualeditor', 'editcheck-newcontent']",Existential_risk_from_artificial_intelligence,Existential risk from artificial intelligence,Existential_risk_from_artificial_intelligence,,
1166762969,1166762599,StereoFolic,40577729,2023-07-23T16:05:14Z,134943,/* Perspectives */ copyedit expert survey extinction expectation,['visualeditor'],Existential_risk_from_artificial_intelligence,Existential risk from artificial intelligence,Existential_risk_from_artificial_intelligence,,
1166763450,1166762969,StereoFolic,40577729,2023-07-23T16:08:40Z,134923,/* Endorsement */ reword point of agreement (there are more than two sides),['visualeditor'],Existential_risk_from_artificial_intelligence,Existential risk from artificial intelligence,Existential_risk_from_artificial_intelligence,,
1166767075,1166763450,StereoFolic,40577729,2023-07-23T16:35:44Z,135810,/* Skepticism */ expand on views from [[Stochastic Parrot]] authors. could probably be better combined with the first half of the paragraph. In general we need more diverse voices in the 'perspectives' section,"['visualeditor', 'editcheck-newreference']",Existential_risk_from_artificial_intelligence,Existential risk from artificial intelligence,Existential_risk_from_artificial_intelligence,,
1166770119,1166767075,StereoFolic,40577729,2023-07-23T17:00:22Z,135580,/* Public Surveys */ Remove accidentally left-over expert survey. This is now covered at the 'Perspectives' section intro,['visualeditor'],Existential_risk_from_artificial_intelligence,Existential risk from artificial intelligence,Existential_risk_from_artificial_intelligence,,
1166772341,1166770119,Alenoach,45435589,2023-07-23T17:19:08Z,135581,plural,['visualeditor'],Existential_risk_from_artificial_intelligence,Existential risk from artificial intelligence,Existential_risk_from_artificial_intelligence,,
1167007505,1166772341,Alenoach,45435589,2023-07-25T03:51:27Z,134298,Not a very notable part of AI risk history,['visualeditor'],Existential_risk_from_artificial_intelligence,Existential risk from artificial intelligence,Existential_risk_from_artificial_intelligence,,
1167016603,1167007505,Alenoach,45435589,2023-07-25T05:19:05Z,134265,Simplified a sentence,['visualeditor'],Existential_risk_from_artificial_intelligence,Existential risk from artificial intelligence,Existential_risk_from_artificial_intelligence,,
1167327118,1167016603,Alenoach,45435589,2023-07-27T02:49:01Z,134314,Added an image to show what an existential risk is,['visualeditor'],Existential_risk_from_artificial_intelligence,Existential risk from artificial intelligence,Existential_risk_from_artificial_intelligence,,
1167333113,1167327118,Alenoach,45435589,2023-07-27T03:59:01Z,134175,"Merged the 2 definitions, both are from Nick Bostrom",['visualeditor'],Existential_risk_from_artificial_intelligence,Existential risk from artificial intelligence,Existential_risk_from_artificial_intelligence,,
1167353745,1167333113,Alenoach,45435589,2023-07-27T07:03:12Z,134195,Links,['visualeditor'],Existential_risk_from_artificial_intelligence,Existential risk from artificial intelligence,Existential_risk_from_artificial_intelligence,,
1167357145,1167353745,Alenoach,45435589,2023-07-27T07:28:17Z,134192,Spaces,['visualeditor'],Existential_risk_from_artificial_intelligence,Existential risk from artificial intelligence,Existential_risk_from_artificial_intelligence,,
1167367616,1167357145,Alenoach,45435589,2023-07-27T09:19:25Z,133475,Re-use references,['visualeditor'],Existential_risk_from_artificial_intelligence,Existential risk from artificial intelligence,Existential_risk_from_artificial_intelligence,,
1167421906,1167367616,StereoFolic,40577729,2023-07-27T17:10:26Z,133348,"/* Alignment of superintelligences */ rework, and remove one argument cited to a non-RS (Alignment Forum is essentially a blog)","['visualeditor', 'editcheck-references', 'editcheck-newcontent']",Existential_risk_from_artificial_intelligence,Existential risk from artificial intelligence,Existential_risk_from_artificial_intelligence,,
1167424851,1167421906,StereoFolic,40577729,2023-07-27T17:34:22Z,133955,Intro: rewrite debate framing with 2 post-GPT-4 sources. Removed outdated source.,"['visualeditor', 'editcheck-newreference']",Existential_risk_from_artificial_intelligence,Existential risk from artificial intelligence,Existential_risk_from_artificial_intelligence,,
1167425346,1167424851,StereoFolic,40577729,2023-07-27T17:37:26Z,133759,intro: condense 2022 survey description,['visualeditor'],Existential_risk_from_artificial_intelligence,Existential risk from artificial intelligence,Existential_risk_from_artificial_intelligence,,
1167427303,1167425346,StereoFolic,40577729,2023-07-27T17:50:41Z,133884,"add some wikilinks, and describe Turing as a ""foundational"" computer scientist",['visualeditor'],Existential_risk_from_artificial_intelligence,Existential risk from artificial intelligence,Existential_risk_from_artificial_intelligence,,
1167428156,1167427303,StereoFolic,40577729,2023-07-27T17:57:24Z,132187,/* Difficulty of specifying goals */ Remove lengthy and unnecessary Russell quote. Its TLDR is already captured in the paragraph above.,"['visualeditor', 'editcheck-newreference']",Existential_risk_from_artificial_intelligence,Existential risk from artificial intelligence,Existential_risk_from_artificial_intelligence,,
1167428814,1167428156,StereoFolic,40577729,2023-07-27T18:02:42Z,131834,"/* Difficulty of making a flawless design */ copyedit and remove tie-in with ""treacherous turn"" - the seriousness of faulty design is already implied, and the sources of that concern already comprise much of the article",['visualeditor'],Existential_risk_from_artificial_intelligence,Existential risk from artificial intelligence,Existential_risk_from_artificial_intelligence,,
1167429583,1167428814,StereoFolic,40577729,2023-07-27T18:08:59Z,131786,"/* Scenarios */ Remove AI Takeover excerpt - redundant with other scenarios and the rest of the article. I've moved it to the section's ""Further information"" links",['visualeditor'],Existential_risk_from_artificial_intelligence,Existential risk from artificial intelligence,Existential_risk_from_artificial_intelligence,,
1167510962,1167429583,WikiCleanerBot,18872885,2023-07-28T05:39:29Z,131786,v2.05b - [[User:WikiCleanerBot#T20|Bot T20 CW#61]] - Fix errors for [[WP:WCW|CW project]] (Reference before punctuation),['WPCleaner'],Existential_risk_from_artificial_intelligence,Existential risk from artificial intelligence,Existential_risk_from_artificial_intelligence,,
1167550973,1167510962,DPdH,1539540,2023-07-28T12:27:16Z,131791,/* top */ Added wikilink.,['wikieditor'],Existential_risk_from_artificial_intelligence,Existential risk from artificial intelligence,Existential_risk_from_artificial_intelligence,,
1167572233,1167550973,StereoFolic,40577729,2023-07-28T15:30:29Z,131956,Intro: include UN Secretary-General position (more global POV),['visualeditor'],Existential_risk_from_artificial_intelligence,Existential risk from artificial intelligence,Existential_risk_from_artificial_intelligence,,
1167573892,1167572233,StereoFolic,40577729,2023-07-28T15:43:50Z,131562,"Intro: rewrite last paragraph about intelligence explosion to make it more concise. Also replaced citation on AlphaZero, as the previous citation made no mention of it.","['visualeditor', 'editcheck-newreference']",Existential_risk_from_artificial_intelligence,Existential risk from artificial intelligence,Existential_risk_from_artificial_intelligence,,
1167574660,1167573892,StereoFolic,40577729,2023-07-28T15:50:04Z,131571,"Intro: touch up AlphaZero sentence to limit ""narrow"" jargon",['visualeditor'],Existential_risk_from_artificial_intelligence,Existential risk from artificial intelligence,Existential_risk_from_artificial_intelligence,,
1167576812,1167574660,StereoFolic,40577729,2023-07-28T16:08:36Z,130742,/* Regulation */ Remove some outdated regulation discussion,['visualeditor'],Existential_risk_from_artificial_intelligence,Existential risk from artificial intelligence,Existential_risk_from_artificial_intelligence,,
1167578086,1167576812,StereoFolic,40577729,2023-07-28T16:19:05Z,129341,"/* Regulation */ Combine, condense, and update UN discussion. Perspectives from individual countries to be added soon","['visualeditor', 'editcheck-newreference']",Existential_risk_from_artificial_intelligence,Existential risk from artificial intelligence,Existential_risk_from_artificial_intelligence,,
1167578629,1167578086,StereoFolic,40577729,2023-07-28T16:23:43Z,129737,/* Regulation */ include Russia and China perspectives at UNSC session,"['visualeditor', 'editcheck-newcontent']",Existential_risk_from_artificial_intelligence,Existential risk from artificial intelligence,Existential_risk_from_artificial_intelligence,,
1167578723,1167578629,StereoFolic,40577729,2023-07-28T16:24:31Z,129729,/* Regulation */ typo,['visualeditor'],Existential_risk_from_artificial_intelligence,Existential risk from artificial intelligence,Existential_risk_from_artificial_intelligence,,
1167579804,1167578723,StereoFolic,40577729,2023-07-28T16:33:11Z,129544,/* Mitigation */ condense and remove jargon,['visualeditor'],Existential_risk_from_artificial_intelligence,Existential risk from artificial intelligence,Existential_risk_from_artificial_intelligence,,
1167580561,1167579804,StereoFolic,40577729,2023-07-28T16:38:45Z,129347,"/* Mitigation */ Remove unnecessary call-out for friendly AI research, add [[Alignment Research Center]] to list (especially relevant recently due to OpenAI collaborations)","['visualeditor', 'editcheck-newreference']",Existential_risk_from_artificial_intelligence,Existential risk from artificial intelligence,Existential_risk_from_artificial_intelligence,,
1168062069,1167580561,DPdH,1539540,2023-07-31T15:01:38Z,129352,/* Regulation */ Added wikilink.,['wikieditor'],Existential_risk_from_artificial_intelligence,Existential risk from artificial intelligence,Existential_risk_from_artificial_intelligence,,
1169725196,1168062069,Laggan Boy,16713407,2023-08-10T22:04:57Z,129375,,"['mobile edit', 'mobile web edit']",Existential_risk_from_artificial_intelligence,Existential risk from artificial intelligence,Existential_risk_from_artificial_intelligence,,
1170004109,1169725196,OAbot,28481209,2023-08-12T17:17:49Z,129456,"[[Wikipedia:OABOT|Open access bot]]: pmc, doi added to citation with #oabot.",[],Existential_risk_from_artificial_intelligence,Existential risk from artificial intelligence,Existential_risk_from_artificial_intelligence,,
1170060252,1170004109,Citation bot,7903804,2023-08-13T00:02:13Z,129346,"Alter: title, template type. Add: newspaper, s2cid, pmid, class, eprint, magazine, publisher, authors 1-1. Removed proxy/dead URL that duplicated identifier. Removed parameters. Some additions/deletions were parameter name changes. | [[:en:WP:UCB|Use this bot]]. [[:en:WP:DBUG|Report bugs]]. | Suggested by Khue02l16 | #UCB_webform",[],Existential_risk_from_artificial_intelligence,Existential risk from artificial intelligence,Existential_risk_from_artificial_intelligence,,
1171013778,1170060252,LearnMore,134016,2023-08-18T14:12:27Z,129393,General proofreading.,['wikieditor'],Existential_risk_from_artificial_intelligence,Existential risk from artificial intelligence,Existential_risk_from_artificial_intelligence,,
1171371512,1171013778,Citation bot,7903804,2023-08-20T18:43:57Z,129422,Add: bibcode. | [[:en:WP:UCB|Use this bot]]. [[:en:WP:DBUG|Report bugs]]. | Suggested by Abductive | #UCB_webform 3360/3850,[],Existential_risk_from_artificial_intelligence,Existential risk from artificial intelligence,Existential_risk_from_artificial_intelligence,,
1171414023,1171371512,Alenoach,45435589,2023-08-21T00:06:44Z,130868,Existential risk related to AI sentience,"['visualeditor', 'editcheck-newreference', 'editcheck-newcontent']",Existential_risk_from_artificial_intelligence,Existential risk from artificial intelligence,Existential_risk_from_artificial_intelligence,,
1171556039,1171414023,Alenoach,45435589,2023-08-21T21:06:20Z,130886,"""behavior"" => ""capabilities and behaviors""",['visualeditor'],Existential_risk_from_artificial_intelligence,Existential risk from artificial intelligence,Existential_risk_from_artificial_intelligence,,
1171921772,1171556039,Andkore,1174491,2023-08-23T23:12:44Z,130886,,['wikieditor'],Existential_risk_from_artificial_intelligence,Existential risk from artificial intelligence,Existential_risk_from_artificial_intelligence,,
1174676587,1171921772,Trappist the monk,10289486,2023-09-10T00:49:48Z,130810,cite repair;,['wikieditor'],Existential_risk_from_artificial_intelligence,Existential risk from artificial intelligence,Existential_risk_from_artificial_intelligence,,
1174680209,1174676587,AnomieBOT,7611264,2023-09-10T01:14:43Z,130710,[[User:AnomieBOT/docs/TemplateSubster|Substing templates]]: {{Format ISBN}}. See [[User:AnomieBOT/docs/TemplateSubster]] for info.,[],Existential_risk_from_artificial_intelligence,Existential risk from artificial intelligence,Existential_risk_from_artificial_intelligence,,
1175747177,1174680209,FlantasyFlan,28011705,2023-09-17T04:38:48Z,131557,New Pew survey shows considerable concern among Americans about AI.,"['visualeditor', 'editcheck-newreference', 'editcheck-newcontent']",Existential_risk_from_artificial_intelligence,Existential risk from artificial intelligence,Existential_risk_from_artificial_intelligence,,
1175936501,1175747177,94.21.238.252,0,2023-09-18T11:26:07Z,131557,/* Orthogonality thesis */ Fixed grammar,"['mobile edit', 'canned edit summary', 'mobile app edit', 'android app edit']",Existential_risk_from_artificial_intelligence,Existential risk from artificial intelligence,Existential_risk_from_artificial_intelligence,True,
1177006221,1175936501,Alenoach,45435589,2023-09-25T10:09:45Z,129892,Deduplicate note,"['visualeditor-switched', 'wikieditor']",Existential_risk_from_artificial_intelligence,Existential risk from artificial intelligence,Existential_risk_from_artificial_intelligence,,
1177006425,1177006221,Alenoach,45435589,2023-09-25T10:12:26Z,129891,grammar,['wikieditor'],Existential_risk_from_artificial_intelligence,Existential risk from artificial intelligence,Existential_risk_from_artificial_intelligence,,
1177577931,1177006425,AlsoWukai,34434225,2023-09-28T07:41:16Z,128954,ce,['visualeditor'],Existential_risk_from_artificial_intelligence,Existential risk from artificial intelligence,Existential_risk_from_artificial_intelligence,,
1177733239,1177577931,AlsoWukai,34434225,2023-09-29T07:31:09Z,128955,/* Perspectives */,['visualeditor'],Existential_risk_from_artificial_intelligence,Existential risk from artificial intelligence,Existential_risk_from_artificial_intelligence,,
1179434726,1177733239,Karen-bmi30,44954693,2023-10-10T03:11:32Z,128953,,"['mobile edit', 'mobile web edit', 'visualeditor', 'advanced mobile edit']",Existential_risk_from_artificial_intelligence,Existential risk from artificial intelligence,Existential_risk_from_artificial_intelligence,,
1180039159,1179434726,GramCanMineAway,43948398,2023-10-14T02:55:19Z,128948,,"['mobile edit', 'mobile web edit', 'visualeditor']",Existential_risk_from_artificial_intelligence,Existential risk from artificial intelligence,Existential_risk_from_artificial_intelligence,,
1182082985,1180039159,Lotsobear555,46724191,2023-10-27T01:00:37Z,129611,/* Comparison with humans */ changed the sentence compare to human to NLP since it means the same thing + added more details about it,"['visualeditor', 'mw-reverted', 'editcheck-newreference']",Existential_risk_from_artificial_intelligence,Existential risk from artificial intelligence,Existential_risk_from_artificial_intelligence,,
1182091339,1182082985,AlsoWukai,34434225,2023-10-27T02:14:26Z,129600,ce,"['visualeditor', 'mw-reverted']",Existential_risk_from_artificial_intelligence,Existential risk from artificial intelligence,Existential_risk_from_artificial_intelligence,,
1182245174,1182091339,StereoFolic,40577729,2023-10-28T02:16:23Z,128948,Restored revision 1180039159 by [[Special:Contributions/GramCanMineAway|GramCanMineAway]] ([[User talk:GramCanMineAway|talk]]): This section is specifically about comparing human/biological intelligence with artificial intelligence. NLP is actually not specifically relevant to this section.,"['mw-undo', 'twinkle']",Existential_risk_from_artificial_intelligence,Existential risk from artificial intelligence,Existential_risk_from_artificial_intelligence,,
1182831761,1182245174,Dwoodrsg,46798187,2023-10-31T17:04:45Z,130376,,"['mw-reverted', 'wikieditor']",Existential_risk_from_artificial_intelligence,Existential risk from artificial intelligence,Existential_risk_from_artificial_intelligence,,
1182831935,1182831761,Dwoodrsg,46798187,2023-10-31T17:05:55Z,130374,,"['mw-reverted', 'wikieditor']",Existential_risk_from_artificial_intelligence,Existential risk from artificial intelligence,Existential_risk_from_artificial_intelligence,,
1182833852,1182831935,Willondon,7196877,2023-10-31T17:18:35Z,128948,revert last 2 edits; self-sourced? [[WP:OR|original research]]?,['mw-undo'],Existential_risk_from_artificial_intelligence,Existential risk from artificial intelligence,Existential_risk_from_artificial_intelligence,,
1183458144,1182833852,Alenoach,45435589,2023-11-04T12:58:55Z,128990,Clarified meaning of ASI,['visualeditor'],Existential_risk_from_artificial_intelligence,Existential risk from artificial intelligence,Existential_risk_from_artificial_intelligence,,
1186247983,1183458144,2001:1970:55EA:7D00:0:0:0:3DB4,0,2023-11-21T21:59:29Z,128997,Altman not current CEO,"['mobile edit', 'mobile web edit', 'visualeditor', 'mw-reverted']",Existential_risk_from_artificial_intelligence,Existential risk from artificial intelligence,Existential_risk_from_artificial_intelligence,True,
1186306557,1186247983,RobustRaven,42954389,2023-11-22T07:23:54Z,128990,Updated article to reflect the fact that Sam Altman has returned to being CEO of OpenAi,"['mw-manual-revert', 'wikieditor']",Existential_risk_from_artificial_intelligence,Existential risk from artificial intelligence,Existential_risk_from_artificial_intelligence,,
1187792141,1186306557,58.65.163.77,0,2023-12-01T12:35:33Z,129179,,"['visualeditor', 'mw-reverted', 'editcheck-newreference']",Existential_risk_from_artificial_intelligence,Existential risk from artificial intelligence,Existential_risk_from_artificial_intelligence,True,
1187792342,1187792141,58.65.163.77,0,2023-12-01T12:37:40Z,129166,,"['visualeditor', 'mw-reverted']",Existential_risk_from_artificial_intelligence,Existential risk from artificial intelligence,Existential_risk_from_artificial_intelligence,True,
1187792515,1187792342,58.65.163.77,0,2023-12-01T12:39:42Z,129165,,"['visualeditor', 'mw-reverted']",Existential_risk_from_artificial_intelligence,Existential risk from artificial intelligence,Existential_risk_from_artificial_intelligence,True,
1187793079,1187792515,58.65.163.77,0,2023-12-01T12:46:55Z,128990,,"['visualeditor', 'references removed', 'mw-manual-revert']",Existential_risk_from_artificial_intelligence,Existential risk from artificial intelligence,Existential_risk_from_artificial_intelligence,True,
1189307095,1187793079,Citation bot,7903804,2023-12-11T01:12:36Z,129003,"Alter: template type, title. Add: chapter-url, chapter, magazine, authors 1-1. Removed or converted URL. Removed parameters. Some additions/deletions were parameter name changes. | [[:en:WP:UCB|Use this bot]]. [[:en:WP:DBUG|Report bugs]]. | Suggested by Corvus florensis | #UCB_webform 1094/1612",[],Existential_risk_from_artificial_intelligence,Existential risk from artificial intelligence,Existential_risk_from_artificial_intelligence,,
1189919417,1189307095,2409:408C:8218:966F:F554:5864:6412:DB61,0,2023-12-14T21:25:33Z,129002,/* AI alignment */,"['mobile edit', 'mobile web edit', 'mw-reverted']",Existential_risk_from_artificial_intelligence,Existential risk from artificial intelligence,Existential_risk_from_artificial_intelligence,True,
1189934687,1189919417,AlsoWukai,34434225,2023-12-14T23:11:32Z,129003,Undid revision 1189919417 by [[Special:Contributions/2409:408C:8218:966F:F554:5864:6412:DB61|2409:408C:8218:966F:F554:5864:6412:DB61]] ([[User talk:2409:408C:8218:966F:F554:5864:6412:DB61|talk]]),"['mw-undo', 'wikieditor']",Existential_risk_from_artificial_intelligence,Existential risk from artificial intelligence,Existential_risk_from_artificial_intelligence,,
1190711205,1189934687,Existential2021,42471496,2023-12-19T11:32:41Z,129722,Added a reference to the October 2023 US Executive Order on AI in the section about regulation.,"['visualeditor', 'editcheck-newreference', 'editcheck-newcontent']",Existential_risk_from_artificial_intelligence,Existential risk from artificial intelligence,Existential_risk_from_artificial_intelligence,,
1192200737,1190711205,WikiCleanerBot,18872885,2023-12-28T04:37:58Z,129722,v2.05b - [[User:WikiCleanerBot#T20|Bot T20 CW#61]] - Fix errors for [[WP:WCW|CW project]] (Reference before punctuation),['WPCleaner'],Existential_risk_from_artificial_intelligence,Existential risk from artificial intelligence,Existential_risk_from_artificial_intelligence,,
1192339018,1192200737,Mazewaxie,25082147,2023-12-28T21:10:25Z,128489,"formatting, [[WP:AWB/T|typo(s) fixed]]: Meanwhile → Meanwhile,",['AWB'],Existential_risk_from_artificial_intelligence,Existential risk from artificial intelligence,Existential_risk_from_artificial_intelligence,,
1193373177,1192339018,Woozybydefault,46887653,2024-01-03T14:05:20Z,128479,"In the absence of any empirical, verifiable method of testing whether the world could end by A.I, calling this idea a ""hypothesis"" is a misnomer. I replaced the word hypothesis with idea.",['wikieditor'],Existential_risk_from_artificial_intelligence,Existential risk from artificial intelligence,Existential_risk_from_artificial_intelligence,,
1200400159,1193373177,EdvinGO,47214009,2024-01-29T11:52:14Z,128907,I added some information to the chapter which might be useful,"['visualeditor', 'mw-reverted']",Existential_risk_from_artificial_intelligence,Existential risk from artificial intelligence,Existential_risk_from_artificial_intelligence,,
1200405384,1200400159,StereoFolic,40577729,2024-01-29T12:09:39Z,128479,"Undid revision 1200400159 by [[Special:Contributions/EdvinGO|EdvinGO]] ([[User talk:EdvinGO|talk]]) I can't find any sources online using the term ""LukeWar"". The source added also appears to be self published","['mw-undo', 'mobile edit', 'mobile app edit', 'android app edit']",Existential_risk_from_artificial_intelligence,Existential risk from artificial intelligence,Existential_risk_from_artificial_intelligence,,
1206431821,1200405384,StereoFolic,40577729,2024-02-12T04:05:19Z,128861,/* Types of existential risk */ At caption (with source) to risk grid copied from  Global catastrophic risk,"['visualeditor', 'editcheck-newreference']",Existential_risk_from_artificial_intelligence,Existential risk from artificial intelligence,Existential_risk_from_artificial_intelligence,,
1206431904,1206431821,StereoFolic,40577729,2024-02-12T04:05:43Z,128857,/* AI alignment */ Remove italics on second image,['visualeditor'],Existential_risk_from_artificial_intelligence,Existential risk from artificial intelligence,Existential_risk_from_artificial_intelligence,,
1207372018,1206431904,Wikishovel,29421082,2024-02-14T17:15:50Z,128902,/* See also */ +1,['wikieditor'],Existential_risk_from_artificial_intelligence,Existential risk from artificial intelligence,Existential_risk_from_artificial_intelligence,,
1207434555,1207372018,Chris rieckmann,34208324,2024-02-14T20:37:06Z,131136,"Add a list of probability estimates by experts, of the existential risk materialising","['nowiki added', 'mw-reverted', 'disambiguator-link-added', 'wikieditor']",Existential_risk_from_artificial_intelligence,Existential risk from artificial intelligence,Existential_risk_from_artificial_intelligence,,
1207552947,1207434555,StereoFolic,40577729,2024-02-15T03:25:52Z,128902,"Reverted [[WP:AGF|good faith]] edits by [[Special:Contributions/Chris rieckmann|Chris rieckmann]] ([[User talk:Chris rieckmann|talk]]): Undue weight on unscientific guesses, see Talk page","['mw-undo', 'twinkle']",Existential_risk_from_artificial_intelligence,Existential risk from artificial intelligence,Existential_risk_from_artificial_intelligence,,
1212442606,1207552947,147.236.230.132,0,2024-03-07T22:28:10Z,128941,,"['mobile edit', 'mobile web edit', 'mw-reverted']",Existential_risk_from_artificial_intelligence,Existential risk from artificial intelligence,Existential_risk_from_artificial_intelligence,True,
1212442884,1212442606,StereoFolic,40577729,2024-03-07T22:30:36Z,128902,Undid revision 1212442606 by [[Special:Contributions/147.236.230.132|147.236.230.132]] ([[User talk:147.236.230.132|talk]]) rv spam#watchlist-undo,"['mw-undo', 'mobile edit', 'mobile app edit', 'android app edit']",Existential_risk_from_artificial_intelligence,Existential risk from artificial intelligence,Existential_risk_from_artificial_intelligence,,
1213972554,1212442884,2601:647:C080:8E0:C022:5E7E:C0A5:2B7B,0,2024-03-16T06:39:45Z,128902,/* Types of existential risk */,"['mw-reverted', 'wikieditor']",Existential_risk_from_artificial_intelligence,Existential risk from artificial intelligence,Existential_risk_from_artificial_intelligence,True,
1214241479,1213972554,AlsoWukai,34434225,2024-03-17T19:31:00Z,128902,Undid revision [[Special:Diff/1213972554|1213972554]] by [[Special:Contributions/2601:647:C080:8E0:C022:5E7E:C0A5:2B7B|2601:647:C080:8E0:C022:5E7E:C0A5:2B7B]] ([[User talk:2601:647:C080:8E0:C022:5E7E:C0A5:2B7B|talk]]),"['mw-undo', 'wikieditor']",Existential_risk_from_artificial_intelligence,Existential risk from artificial intelligence,Existential_risk_from_artificial_intelligence,,
1214473727,1214241479,2601:C2:0:4C25:C567:16FD:B27C:169,0,2024-03-19T04:44:24Z,128934,/* See also */,['wikieditor'],Existential_risk_from_artificial_intelligence,Existential risk from artificial intelligence,Existential_risk_from_artificial_intelligence,True,
1214599631,1214473727,Countercheck,45093283,2024-03-19T23:19:52Z,128594,copyedit of first quarter of article; converted px to upright,['visualeditor'],Existential_risk_from_artificial_intelligence,Existential risk from artificial intelligence,Existential_risk_from_artificial_intelligence,,
1214712133,1214599631,Countercheck,45093283,2024-03-20T17:52:22Z,128640,copyedit of second quarter of article,['visualeditor'],Existential_risk_from_artificial_intelligence,Existential risk from artificial intelligence,Existential_risk_from_artificial_intelligence,,
1214717835,1214712133,Countercheck,45093283,2024-03-20T18:33:40Z,124430,"copyedit of third quarter of article. In updating the article, removed some ten-year-old and older citations; removed the update tag (also due to others adding updated citations since 2020).",['visualeditor'],Existential_risk_from_artificial_intelligence,Existential risk from artificial intelligence,Existential_risk_from_artificial_intelligence,,
1214720056,1214717835,Countercheck,45093283,2024-03-20T18:50:54Z,124458,copyedit of fourth quarter of article,['visualeditor'],Existential_risk_from_artificial_intelligence,Existential risk from artificial intelligence,Existential_risk_from_artificial_intelligence,,
1216070306,1214720056,Liz,19404073,2024-03-28T21:19:43Z,124413,Removing link(s) [[Wikipedia:Articles for deletion/Eschatology of artificial intelligence]] closed as delete ([[WP:XFDC#4.0.13|XFDcloser]]),[],Existential_risk_from_artificial_intelligence,Existential risk from artificial intelligence,Existential_risk_from_artificial_intelligence,,
1218887897,1216070306,Citation bot,7903804,2024-04-14T13:06:37Z,124439,"Altered pages. Add: issue, volume, date, authors 1-1. Removed parameters. Some additions/deletions were parameter name changes. | [[:en:WP:UCB|Use this bot]]. [[:en:WP:DBUG|Report bugs]]. | Suggested by Whoop whoop pull up | #UCB_webform 1320/3276",[],Existential_risk_from_artificial_intelligence,Existential risk from artificial intelligence,Existential_risk_from_artificial_intelligence,,
1218942992,1218887897,2A02:1810:363D:6700:AC24:59AA:B828:59A3,0,2024-04-14T20:19:32Z,124439,,['wikieditor'],Existential_risk_from_artificial_intelligence,Existential risk from artificial intelligence,Existential_risk_from_artificial_intelligence,True,
1219335679,1218942992,203.37.238.135,0,2024-04-17T03:54:32Z,124448,,"['possible vandalism', 'mw-reverted', 'wikieditor']",Existential_risk_from_artificial_intelligence,Existential risk from artificial intelligence,Existential_risk_from_artificial_intelligence,True,
1219335727,1219335679,ClueBot NG,13286072,2024-04-17T03:55:03Z,124439,"Reverting possible vandalism by [[Special:Contribs/203.37.238.135|203.37.238.135]] to version by 2A02:1810:363D:6700:AC24:59AA:B828:59A3. [[WP:CBFP|Report False Positive?]] Thanks, [[WP:CBNG|ClueBot NG]]. (4315587) (Bot)",['mw-rollback'],Existential_risk_from_artificial_intelligence,Existential risk from artificial intelligence,Existential_risk_from_artificial_intelligence,,
1219336522,1219335727,203.37.238.135,0,2024-04-17T04:05:30Z,118275,INAPPROPRIATE!!,"['possible vandalism', 'mw-reverted', 'wikieditor']",Existential_risk_from_artificial_intelligence,Existential risk from artificial intelligence,Existential_risk_from_artificial_intelligence,True,
1219336556,1219336522,Lachielmao,43397495,2024-04-17T04:05:53Z,124439,Reverting edit(s) by [[Special:Contributions/203.37.238.135|203.37.238.135]] ([[User_talk:203.37.238.135|talk]]) to rev. 1219335727 by ClueBot NG: [[WP:VANDAL|Vandalism]] [[w:en:WP:RW|(RW 16.1)]],"['mw-undo', 'RedWarn']",Existential_risk_from_artificial_intelligence,Existential risk from artificial intelligence,Existential_risk_from_artificial_intelligence,,
1220313274,1219336556,Citation bot,7903804,2024-04-23T00:41:40Z,124460,Added date. | [[:en:WP:UCB|Use this bot]]. [[:en:WP:DBUG|Report bugs]]. | Suggested by Eastmain | #UCB_webform 9/22,[],Existential_risk_from_artificial_intelligence,Existential risk from artificial intelligence,Existential_risk_from_artificial_intelligence,,
1221250440,1220313274,2A02:1810:363D:6700:C1FF:2996:870B:5FC7,0,2024-04-28T19:59:12Z,124460,/* Public Surveys */,['wikieditor'],Existential_risk_from_artificial_intelligence,Existential risk from artificial intelligence,Existential_risk_from_artificial_intelligence,True,
1221252147,1221250440,2A02:1810:363D:6700:C1FF:2996:870B:5FC7,0,2024-04-28T20:11:33Z,124461,/* Endorsement */,"['mw-reverted', 'wikieditor']",Existential_risk_from_artificial_intelligence,Existential risk from artificial intelligence,Existential_risk_from_artificial_intelligence,True,
1221260438,1221252147,AlsoWukai,34434225,2024-04-28T21:11:18Z,124460,Undid revision [[Special:Diff/1221252147|1221252147]] by [[Special:Contributions/2A02:1810:363D:6700:C1FF:2996:870B:5FC7|2A02:1810:363D:6700:C1FF:2996:870B:5FC7]] ([[User talk:2A02:1810:363D:6700:C1FF:2996:870B:5FC7|talk]]),"['mw-undo', 'wikieditor']",Existential_risk_from_artificial_intelligence,Existential risk from artificial intelligence,Existential_risk_from_artificial_intelligence,,
1222298631,1221260438,Cyrusabyrd,47712728,2024-05-05T05:01:26Z,124509,Fixed some bad wording here,['wikieditor'],Existential_risk_from_artificial_intelligence,Existential risk from artificial intelligence,Existential_risk_from_artificial_intelligence,,
1223146264,1222298631,AlsoWukai,34434225,2024-05-10T05:54:13Z,124475,ce,['visualeditor'],Existential_risk_from_artificial_intelligence,Existential risk from artificial intelligence,Existential_risk_from_artificial_intelligence,,
1225221778,1223146264,Citation bot,7903804,2024-05-23T03:06:10Z,124494,"Add: issue, volume. | [[:en:WP:UCB|Use this bot]]. [[:en:WP:DBUG|Report bugs]]. | Suggested by Abductive | [[Category:Existential risk from artificial general intelligence] | #UCB_Category 7/43",[],Existential_risk_from_artificial_intelligence,Existential risk from artificial intelligence,Existential_risk_from_artificial_intelligence,,
1225412553,1225221778,2600:8800:5C00:10E:B771:E318:E9C:BFC9,0,2024-05-24T08:50:50Z,124260,/* Anthropomorphic arguments */I didn't fix it I just deleted a part that was sexist,"['mobile edit', 'mobile web edit', 'mw-reverted']",Existential_risk_from_artificial_intelligence,Existential risk from artificial intelligence,Existential_risk_from_artificial_intelligence,True,
1225417148,1225412553,StereoFolic,40577729,2024-05-24T09:41:53Z,124494,"Undid revision [[Special:Diff/1225412553|1225412553]] by [[Special:Contributions/2600:8800:5C00:10E:B771:E318:E9C:BFC9|2600:8800:5C00:10E:B771:E318:E9C:BFC9]] ([[User talk:2600:8800:5C00:10E:B771:E318:E9C:BFC9|talk]]) It's a perspective, discuss on Talk before removing. Improvement notes don't go directly in main text.","['mw-undo', 'mobile edit', 'mobile app edit', 'android app edit']",Existential_risk_from_artificial_intelligence,Existential risk from artificial intelligence,Existential_risk_from_artificial_intelligence,,
1225721636,1225417148,Mr vili,34261588,2024-05-26T08:34:34Z,124511,,['visualeditor'],Existential_risk_from_artificial_intelligence,Existential risk from artificial intelligence,Existential_risk_from_artificial_intelligence,,
1225941057,1225721636,2A02:1810:363D:6700:A85E:83EF:5CEC:A12F,0,2024-05-27T17:11:09Z,124526,/* Life 3.0 */,['wikieditor'],Existential_risk_from_artificial_intelligence,Existential risk from artificial intelligence,Existential_risk_from_artificial_intelligence,True,
1226808853,1225941057,Alenoach,45435589,2024-06-01T23:37:05Z,124523,Rephrased multiple parts of the introduction,['visualeditor'],Existential_risk_from_artificial_intelligence,Existential risk from artificial intelligence,Existential_risk_from_artificial_intelligence,,
1226878890,1226808853,Belbury,32990417,2024-06-02T10:35:33Z,124523,images don't need to be this wide,['wikieditor'],Existential_risk_from_artificial_intelligence,Existential risk from artificial intelligence,Existential_risk_from_artificial_intelligence,,
1226882400,1226878890,Alenoach,45435589,2024-06-02T11:04:48Z,124396,"Rephrasing, and removed the Future of Humanity Institute which doesn't exist anymore",['visualeditor'],Existential_risk_from_artificial_intelligence,Existential risk from artificial intelligence,Existential_risk_from_artificial_intelligence,,
1226889519,1226882400,Alenoach,45435589,2024-06-02T12:03:20Z,122543,"Rephrasing, and removal of a partially outdated sentence",['visualeditor'],Existential_risk_from_artificial_intelligence,Existential risk from artificial intelligence,Existential_risk_from_artificial_intelligence,,
1227010521,1226889519,AlsoWukai,34434225,2024-06-03T03:27:47Z,122493,ce,['visualeditor'],Existential_risk_from_artificial_intelligence,Existential risk from artificial intelligence,Existential_risk_from_artificial_intelligence,,
1227609065,1227010521,SimLibrarian,39191556,2024-06-06T19:34:08Z,122456,[[MOS:ELLIPSIS]],['visualeditor'],Existential_risk_from_artificial_intelligence,Existential risk from artificial intelligence,Existential_risk_from_artificial_intelligence,,
1230857603,1227609065,Jruderman,4519234,2024-06-25T02:55:06Z,122456,/* History */,"['mobile edit', 'mobile web edit', 'advanced mobile edit', 'mw-reverted']",Existential_risk_from_artificial_intelligence,Existential risk from artificial intelligence,Existential_risk_from_artificial_intelligence,,
1230907102,1230857603,Jruderman,4519234,2024-06-25T10:45:45Z,122456,/* Public surveys */,"['mw-reverted', 'wikieditor']",Existential_risk_from_artificial_intelligence,Existential risk from artificial intelligence,Existential_risk_from_artificial_intelligence,,
1230908616,1230907102,Jruderman,4519234,2024-06-25T10:59:47Z,122456,/* Regulation */,"['mw-reverted', 'wikieditor']",Existential_risk_from_artificial_intelligence,Existential risk from artificial intelligence,Existential_risk_from_artificial_intelligence,,
1231219178,1230908616,AlsoWukai,34434225,2024-06-27T03:52:15Z,122456,rv to wikipedia punctuation style,"['mw-undo', 'mw-reverted', 'wikieditor']",Existential_risk_from_artificial_intelligence,Existential risk from artificial intelligence,Existential_risk_from_artificial_intelligence,,
1231247200,1231219178,Jmill1806,37579422,2024-06-27T08:32:21Z,122476,"ce and link to machine learning page to distinguish ""fundamental architecture"" changes from normal machine learning","['visualeditor-switched', 'wikieditor']",Existential_risk_from_artificial_intelligence,Existential risk from artificial intelligence,Existential_risk_from_artificial_intelligence,,
1231263983,1231247200,StereoFolic,40577729,2024-06-27T11:24:49Z,122479,ce followup,['visualeditor'],Existential_risk_from_artificial_intelligence,Existential risk from artificial intelligence,Existential_risk_from_artificial_intelligence,,
1231331095,1231263983,AlsoWukai,34434225,2024-06-27T19:30:58Z,122479,Undid revision [[Special:Diff/1231219178|1231219178]] by [[Special:Contributions/AlsoWukai|AlsoWukai]] ([[User talk:AlsoWukai|talk]]) self-reverting a mistake,"['mw-undo', 'wikieditor']",Existential_risk_from_artificial_intelligence,Existential risk from artificial intelligence,Existential_risk_from_artificial_intelligence,,
1231781329,1231331095,Soibangla,19992161,2024-06-30T07:01:48Z,122481,human inability to control AI,['wikieditor'],Existential_risk_from_artificial_intelligence,Existential risk from artificial intelligence,Existential_risk_from_artificial_intelligence,,
1232136374,1231781329,Bluethricecreamman,18365967,2024-07-02T04:11:19Z,122986,/* Skepticism */ Linking to TESCREAL,"['visualeditor', 'editcheck-newreference']",Existential_risk_from_artificial_intelligence,Existential risk from artificial intelligence,Existential_risk_from_artificial_intelligence,,
1232141605,1232136374,Citation bot,7903804,2024-07-02T05:06:36Z,123005,"Add: doi-access, authors 1-1. Removed parameters. Some additions/deletions were parameter name changes. | [[:en:WP:UCB|Use this bot]]. [[:en:WP:DBUG|Report bugs]]. | Suggested by GoingBatty | [[Category:CS1 maint: unflagged free DOI]] | #UCB_Category 13/25",[],Existential_risk_from_artificial_intelligence,Existential risk from artificial intelligence,Existential_risk_from_artificial_intelligence,,
1232141887,1232141605,AlsoWukai,34434225,2024-07-02T05:09:00Z,122977,ce,['visualeditor'],Existential_risk_from_artificial_intelligence,Existential risk from artificial intelligence,Existential_risk_from_artificial_intelligence,,
1232155941,1232141887,Citation bot,7903804,2024-07-02T07:28:32Z,122996,"Add: doi-access, authors 1-1. Removed parameters. Some additions/deletions were parameter name changes. | [[:en:WP:UCB|Use this bot]]. [[:en:WP:DBUG|Report bugs]]. | Suggested by Jay8g | #UCB_toolbar",[],Existential_risk_from_artificial_intelligence,Existential risk from artificial intelligence,Existential_risk_from_artificial_intelligence,,
1232785111,1232155941,GreenC bot,27823944,2024-07-05T15:50:20Z,122786,Removed 1 archive link. [[User:GreenC/WaybackMedic_2.5|Wayback Medic 2.5]] per [[WP:URLREQ#zdnet.com]],[],Existential_risk_from_artificial_intelligence,Existential risk from artificial intelligence,Existential_risk_from_artificial_intelligence,,
1232963466,1232785111,Dsp13,1752894,2024-07-06T15:29:34Z,122790,/* Skepticism */ wlink,[],Existential_risk_from_artificial_intelligence,Existential risk from artificial intelligence,Existential_risk_from_artificial_intelligence,,
1233132590,1232963466,Astudent,10317,2024-07-07T12:42:08Z,122812,/* Regulation */,['wikieditor'],Existential_risk_from_artificial_intelligence,Existential risk from artificial intelligence,Existential_risk_from_artificial_intelligence,,
1233190412,1233132590,Alenoach,45435589,2024-07-07T19:29:25Z,122835,Added a category,['wikieditor'],Existential_risk_from_artificial_intelligence,Existential risk from artificial intelligence,Existential_risk_from_artificial_intelligence,,
1234647373,1233190412,WeyerStudentOfAgrippa,36746535,2024-07-15T12:20:27Z,122835,/* See also */ columns,['wikieditor'],Existential_risk_from_artificial_intelligence,Existential risk from artificial intelligence,Existential_risk_from_artificial_intelligence,,
1238399222,1234647373,GreenC bot,27823944,2024-08-03T17:45:31Z,122803,Move 1 url. [[User:GreenC/WaybackMedic_2.5|Wayback Medic 2.5]] per [[WP:URLREQ#nbcnews.com]],[],Existential_risk_from_artificial_intelligence,Existential risk from artificial intelligence,Existential_risk_from_artificial_intelligence,,
1238602455,1238399222,JoaquimCebuano,41742178,2024-08-04T18:47:04Z,122862,,['wikieditor'],Existential_risk_from_artificial_intelligence,Existential risk from artificial intelligence,Existential_risk_from_artificial_intelligence,,
1241603934,1238602455,FrescoBot,9021902,2024-08-22T04:15:28Z,122852,Bot: [[User:FrescoBot/Links|link syntax]] and minor changes,[],Existential_risk_from_artificial_intelligence,Existential risk from artificial intelligence,Existential_risk_from_artificial_intelligence,,
1245439657,1241603934,Alenoach,45435589,2024-09-13T00:37:45Z,123074,More accessible reference,"['visualeditor', 'editcheck-newreference']",Existential_risk_from_artificial_intelligence,Existential risk from artificial intelligence,Existential_risk_from_artificial_intelligence,,
1246338472,1245439657,92.40.203.61,0,2024-09-18T10:10:36Z,123092,,"['mobile edit', 'mobile web edit', 'mw-reverted']",Existential_risk_from_artificial_intelligence,Existential risk from artificial intelligence,Existential_risk_from_artificial_intelligence,True,
1246348756,1246338472,WeyerStudentOfAgrippa,36746535,2024-09-18T12:05:57Z,123074,Undid revision [[Special:Diff/1246338472|1246338472]] by [[Special:Contributions/92.40.203.61|92.40.203.61]] ([[User talk:92.40.203.61|talk]]),"['mw-undo', 'mobile edit', 'mobile app edit', 'android app edit', 'app-undo']",Existential_risk_from_artificial_intelligence,Existential risk from artificial intelligence,Existential_risk_from_artificial_intelligence,,
1246371154,1246348756,Closed Limelike Curves,36878010,2024-09-18T15:07:26Z,123074,Closed Limelike Curves moved page [[Existential risk from artificial general intelligence]] to [[Existential risk from artificial intelligence]],[],Existential_risk_from_artificial_intelligence,Existential risk from artificial intelligence,Existential_risk_from_artificial_intelligence,,
1246372726,1246371154,Closed Limelike Curves,36878010,2024-09-18T15:17:34Z,123074,Closed Limelike Curves moved page [[Existential risk from artificial intelligence]] to [[Existential risk from AI]]: Shorter title,[],Existential_risk_from_artificial_intelligence,Existential risk from artificial intelligence,Existential_risk_from_artificial_intelligence,,
1246382150,1246372726,Alenoach,45435589,2024-09-18T16:24:18Z,123045,Modified the first sentence after the article's renaming,['visualeditor'],Existential_risk_from_artificial_intelligence,Existential risk from artificial intelligence,Existential_risk_from_artificial_intelligence,,
1246753713,1246382150,Alenoach,45435589,2024-09-20T21:37:57Z,123060,modified link,['visualeditor'],Existential_risk_from_artificial_intelligence,Existential risk from artificial intelligence,Existential_risk_from_artificial_intelligence,,
1247897005,1246753713,82.54.48.171,0,2024-09-26T16:20:26Z,123766,,"['mw-reverted', 'wikieditor']",Existential_risk_from_artificial_intelligence,Existential risk from artificial intelligence,Existential_risk_from_artificial_intelligence,True,
1247897377,1247897005,82.54.48.171,0,2024-09-26T16:22:52Z,123060,,"['references removed', 'mw-manual-revert', 'mw-reverted', 'wikieditor']",Existential_risk_from_artificial_intelligence,Existential risk from artificial intelligence,Existential_risk_from_artificial_intelligence,True,
1247897452,1247897377,82.54.48.171,0,2024-09-26T16:23:15Z,123766,Undid revision [[Special:Diff/1247897377|1247897377]] by [[Special:Contributions/82.54.48.171|82.54.48.171]] ([[User talk:82.54.48.171|talk]]),['mw-undo'],Existential_risk_from_artificial_intelligence,Existential risk from artificial intelligence,Existential_risk_from_artificial_intelligence,True,
1247913628,1247897452,Alenoach,45435589,2024-09-26T18:15:44Z,124117,"Moved the added content to ""Types of existential risk""","['visualeditor', 'editcheck-newreference', 'editcheck-newcontent']",Existential_risk_from_artificial_intelligence,Existential risk from artificial intelligence,Existential_risk_from_artificial_intelligence,,
1247970351,1247913628,82.54.48.171,0,2024-09-26T23:58:47Z,124422,,['wikieditor'],Existential_risk_from_artificial_intelligence,Existential risk from artificial intelligence,Existential_risk_from_artificial_intelligence,True,
1248054409,1247970351,The Transhumanist,1754504,2024-09-27T11:44:24Z,124952,/* General Intelligence */ getting closer,['wikieditor'],Existential_risk_from_artificial_intelligence,Existential risk from artificial intelligence,Existential_risk_from_artificial_intelligence,,
1248054512,1248054409,The Transhumanist,1754504,2024-09-27T11:45:19Z,124953,/* General Intelligence */ fix typo (blank line disappeared),['wikieditor'],Existential_risk_from_artificial_intelligence,Existential risk from artificial intelligence,Existential_risk_from_artificial_intelligence,,
1248058236,1248054512,The Transhumanist,1754504,2024-09-27T12:12:07Z,124994,"/* General Intelligence */ ""We didn't expect this capability""",['wikieditor'],Existential_risk_from_artificial_intelligence,Existential risk from artificial intelligence,Existential_risk_from_artificial_intelligence,,
1248069925,1248058236,The Transhumanist,1754504,2024-09-27T13:42:10Z,125004,"/* AI capabilities */ Change to ""Potential AI capabilities"" ; because they don't exist yet.",['wikieditor'],Existential_risk_from_artificial_intelligence,Existential risk from artificial intelligence,Existential_risk_from_artificial_intelligence,,
1248476130,1248069925,AlsoWukai,34434225,2024-09-29T18:42:06Z,124998,,['visualeditor'],Existential_risk_from_artificial_intelligence,Existential risk from artificial intelligence,Existential_risk_from_artificial_intelligence,,
1250869620,1248476130,Citation bot,7903804,2024-10-13T01:07:40Z,125019,Altered last3. Added date. | [[:en:WP:UCB|Use this bot]]. [[:en:WP:DBUG|Report bugs]]. | Suggested by Abductive | #UCB_toolbar,[],Existential_risk_from_artificial_intelligence,Existential risk from artificial intelligence,Existential_risk_from_artificial_intelligence,,
1251066253,1250869620,Wondertailor,47051042,2024-10-14T06:11:59Z,125517,/* Mitigation */,['wikieditor'],Existential_risk_from_artificial_intelligence,Existential risk from artificial intelligence,Existential_risk_from_artificial_intelligence,,
1251066424,1251066253,Wondertailor,47051042,2024-10-14T06:14:16Z,125493,removed accessed date for a permanent publication / record,['wikieditor'],Existential_risk_from_artificial_intelligence,Existential risk from artificial intelligence,Existential_risk_from_artificial_intelligence,,
1251434902,1251066424,Ægc's friendly xbox alt,48488867,2024-10-16T03:16:26Z,125493,"Ægc's friendly xbox alt moved page [[Existential risk from AI]] to [[Existential risk from artificial intelligence]] over redirect: abbreviations are bad, probably",[],Existential_risk_from_artificial_intelligence,Existential risk from artificial intelligence,Existential_risk_from_artificial_intelligence,,
1251435005,1251434902,Ægc's friendly xbox alt,48488867,2024-10-16T03:17:14Z,125514,,['visualeditor'],Existential_risk_from_artificial_intelligence,Existential risk from artificial intelligence,Existential_risk_from_artificial_intelligence,,
1252210040,1251435005,Gowser,7412167,2024-10-20T09:41:21Z,125516,/* Dangerous capabilities */ corrected sentence structure,['visualeditor'],Existential_risk_from_artificial_intelligence,Existential risk from artificial intelligence,Existential_risk_from_artificial_intelligence,,
1253772719,1252210040,Suriname0,35897031,2024-10-27T20:20:23Z,125508,trim fluff ([[WP:VOICE]]),['visualeditor-wikitext'],Existential_risk_from_artificial_intelligence,Existential risk from artificial intelligence,Existential_risk_from_artificial_intelligence,,
1255835231,1253772719,OAbot,28481209,2024-11-06T22:09:00Z,125526,[[Wikipedia:OABOT|Open access bot]]: arxiv updated in citation with #oabot.,[],Existential_risk_from_artificial_intelligence,Existential risk from artificial intelligence,Existential_risk_from_artificial_intelligence,,
1257846244,1255835231,Filedelinkerbot,20611691,2024-11-16T22:49:58Z,124822,Bot: Removing [[c:File:Power-Seeking Image.png]] ([[:File:Power-Seeking Image.png|en]]). Deleted by [[:C:User:The Squirrel Conspiracy|The Squirrel Conspiracy]] (per [[Commons:Commons:Deletion requests/File:Power-Seeking Image.png]]).,[],Existential_risk_from_artificial_intelligence,Existential risk from artificial intelligence,Existential_risk_from_artificial_intelligence,,
1262959693,1257846244,Citation bot,7903804,2024-12-13T22:21:09Z,124843,Added pages. | [[:en:WP:UCB|Use this bot]]. [[:en:WP:DBUG|Report bugs]]. | Suggested by Abductive | [[Category:Existential risk from artificial general intelligence]] | #UCB_Category 14/48,[],Existential_risk_from_artificial_intelligence,Existential risk from artificial intelligence,Existential_risk_from_artificial_intelligence,,
1264422810,1262959693,Lamptonian,48924338,2024-12-21T23:16:52Z,124958,/* See also */,"['visualeditor-switched', 'wikieditor']",Existential_risk_from_artificial_intelligence,Existential risk from artificial intelligence,Existential_risk_from_artificial_intelligence,,
1264444187,1264422810,Southernhemisphere,39941232,2024-12-22T01:06:29Z,125958,,['wikieditor'],Existential_risk_from_artificial_intelligence,Existential risk from artificial intelligence,Existential_risk_from_artificial_intelligence,,
1264899691,1264444187,AlsoWukai,34434225,2024-12-24T03:00:12Z,125958,,['visualeditor'],Existential_risk_from_artificial_intelligence,Existential risk from artificial intelligence,Existential_risk_from_artificial_intelligence,,
1267420814,1264899691,2003:D4:FF45:2000:1419:8E95:82A9:D501,0,2025-01-05T01:18:53Z,126229,Superalignment team has since been dissolved.,['wikieditor'],Existential_risk_from_artificial_intelligence,Existential risk from artificial intelligence,Existential_risk_from_artificial_intelligence,True,
1268228133,1267420814,AlsoWukai,34434225,2025-01-08T19:17:05Z,126216,/* Alignment of superintelligences */ ce,['visualeditor'],Existential_risk_from_artificial_intelligence,Existential risk from artificial intelligence,Existential_risk_from_artificial_intelligence,,
1268829410,1268228133,Alenoach,45435589,2025-01-11T19:26:21Z,125655,"Removed the section on s-risks, which was redundant with the previous section, and integrated the source and the mention of s-risks in the previous section","['visualeditor', 'editcheck-newreference', 'editcheck-newcontent']",Existential_risk_from_artificial_intelligence,Existential risk from artificial intelligence,Existential_risk_from_artificial_intelligence,,
1269047546,1268829410,Alenoach,45435589,2025-01-12T19:53:38Z,128761,"Added a section ""Empirical research""","['visualeditor', 'editcheck-newreference', 'editcheck-newcontent']",Existential_risk_from_artificial_intelligence,Existential risk from artificial intelligence,Existential_risk_from_artificial_intelligence,,
1269240847,1269047546,AlsoWukai,34434225,2025-01-13T18:41:05Z,128654,/* Empirical research */ ce,['visualeditor'],Existential_risk_from_artificial_intelligence,Existential risk from artificial intelligence,Existential_risk_from_artificial_intelligence,,
1270255538,1269240847,WikiWingsuit,38611208,2025-01-18T17:52:21Z,128148,opinion,['wikieditor'],Existential_risk_from_artificial_intelligence,Existential risk from artificial intelligence,Existential_risk_from_artificial_intelligence,,
1273153012,1270255538,GreenC bot,27823944,2025-02-01T00:59:49Z,128158,Move 1 url. [[User:GreenC/WaybackMedic_2.5|Wayback Medic 2.5]] per [[WP:URLREQ#whitehouse.gov]],[],Existential_risk_from_artificial_intelligence,Existential risk from artificial intelligence,Existential_risk_from_artificial_intelligence,,
1275190691,1273153012,69.161.113.27,0,2025-02-11T16:19:54Z,129421,,"['mobile edit', 'mobile web edit']",Existential_risk_from_artificial_intelligence,Existential risk from artificial intelligence,Existential_risk_from_artificial_intelligence,True,
1275195254,1275190691,69.161.113.27,0,2025-02-11T16:52:03Z,129471,,"['mobile edit', 'mobile web edit']",Existential_risk_from_artificial_intelligence,Existential risk from artificial intelligence,Existential_risk_from_artificial_intelligence,True,
1275237152,1275195254,WeyerStudentOfAgrippa,36746535,2025-02-11T21:25:03Z,129053,moving to perspectives,['wikieditor'],Existential_risk_from_artificial_intelligence,Existential risk from artificial intelligence,Existential_risk_from_artificial_intelligence,,
1275401720,1275237152,AlsoWukai,34434225,2025-02-12T20:42:54Z,129055,ce,['visualeditor'],Existential_risk_from_artificial_intelligence,Existential risk from artificial intelligence,Existential_risk_from_artificial_intelligence,,
1276502288,1275401720,Citation bot,7903804,2025-02-19T06:19:57Z,129054,"Alter: template type, title. Add: arxiv, magazine, authors 1-1. Removed parameters. Some additions/deletions were parameter name changes. | [[:en:WP:UCB|Use this bot]]. [[:en:WP:DBUG|Report bugs]]. | Suggested by Abductive | [[Category:Doomsday scenarios]] | #UCB_Category 32/33",[],Existential_risk_from_artificial_intelligence,Existential risk from artificial intelligence,Existential_risk_from_artificial_intelligence,,
1276814677,1276502288,69.161.113.27,0,2025-02-20T22:42:05Z,129432,/* General Intelligence */,"['mobile edit', 'mobile web edit', 'mw-reverted']",Existential_risk_from_artificial_intelligence,Existential risk from artificial intelligence,Existential_risk_from_artificial_intelligence,True,
1276814724,1276814677,69.161.113.27,0,2025-02-20T22:42:36Z,129444,,"['mobile edit', 'mobile web edit', 'mw-reverted']",Existential_risk_from_artificial_intelligence,Existential risk from artificial intelligence,Existential_risk_from_artificial_intelligence,True,
1276814755,1276814724,69.161.113.27,0,2025-02-20T22:42:55Z,129444,,"['mobile edit', 'mobile web edit', 'mw-reverted']",Existential_risk_from_artificial_intelligence,Existential risk from artificial intelligence,Existential_risk_from_artificial_intelligence,True,
1276842547,1276814755,Alenoach,45435589,2025-02-21T02:20:04Z,129054,Undid the three previous edits: redundant with the last sentence of the previous paragraph,"['mw-undo', 'wikieditor']",Existential_risk_from_artificial_intelligence,Existential risk from artificial intelligence,Existential_risk_from_artificial_intelligence,,
1276844000,1276842547,Alenoach,45435589,2025-02-21T02:33:50Z,129090,clarification,['visualeditor'],Existential_risk_from_artificial_intelligence,Existential risk from artificial intelligence,Existential_risk_from_artificial_intelligence,,
1278606554,1276844000,159.250.16.81,0,2025-03-03T13:41:56Z,129481,/* Perspectives */,"['mobile edit', 'mobile web edit']",Existential_risk_from_artificial_intelligence,Existential risk from artificial intelligence,Existential_risk_from_artificial_intelligence,True,
1279326832,1278606554,Alenoach,45435589,2025-03-07T21:46:58Z,129500,clarification,['visualeditor'],Existential_risk_from_artificial_intelligence,Existential risk from artificial intelligence,Existential_risk_from_artificial_intelligence,,
1280478706,1279326832,Asukite,13889901,2025-03-14T20:50:44Z,129487,"noted as an ambiguous title in a recent RM, changing links to avoid ambiguity: Changed link from [[Edge Foundation, Inc.]] to [[Edge.org]] using [[User:BilledMammal/Move+|Move+]]",[],Existential_risk_from_artificial_intelligence,Existential risk from artificial intelligence,Existential_risk_from_artificial_intelligence,,
1280692857,1280478706,Alenoach,45435589,2025-03-15T22:46:10Z,129096,Removed a sentence on Musk ([[Talk:Existential_risk_from_artificial_intelligence#Elon_Musk?|discuss here]]),['visualeditor'],Existential_risk_from_artificial_intelligence,Existential risk from artificial intelligence,Existential_risk_from_artificial_intelligence,,
1281624361,1280692857,2A02:587:A519:6B00:85C:4E63:19F5:BB01,0,2025-03-21T14:01:02Z,129224,Added ref,"['mw-reverted', 'wikieditor']",Existential_risk_from_artificial_intelligence,Existential risk from artificial intelligence,Existential_risk_from_artificial_intelligence,True,
1281626513,1281624361,2A02:587:A519:6B00:85C:4E63:19F5:BB01,0,2025-03-21T14:15:34Z,129352,,"['mw-reverted', 'wikieditor']",Existential_risk_from_artificial_intelligence,Existential risk from artificial intelligence,Existential_risk_from_artificial_intelligence,True,
1281784008,1281626513,Alenoach,45435589,2025-03-22T13:32:43Z,129096,Undid the two previous edits: the two references link to a preprint and it's unclear whether it's relevant here,"['mw-undo', 'wikieditor']",Existential_risk_from_artificial_intelligence,Existential risk from artificial intelligence,Existential_risk_from_artificial_intelligence,,
1283655143,1281784008,69.161.113.27,0,2025-04-02T21:21:42Z,129375,/* Social manipulation */,"['mobile edit', 'mobile web edit', 'mw-reverted']",Existential_risk_from_artificial_intelligence,Existential risk from artificial intelligence,Existential_risk_from_artificial_intelligence,True,
1283656920,1283655143,StereoFolic,40577729,2025-04-02T21:37:37Z,129096,Undid revision [[Special:Diff/1283655143|1283655143]] by [[Special:Contributions/69.161.113.27|69.161.113.27]] ([[User talk:69.161.113.27|talk]]) Revert dubious claim without source,"['mw-undo', 'mobile edit', 'mobile app edit', 'android app edit', 'app-undo']",Existential_risk_from_artificial_intelligence,Existential risk from artificial intelligence,Existential_risk_from_artificial_intelligence,,
1283782957,1283656920,GreenC bot,27823944,2025-04-03T17:04:26Z,129120,Move 1 url. [[User:GreenC/WaybackMedic_2.5|Wayback Medic 2.5]] per [[WP:URLREQ#thetimes.co.uk]],[],Existential_risk_from_artificial_intelligence,Existential risk from artificial intelligence,Existential_risk_from_artificial_intelligence,,
1284588886,1283782957,Khanrashid19900,47542723,2025-04-08T15:30:06Z,130363,I added the citations to two important studies on the harmful role of AI in education.,"['visualeditor', 'mw-reverted', 'editcheck-newreference', 'editcheck-newcontent']",Existential_risk_from_artificial_intelligence,Existential risk from artificial intelligence,Existential_risk_from_artificial_intelligence,,
1284592169,1284588886,MrOllie,6908984,2025-04-08T15:53:04Z,129120,Reverted 1 edit by [[Special:Contributions/Khanrashid19900|Khanrashid19900]] ([[User talk:Khanrashid19900|talk]]): Rv apparent COI / citespam,"['mw-undo', 'twinkle']",Existential_risk_from_artificial_intelligence,Existential risk from artificial intelligence,Existential_risk_from_artificial_intelligence,,
1287829203,1284592169,Alenoach,45435589,2025-04-28T18:26:54Z,129555,Added a sentence on PauseAI,"['visualeditor', 'editcheck-newreference']",Existential_risk_from_artificial_intelligence,Existential risk from artificial intelligence,Existential_risk_from_artificial_intelligence,,
1289964840,1287829203,Alenoach,45435589,2025-05-11T23:46:04Z,129440,"Removed a ""See also"" link (only has a small subsection in the target article, lacks depth)","['visualeditor-switched', 'wikieditor']",Existential_risk_from_artificial_intelligence,Existential risk from artificial intelligence,Existential_risk_from_artificial_intelligence,,
1291615410,1289964840,Xpander,32521649,2025-05-22T10:25:04Z,129444,/* Types of existential risk */,['visualeditor'],Existential_risk_from_artificial_intelligence,Existential risk from artificial intelligence,Existential_risk_from_artificial_intelligence,,
1291722278,1291615410,OAbot,28481209,2025-05-23T00:06:11Z,129494,[[Wikipedia:OABOT|Open access bot]]: url-access updated in citation with #oabot.,[],Existential_risk_from_artificial_intelligence,Existential risk from artificial intelligence,Existential_risk_from_artificial_intelligence,,
1293931499,1291722278,159.250.27.146,0,2025-06-04T14:41:30Z,130386,/* Endorsement */,"['mobile edit', 'mobile web edit', 'mw-reverted']",Existential_risk_from_artificial_intelligence,Existential risk from artificial intelligence,Existential_risk_from_artificial_intelligence,True,
1293932422,1293931499,MrOllie,6908984,2025-06-04T14:48:55Z,129494,Restored revision 1291722278 by [[Special:Contributions/OAbot|OAbot]] ([[User talk:OAbot|talk]]): Rv views from fringe figure,"['mw-undo', 'twinkle']",Existential_risk_from_artificial_intelligence,Existential risk from artificial intelligence,Existential_risk_from_artificial_intelligence,,
1293942811,1293932422,159.250.27.146,0,2025-06-04T16:11:39Z,130388,/* Perspectives */,"['mobile edit', 'mobile web edit', 'mw-reverted']",Existential_risk_from_artificial_intelligence,Existential risk from artificial intelligence,Existential_risk_from_artificial_intelligence,True,
1293943178,1293942811,159.250.27.146,0,2025-06-04T16:14:43Z,130426,/* Perspectives */,"['mobile edit', 'mobile web edit', 'mw-reverted']",Existential_risk_from_artificial_intelligence,Existential risk from artificial intelligence,Existential_risk_from_artificial_intelligence,True,
1293945032,1293943178,159.250.27.146,0,2025-06-04T16:28:47Z,129496,,"['mobile edit', 'mobile web edit', 'mw-reverted']",Existential_risk_from_artificial_intelligence,Existential risk from artificial intelligence,Existential_risk_from_artificial_intelligence,True,
1293945304,1293945032,Chippla360,49314017,2025-06-04T16:30:51Z,129494,Restored revision 1293932422 by [[Special:Contributions/MrOllie|MrOllie]] ([[User talk:MrOllie|talk]]),"['mw-undo', 'mobile edit', 'mobile web edit', 'twinkle']",Existential_risk_from_artificial_intelligence,Existential risk from artificial intelligence,Existential_risk_from_artificial_intelligence,,
1294136050,1293945304,Citation bot,7903804,2025-06-05T20:44:13Z,129526,"Alter: title, template type. Add: magazine, date, authors 1-1. Removed URL that duplicated identifier. Removed access-date with no URL. Removed parameters. Some additions/deletions were parameter name changes. | [[:en:WP:UCB|Use this bot]]. [[:en:WP:DBUG|Report bugs]]. | Suggested by Abductive | [[Category:Human extinction]] | #UCB_Category 7/17",[],Existential_risk_from_artificial_intelligence,Existential risk from artificial intelligence,Existential_risk_from_artificial_intelligence,,
1294332942,1294136050,Personisinsterest,46670398,2025-06-07T02:55:40Z,129687,,"['mw-reverted', 'wikieditor']",Existential_risk_from_artificial_intelligence,Existential risk from artificial intelligence,Existential_risk_from_artificial_intelligence,,
1294356215,1294332942,Belbury,32990417,2025-06-07T07:16:54Z,129526,Reverted 1 edit by [[Special:Contributions/Personisinsterest|Personisinsterest]] ([[User talk:Personisinsterest|talk]]): Unclear what the reader is meant to infer from a screenshot of the Google search AI apparently parroting this Wikipedia lead,"['mw-undo', 'twinkle']",Existential_risk_from_artificial_intelligence,Existential risk from artificial intelligence,Existential_risk_from_artificial_intelligence,,
1294588289,1294356215,146.168.16.209,0,2025-06-08T16:28:10Z,130456,/* Perspectives */,"['mobile edit', 'mobile web edit', 'mw-reverted']",Existential_risk_from_artificial_intelligence,Existential risk from artificial intelligence,Existential_risk_from_artificial_intelligence,True,
1294592690,1294588289,Alenoach,45435589,2025-06-08T17:06:04Z,129526,"Undid revision [[Special:Diff/1294588289|1294588289]] by [[Special:Contributions/146.168.16.209|146.168.16.209]] ([[User talk:146.168.16.209|talk]]): the first reference isn't about AI, the second one is published by The US Sun ([[WP:THESUN]])","['mw-undo', 'wikieditor']",Existential_risk_from_artificial_intelligence,Existential risk from artificial intelligence,Existential_risk_from_artificial_intelligence,,
1294621133,1294592690,146.168.16.209,0,2025-06-08T20:50:20Z,130456,,"['mobile edit', 'mobile web edit', 'mw-reverted']",Existential_risk_from_artificial_intelligence,Existential risk from artificial intelligence,Existential_risk_from_artificial_intelligence,True,
1294621642,1294621133,146.168.16.209,0,2025-06-08T20:53:47Z,130451,,"['mobile edit', 'mobile web edit', 'mw-reverted']",Existential_risk_from_artificial_intelligence,Existential risk from artificial intelligence,Existential_risk_from_artificial_intelligence,True,
1294621871,1294621642,146.168.16.209,0,2025-06-08T20:55:28Z,130452,,"['mobile edit', 'mobile web edit', 'mw-reverted']",Existential_risk_from_artificial_intelligence,Existential risk from artificial intelligence,Existential_risk_from_artificial_intelligence,True,
1294691924,1294621871,Bryandruzin,49740228,2025-06-09T07:15:53Z,130757,Added reference to support statement,['wikieditor'],Existential_risk_from_artificial_intelligence,Existential risk from artificial intelligence,Existential_risk_from_artificial_intelligence,,
1294820774,1294691924,Alenoach,45435589,2025-06-10T00:36:02Z,129831,Undid three edits by [[Special:Contributions/146.168.16.209|146.168.16.209]],"['mw-undo', 'wikieditor']",Existential_risk_from_artificial_intelligence,Existential risk from artificial intelligence,Existential_risk_from_artificial_intelligence,,
1295455500,1294820774,AlsoWukai,34434225,2025-06-13T21:44:25Z,129831,,['visualeditor'],Existential_risk_from_artificial_intelligence,Existential risk from artificial intelligence,Existential_risk_from_artificial_intelligence,,
1298393208,1295455500,AryamanA,22237753,2025-07-02T06:31:06Z,129833,/* Alien mind */,['wikieditor'],Existential_risk_from_artificial_intelligence,Existential risk from artificial intelligence,Existential_risk_from_artificial_intelligence,,
1299626413,1298393208,2406:B400:D11:3E10:18C4:DE20:3A22:829,0,2025-07-09T13:52:16Z,129900,/* Regulation */,"['mw-reverted', 'wikieditor']",Existential_risk_from_artificial_intelligence,Existential risk from artificial intelligence,Existential_risk_from_artificial_intelligence,True,
1299691242,1299626413,Alenoach,45435589,2025-07-09T21:20:30Z,129833,Undid revision [[Special:Diff/1299626413|1299626413]] by [[Special:Contributions/2406:B400:D11:3E10:18C4:DE20:3A22:829|2406:B400:D11:3E10:18C4:DE20:3A22:829]] ([[User talk:2406:B400:D11:3E10:18C4:DE20:3A22:829|talk]]): [[WP:ELNO]],"['mw-undo', 'wikieditor']",Existential_risk_from_artificial_intelligence,Existential risk from artificial intelligence,Existential_risk_from_artificial_intelligence,,
1301533105,1299691242,JJMC89 bot III,35936988,2025-07-20T09:56:28Z,129825,Moving [[:Category:Existential risk from artificial general intelligence]] to [[:Category:Existential risk from artificial intelligence]] per [[Wikipedia:Categories for discussion/Log/2025 July 11#Category:Existential risk from artificial general intelligence]],[],Existential_risk_from_artificial_intelligence,Existential risk from artificial intelligence,Existential_risk_from_artificial_intelligence,,
1305410430,1301533105,Paprikaiser,49116891,2025-08-11T22:27:43Z,128372,Replaced duplicated references,['wikieditor'],Existential_risk_from_artificial_intelligence,Existential risk from artificial intelligence,Existential_risk_from_artificial_intelligence,,
1305570085,1305410430,StereoFolic,40577729,2025-08-12T21:11:29Z,129080,Intro: add more prominent names and copyedit,"['visualeditor', 'editcheck-newreference']",Existential_risk_from_artificial_intelligence,Existential risk from artificial intelligence,Existential_risk_from_artificial_intelligence,,
1305578892,1305570085,StereoFolic,40577729,2025-08-12T22:28:47Z,129614,/* Other sources of risk */ Add coup enablement report,"['visualeditor', 'editcheck-newreference']",Existential_risk_from_artificial_intelligence,Existential risk from artificial intelligence,Existential_risk_from_artificial_intelligence,,
1305579167,1305578892,StereoFolic,40577729,2025-08-12T22:31:20Z,128792,/* Public surveys */ Remove old survey paragraph - I'd like us to start trimming material rather boldly so we can incorporate more recent information,['visualeditor'],Existential_risk_from_artificial_intelligence,Existential risk from artificial intelligence,Existential_risk_from_artificial_intelligence,,
1305581466,1305579167,StereoFolic,40577729,2025-08-12T22:52:39Z,129238,Add METR time horizon graph,"['visualeditor', 'editcheck-newreference']",Existential_risk_from_artificial_intelligence,Existential risk from artificial intelligence,Existential_risk_from_artificial_intelligence,,
1305582032,1305581466,StereoFolic,40577729,2025-08-12T22:57:16Z,129664,Add graph of exponential growth in data points used to train notable models,"['visualeditor', 'editcheck-newreference']",Existential_risk_from_artificial_intelligence,Existential risk from artificial intelligence,Existential_risk_from_artificial_intelligence,,
1305611267,1305582032,StereoFolic,40577729,2025-08-13T02:48:12Z,129075,/* Potential AI capabilities */ Remove [[Frontier supercomputer]] paragraph - seems rather tangential,['visualeditor'],Existential_risk_from_artificial_intelligence,Existential risk from artificial intelligence,Existential_risk_from_artificial_intelligence,,
1305611808,1305611267,StereoFolic,40577729,2025-08-13T02:53:17Z,129035,Various small edits,['visualeditor'],Existential_risk_from_artificial_intelligence,Existential risk from artificial intelligence,Existential_risk_from_artificial_intelligence,,
1305612623,1305611808,StereoFolic,40577729,2025-08-13T03:00:31Z,128820,/* Instrumental convergence */ Condense and move Corrigibility subsection,['visualeditor'],Existential_risk_from_artificial_intelligence,Existential risk from artificial intelligence,Existential_risk_from_artificial_intelligence,,
1305613056,1305612623,StereoFolic,40577729,2025-08-13T03:04:07Z,127696,/* Difficulty of making a flawless design */ Condense (please feel free to revert if I'm going too far),['visualeditor'],Existential_risk_from_artificial_intelligence,Existential risk from artificial intelligence,Existential_risk_from_artificial_intelligence,,
1305613697,1305613056,StereoFolic,40577729,2025-08-13T03:08:35Z,126463,/* Orthogonality thesis */ Condense more,['visualeditor'],Existential_risk_from_artificial_intelligence,Existential risk from artificial intelligence,Existential_risk_from_artificial_intelligence,,
1306266584,1305613697,Alenoach,45435589,2025-08-16T21:13:51Z,126463,lowercase,['visualeditor'],Existential_risk_from_artificial_intelligence,Existential risk from artificial intelligence,Existential_risk_from_artificial_intelligence,,
1306312931,1306266584,StereoFolic,40577729,2025-08-17T03:09:01Z,126037,Remove data points growth image - not very relevant as pointed out on my Talk page,['visualeditor-wikitext'],Existential_risk_from_artificial_intelligence,Existential risk from artificial intelligence,Existential_risk_from_artificial_intelligence,,
1306484140,1306312931,AlsoWukai,34434225,2025-08-18T00:12:06Z,126021,ce,['visualeditor'],Existential_risk_from_artificial_intelligence,Existential risk from artificial intelligence,Existential_risk_from_artificial_intelligence,,
1306551433,1306484140,OAbot,28481209,2025-08-18T10:54:20Z,126038,[[Wikipedia:OABOT|Open access bot]]: doi updated in citation with #oabot.,[],Existential_risk_from_artificial_intelligence,Existential risk from artificial intelligence,Existential_risk_from_artificial_intelligence,,
1307422851,1306551433,Team jelly bear,50159962,2025-08-23T14:32:01Z,126141,,"['mw-reverted', 'wikieditor']",Existential_risk_from_artificial_intelligence,Existential risk from artificial intelligence,Existential_risk_from_artificial_intelligence,,
1307422897,1307422851,ClueBot NG,13286072,2025-08-23T14:32:14Z,126038,"Reverting possible vandalism by [[Special:Contribs/Team jelly bear|Team jelly bear]] to version by OAbot. [[WP:CBFP|Report False Positive?]] Thanks, [[WP:CBNG|ClueBot NG]]. (4412045) (Bot)",['mw-rollback'],Existential_risk_from_artificial_intelligence,Existential risk from artificial intelligence,Existential_risk_from_artificial_intelligence,,
1308046424,1307422897,Cdmx545467,50070445,2025-08-27T05:46:15Z,126196,clarifying a sentence,['visualeditor-wikitext'],Existential_risk_from_artificial_intelligence,Existential risk from artificial intelligence,Existential_risk_from_artificial_intelligence,,
1308046578,1308046424,Cdmx545467,50070445,2025-08-27T05:48:22Z,126002,adjusting the next sentence to the last change,['visualeditor-wikitext'],Existential_risk_from_artificial_intelligence,Existential risk from artificial intelligence,Existential_risk_from_artificial_intelligence,,
1308046889,1308046578,Cdmx545467,50070445,2025-08-27T05:51:43Z,126094,clarifying a sentence about intelligence explosion,['visualeditor-wikitext'],Existential_risk_from_artificial_intelligence,Existential risk from artificial intelligence,Existential_risk_from_artificial_intelligence,,
1308047127,1308046889,Cdmx545467,50070445,2025-08-27T05:52:52Z,126123,/* Cyberattacks */ expanded a sentence and made it more specific,['visualeditor-wikitext'],Existential_risk_from_artificial_intelligence,Existential risk from artificial intelligence,Existential_risk_from_artificial_intelligence,,
1308047255,1308047127,Cdmx545467,50070445,2025-08-27T05:54:06Z,126192,/* Banning */ expanded and clarified a sentence,['visualeditor-wikitext'],Existential_risk_from_artificial_intelligence,Existential risk from artificial intelligence,Existential_risk_from_artificial_intelligence,,
1308433719,1308047255,Maria J editora,50188371,2025-08-29T12:46:18Z,135852,Add two new sections on human dependence/social resilience and on power/political economy/sentience.,"['mw-reverted', 'wikieditor']",Existential_risk_from_artificial_intelligence,Existential risk from artificial intelligence,Existential_risk_from_artificial_intelligence,,
1308444113,1308433719,MrOllie,6908984,2025-08-29T14:09:16Z,126192,Reverted 1 edit by [[Special:Contributions/Maria J editora|Maria J editora]] ([[User talk:Maria J editora|talk]]): Rv COI / citespam,"['mw-undo', 'twinkle']",Existential_risk_from_artificial_intelligence,Existential risk from artificial intelligence,Existential_risk_from_artificial_intelligence,,
1309071932,1308444113,AlsoWukai,34434225,2025-09-02T00:25:07Z,126168,ce,['visualeditor'],Existential_risk_from_artificial_intelligence,Existential risk from artificial intelligence,Existential_risk_from_artificial_intelligence,,
1309333330,1309071932,2001:6C8:FF1D:1B4F:F103:E13E:38A1:D662,0,2025-09-03T13:14:52Z,126272,/* Skepticism */A bit of additional public knowledge,"['mobile edit', 'mobile web edit', 'mw-reverted']",Existential_risk_from_artificial_intelligence,Existential risk from artificial intelligence,Existential_risk_from_artificial_intelligence,True,
1309333416,1309333330,Frost,30292728,2025-09-03T13:15:34Z,126168,Reverted edits by [[Special:Contributions/2001:6C8:FF1D:1B4F:F103:E13E:38A1:D662|2001:6C8:FF1D:1B4F:F103:E13E:38A1:D662]] ([[User talk:2001:6C8:FF1D:1B4F:F103:E13E:38A1:D662|talk]]) ([[WP:HG|HG]]) (3.4.12),"['huggle', 'mw-rollback']",Existential_risk_from_artificial_intelligence,Existential risk from artificial intelligence,Existential_risk_from_artificial_intelligence,,
1309351328,1309333416,160.93.60.45,0,2025-09-03T15:32:03Z,126183,,"['mw-reverted', 'wikieditor']",Existential_risk_from_artificial_intelligence,Existential risk from artificial intelligence,Existential_risk_from_artificial_intelligence,True,
1309351348,1309351328,ClueBot NG,13286072,2025-09-03T15:32:11Z,126168,"Reverting possible vandalism by [[Special:Contribs/160.93.60.45|160.93.60.45]] to version by Frost. [[WP:CBFP|Report False Positive?]] Thanks, [[WP:CBNG|ClueBot NG]]. (4416073) (Bot)","['mw-rollback', 'mw-reverted']",Existential_risk_from_artificial_intelligence,Existential risk from artificial intelligence,Existential_risk_from_artificial_intelligence,,
1309365705,1309351348,Elestrophe,44638138,2025-09-03T17:05:50Z,126183,not vandalism,"['mw-undo', 'mobile edit', 'mobile web edit', 'mw-reverted', 'wikieditor']",Existential_risk_from_artificial_intelligence,Existential risk from artificial intelligence,Existential_risk_from_artificial_intelligence,,
1309415620,1309365705,Alenoach,45435589,2025-09-03T23:51:42Z,126168,"not vandalism but redundant (uncertainty already implied by ""could"")","['visualeditor', 'mw-manual-revert']",Existential_risk_from_artificial_intelligence,Existential risk from artificial intelligence,Existential_risk_from_artificial_intelligence,,
1309510648,1309415620,Citation bot,7903804,2025-09-04T14:19:46Z,126966,"Altered pages. Add: bibcode, arxiv, article-number, authors 1-25. Removed parameters. Formatted [[WP:ENDASH|dashes]]. Some additions/deletions were parameter name changes. | [[:en:WP:UCB|Use this bot]]. [[:en:WP:DBUG|Report bugs]]. | Suggested by Headbomb | Linked from Wikipedia:WikiProject_Academic_Journals/Journals_cited_by_Wikipedia/Sandbox2 | #UCB_webform_linked 594/998",[],Existential_risk_from_artificial_intelligence,Existential risk from artificial intelligence,Existential_risk_from_artificial_intelligence,,
1309554239,1309510648,JackOfAllFades,45981673,2025-09-04T19:18:17Z,126987,"""or AI x-risk"" added to lead",['wikieditor'],Existential_risk_from_artificial_intelligence,Existential risk from artificial intelligence,Existential_risk_from_artificial_intelligence,,
1310657982,1309554239,159.250.27.146,0,2025-09-10T22:22:34Z,127650,/* Perspectives */,"['mobile edit', 'mobile web edit']",Existential_risk_from_artificial_intelligence,Existential risk from artificial intelligence,Existential_risk_from_artificial_intelligence,True,
1310765245,1310657982,159.250.27.146,0,2025-09-11T14:06:06Z,127749,/* Perspectives */,"['mobile edit', 'mobile web edit']",Existential_risk_from_artificial_intelligence,Existential risk from artificial intelligence,Existential_risk_from_artificial_intelligence,True,
1310765465,1310765245,159.250.27.146,0,2025-09-11T14:07:31Z,127777,/* Perspectives */,"['mobile edit', 'mobile web edit']",Existential_risk_from_artificial_intelligence,Existential risk from artificial intelligence,Existential_risk_from_artificial_intelligence,True,
1310765809,1310765465,159.250.27.146,0,2025-09-11T14:09:58Z,127758,/* Perspectives */,"['mobile edit', 'mobile web edit']",Existential_risk_from_artificial_intelligence,Existential risk from artificial intelligence,Existential_risk_from_artificial_intelligence,True,
1310796850,1310765809,UrbanWaterBottle,50013329,2025-09-11T17:23:36Z,127759,,['visualeditor'],Existential_risk_from_artificial_intelligence,Existential risk from artificial intelligence,Existential_risk_from_artificial_intelligence,,
1310864739,1310796850,AlsoWukai,34434225,2025-09-12T01:15:11Z,127721,ce,['visualeditor'],Existential_risk_from_artificial_intelligence,Existential risk from artificial intelligence,Existential_risk_from_artificial_intelligence,,
1312001828,1310864739,HarukaAmaranth,45957157,2025-09-18T03:16:43Z,127721,/* Perspectives */ capitalization,['wikieditor'],Existential_risk_from_artificial_intelligence,Existential risk from artificial intelligence,Existential_risk_from_artificial_intelligence,,
1312131136,1312001828,159.250.27.146,0,2025-09-18T20:43:07Z,127776,/* Perspectives */,"['mobile edit', 'mobile web edit']",Existential_risk_from_artificial_intelligence,Existential risk from artificial intelligence,Existential_risk_from_artificial_intelligence,True,
1312616340,1312131136,MrOllie,6908984,2025-09-21T17:56:35Z,127281,rm COI / citespam,"['mw-reverted', 'wikieditor']",Existential_risk_from_artificial_intelligence,Existential risk from artificial intelligence,Existential_risk_from_artificial_intelligence,,
1312636761,1312616340,172.58.180.188,0,2025-09-21T20:11:39Z,127776,Undid revision [[Special:Diff/1312616340|1312616340]] by [[Special:Contributions/MrOllie|MrOllie]] ([[User talk:MrOllie|talk]]),"['mw-undo', 'Possible disruption', 'mw-reverted', 'wikieditor']",Existential_risk_from_artificial_intelligence,Existential risk from artificial intelligence,Existential_risk_from_artificial_intelligence,True,
1312641339,1312636761,StereoFolic,40577729,2025-09-21T20:42:52Z,127281,Undid revision [[Special:Diff/1312636761|1312636761]] by [[Special:Contributions/172.58.180.188|172.58.180.188]] ([[User talk:172.58.180.188|talk]]) - [[User:MrOllie]] seems to be correct that this is a [[WP:COI]] edit/citation. Please review COI guidelines and discuss in Talk before reinstating this content.,"['mw-undo', 'wikieditor']",Existential_risk_from_artificial_intelligence,Existential risk from artificial intelligence,Existential_risk_from_artificial_intelligence,,
1314326074,1312641339,Monkbot,20483999,2025-09-30T20:49:30Z,127297,[[User:Monkbot/task 21: Replace page(s) with article-number|Monkbot/task 21: Replace page(s) with article-number]];,['AWB'],Existential_risk_from_artificial_intelligence,Existential risk from artificial intelligence,Existential_risk_from_artificial_intelligence,,
1315438075,1314326074,2620:9:6000:5800:A50C:D305:6586:66,0,2025-10-06T17:41:24Z,127296,/* History */,"['mw-reverted', 'wikieditor']",Existential_risk_from_artificial_intelligence,Existential risk from artificial intelligence,Existential_risk_from_artificial_intelligence,True,
1315438129,1315438075,2620:9:6000:5800:A50C:D305:6586:66,0,2025-10-06T17:41:43Z,127297,/* History */,"['mw-reverted', 'wikieditor']",Existential_risk_from_artificial_intelligence,Existential risk from artificial intelligence,Existential_risk_from_artificial_intelligence,True,
1315445033,1315438129,StereoFolic,40577729,2025-10-06T18:27:59Z,127297,/* History */ 1863 is the correct date,"['visualeditor', 'mw-manual-revert']",Existential_risk_from_artificial_intelligence,Existential risk from artificial intelligence,Existential_risk_from_artificial_intelligence,,
1315768716,1315445033,93.128.182.226,0,2025-10-08T15:00:15Z,127869,Added new findings by Anthropic Research team.,['wikieditor'],Existential_risk_from_artificial_intelligence,Existential risk from artificial intelligence,Existential_risk_from_artificial_intelligence,True,
1316007623,1315768716,Alenoach,45435589,2025-10-09T23:26:24Z,127692,nuanced the added sentence,"['visualeditor', 'editcheck-newreference']",Existential_risk_from_artificial_intelligence,Existential risk from artificial intelligence,Existential_risk_from_artificial_intelligence,,
1316489698,1316007623,Alenoach,45435589,2025-10-12T20:05:35Z,126961,"Removed a paragraph (confusing and not fully accurate, these death toll percentages are not in the source)",['visualeditor'],Existential_risk_from_artificial_intelligence,Existential risk from artificial intelligence,Existential_risk_from_artificial_intelligence,,
1316882969,1316489698,AlsoWukai,34434225,2025-10-15T01:21:44Z,126958,ce,['visualeditor'],Existential_risk_from_artificial_intelligence,Existential risk from artificial intelligence,Existential_risk_from_artificial_intelligence,,
1317070396,1316882969,StereoFolic,40577729,2025-10-16T04:04:31Z,123692,"/* Scenarios */ Remove section - feel free to revert per [[WP:BRD]]. The two scenarios highlighted here seemed pretty arbitrary and dated. I recommend more recent scenarios (like AI 2027) be folded more directly into the article contents elsewhere, or otherwise that we build a new Scenarios section with a wider variety of brief sketches from notable sources.",['visualeditor'],Existential_risk_from_artificial_intelligence,Existential risk from artificial intelligence,Existential_risk_from_artificial_intelligence,,
1317072545,1317070396,StereoFolic,40577729,2025-10-16T04:19:54Z,123542,/* Banning */ copyedit and reduce some redundancy,['visualeditor'],Existential_risk_from_artificial_intelligence,Existential risk from artificial intelligence,Existential_risk_from_artificial_intelligence,,
1317073093,1317072545,StereoFolic,40577729,2025-10-16T04:23:54Z,120842,/* Popular reaction */ Remove section - this was very out of date and not representative of popular discourse on the topic,['visualeditor'],Existential_risk_from_artificial_intelligence,Existential risk from artificial intelligence,Existential_risk_from_artificial_intelligence,,
1317174512,1317073093,Lyla1205,13511169,2025-10-16T19:36:12Z,120856,/* See also */ [[P(doom)]] link.,['wikieditor'],Existential_risk_from_artificial_intelligence,Existential risk from artificial intelligence,Existential_risk_from_artificial_intelligence,,
1317190193,1317174512,StereoFolic,40577729,2025-10-16T21:23:40Z,120897,"/* Intelligence explosion */ Add ""further information"" link to [[Recursive self-improvement]]",['visualeditor-wikitext'],Existential_risk_from_artificial_intelligence,Existential risk from artificial intelligence,Existential_risk_from_artificial_intelligence,,
1320660744,1317190193,Oceanflynn,2627928,2025-11-06T01:50:21Z,120957,/* Other sources of risk */ add link to [[Timeline of artificial intelligence risks in global finance]],['wikieditor'],Existential_risk_from_artificial_intelligence,Existential risk from artificial intelligence,Existential_risk_from_artificial_intelligence,,
1321805941,1320660744,~2025-33094-11,50712788,2025-11-12T20:06:40Z,121005,,"['mw-reverted', 'wikieditor']",Existential_risk_from_artificial_intelligence,Existential risk from artificial intelligence,Existential_risk_from_artificial_intelligence,,True
1321806034,1321805941,MSK,50197585,2025-11-12T20:07:16Z,120957,Reverted edits by [[Special:Contributions/~2025-33094-11|~2025-33094-11]] ([[User talk:~2025-33094-11|talk]]) ([[WP:WikiShield|WS]]),"['mw-rollback', 'WikiShield script']",Existential_risk_from_artificial_intelligence,Existential risk from artificial intelligence,Existential_risk_from_artificial_intelligence,,
1321806686,1321806034,~2025-33094-11,50712788,2025-11-12T20:10:21Z,120967,,"['mw-reverted', 'wikieditor']",Existential_risk_from_artificial_intelligence,Existential risk from artificial intelligence,Existential_risk_from_artificial_intelligence,,True
1321806854,1321806686,Crow Basket,49969429,2025-11-12T20:11:25Z,120957,Undid revision [[Special:Diff/1321806686|1321806686]] by [[Special:Contributions/~2025-33094-11|~2025-33094-11]] ([[User talk:~2025-33094-11|talk]]),"['mw-undo', 'mobile edit', 'mobile web edit', 'advanced mobile edit', 'wikieditor']",Existential_risk_from_artificial_intelligence,Existential risk from artificial intelligence,Existential_risk_from_artificial_intelligence,,
1323008020,1321806854,~2025-34458-48,50842166,2025-11-19T03:11:04Z,120990,,"['mobile edit', 'mobile web edit']",Existential_risk_from_artificial_intelligence,Existential risk from artificial intelligence,Existential_risk_from_artificial_intelligence,,True
1323736380,1323008020,~2025-34700-16,50853505,2025-11-23T13:28:49Z,121440,/* Corrigibility */,['wikieditor'],Existential_risk_from_artificial_intelligence,Existential risk from artificial intelligence,Existential_risk_from_artificial_intelligence,,True
1325309063,1323736380,~2025-37512-34,51088660,2025-12-02T10:03:25Z,121498,/* Bibliography */,"['mobile edit', 'mobile web edit']",Existential_risk_from_artificial_intelligence,Existential risk from artificial intelligence,Existential_risk_from_artificial_intelligence,,True
1325673345,1325309063,Bearcat,24902,2025-12-04T14:03:56Z,121466,no redlinked categories; only categories that actually exist are permitted,['wikieditor'],Existential_risk_from_artificial_intelligence,Existential risk from artificial intelligence,Existential_risk_from_artificial_intelligence,,
1332248834,1325673345,Plexishb,51742379,2026-01-10T19:51:21Z,121453,"Updating METR graph image, switching to CC-BY licensed image from theaidigest rather than previous unlicensed one. Data still from the same paper, just different visualization, so leaving citations the same.",['wikieditor'],Existential_risk_from_artificial_intelligence,Existential risk from artificial intelligence,Existential_risk_from_artificial_intelligence,,
1332629513,1332248834,~2026-24839-1,51778453,2026-01-12T23:01:24Z,121899,"Adding more recent open letter, updated quote templates to match MoS",['wikieditor'],Existential_risk_from_artificial_intelligence,Existential risk from artificial intelligence,Existential_risk_from_artificial_intelligence,,True
1332630160,1332629513,~2026-24839-1,51778453,2026-01-12T23:05:30Z,122196,adding citation,['wikieditor'],Existential_risk_from_artificial_intelligence,Existential risk from artificial intelligence,Existential_risk_from_artificial_intelligence,,True
1332630414,1332630160,~2026-24839-1,51778453,2026-01-12T23:07:05Z,122207,fixed citation formatting,['wikieditor'],Existential_risk_from_artificial_intelligence,Existential risk from artificial intelligence,Existential_risk_from_artificial_intelligence,,True
1332631234,1332630414,~2026-24839-1,51778453,2026-01-12T23:12:08Z,122200,,['wikieditor'],Existential_risk_from_artificial_intelligence,Existential risk from artificial intelligence,Existential_risk_from_artificial_intelligence,,True
1332638400,1332631234,Alenoach,45435589,2026-01-13T00:06:53Z,122174,Moved the mention of the statement on superintelligence (good to mention somewhere but the lead is already overly long),"['visualeditor', 'editcheck-newcontent']",Existential_risk_from_artificial_intelligence,Existential risk from artificial intelligence,Existential_risk_from_artificial_intelligence,,
1332638751,1332638400,Alenoach,45435589,2026-01-13T00:08:54Z,122246,links,['visualeditor'],Existential_risk_from_artificial_intelligence,Existential risk from artificial intelligence,Existential_risk_from_artificial_intelligence,,
1332899105,1332638751,~2026-28583-0,51803117,2026-01-14T13:55:00Z,122243,/* Endorsement */ flow,['visualeditor'],Existential_risk_from_artificial_intelligence,Existential risk from artificial intelligence,Existential_risk_from_artificial_intelligence,,True
1333486165,1332899105,~2026-37474-4,51869120,2026-01-18T02:12:01Z,122284,/* See also */,"['mw-reverted', 'wikieditor']",Existential_risk_from_artificial_intelligence,Existential risk from artificial intelligence,Existential_risk_from_artificial_intelligence,,True
1333496811,1333486165,SirOlgen,24841344,2026-01-18T03:37:54Z,122243,Reverting edit(s) by [[Special:Contributions/~2026-37474-4|~2026-37474-4]] ([[User_talk:~2026-37474-4|talk]]) to rev. 1332899105 by ~2026-28583-0: [[WP:VANDAL|Vandalism]] [[w:en:WP:RW|(RW 16.1)]],"['mw-undo', 'RedWarn']",Existential_risk_from_artificial_intelligence,Existential risk from artificial intelligence,Existential_risk_from_artificial_intelligence,,
1333602020,1333496811,~2026-37474-4,51869120,2026-01-18T19:15:24Z,122284,,"['mw-reverted', 'wikieditor']",Existential_risk_from_artificial_intelligence,Existential risk from artificial intelligence,Existential_risk_from_artificial_intelligence,,True
1333602042,1333602020,ClueBot NG,13286072,2026-01-18T19:15:30Z,122243,"Reverting possible vandalism by [[Special:Contribs/~2026-37474-4|~2026-37474-4]] to version by SirOlgen. [[WP:CBFP|Report False Positive?]] Thanks, [[WP:CBNG|ClueBot NG]]. (4471625) (Bot)",['mw-rollback'],Existential_risk_from_artificial_intelligence,Existential risk from artificial intelligence,Existential_risk_from_artificial_intelligence,,
1334122792,1333602042,~2025-38065-73,51103322,2026-01-21T17:52:51Z,122403,/* Corrigibility */ Flagging a dubious claim that lacks a secondary source [[WP:PSTS]],['wikieditor'],Existential_risk_from_artificial_intelligence,Existential risk from artificial intelligence,Existential_risk_from_artificial_intelligence,,True
1334146335,1334122792,Countercheck,45093283,2026-01-21T20:46:11Z,122395,copyedit of first quarter of article,['visualeditor'],Existential_risk_from_artificial_intelligence,Existential risk from artificial intelligence,Existential_risk_from_artificial_intelligence,,
1334151594,1334146335,Countercheck,45093283,2026-01-21T21:22:18Z,122438,copyedit of second quarter of article,['visualeditor'],Existential_risk_from_artificial_intelligence,Existential risk from artificial intelligence,Existential_risk_from_artificial_intelligence,,
1334198446,1334151594,Citation bot,7903804,2026-01-22T03:24:32Z,122483,"Altered template type. Add: magazine, doi, issue, volume, authors 1-1. Removed parameters. Some additions/deletions were parameter name changes. | [[:en:WP:UCB|Use this bot]]. [[:en:WP:DBUG|Report bugs]]. | Suggested by Headbomb | #UCB_toolbar",[],Existential_risk_from_artificial_intelligence,Existential risk from artificial intelligence,Existential_risk_from_artificial_intelligence,,
1334204552,1334198446,Alenoach,45435589,2026-01-22T04:06:14Z,121874,Removed a claim that looks promotional and is weakly sourced,['visualeditor'],Existential_risk_from_artificial_intelligence,Existential risk from artificial intelligence,Existential_risk_from_artificial_intelligence,,
1334208736,1334204552,Alenoach,45435589,2026-01-22T04:47:39Z,121877,Moved a graph and made it smaller,"['visualeditor-switched', 'wikieditor']",Existential_risk_from_artificial_intelligence,Existential risk from artificial intelligence,Existential_risk_from_artificial_intelligence,,
1334209020,1334208736,Alenoach,45435589,2026-01-22T04:50:12Z,121863,rephrased a caption,['visualeditor'],Existential_risk_from_artificial_intelligence,Existential risk from artificial intelligence,Existential_risk_from_artificial_intelligence,,
1334512398,1334209020,AlsoWukai,34434225,2026-01-24T00:40:26Z,121848,ce,['visualeditor'],Existential_risk_from_artificial_intelligence,Existential risk from artificial intelligence,Existential_risk_from_artificial_intelligence,,
1336441068,1334512398,~2026-76707-2,52163597,2026-02-03T20:39:30Z,121847,,['wikieditor'],Existential_risk_from_artificial_intelligence,Existential risk from artificial intelligence,Existential_risk_from_artificial_intelligence,,True
1336953524,1336441068,~2026-82703-1,52216727,2026-02-06T17:11:08Z,121855,/* References */,"['mw-reverted', 'wikieditor']",Existential_risk_from_artificial_intelligence,Existential risk from artificial intelligence,Existential_risk_from_artificial_intelligence,,True
1336958808,1336953524,StereoFolic,40577729,2026-02-06T17:48:57Z,121847,Undid revision [[Special:Diff/1336953524|1336953524]] by [[Special:Contributions/~2026-82703-1|~2026-82703-1]] ([[User talk:~2026-82703-1|talk]]) spam,"['mw-undo', 'mobile edit', 'mobile app edit', 'android app edit', 'app-undo']",Existential_risk_from_artificial_intelligence,Existential risk from artificial intelligence,Existential_risk_from_artificial_intelligence,,
1337458884,1336958808,~2025-38065-73,51103322,2026-02-09T16:11:45Z,122530,/* General Intelligence */ Added more context to give a fuller picture of the scientific consensus that existed in 2023,['wikieditor'],Existential_risk_from_artificial_intelligence,Existential risk from artificial intelligence,Existential_risk_from_artificial_intelligence,,True
1338817283,1337458884,Openlypenguin,52390778,2026-02-17T11:45:53Z,123353,/* AI arms race */Added cited legal scholarship on near-term governance failure as a distinct AI risk vector,"['mobile edit', 'mobile web edit']",Existential_risk_from_artificial_intelligence,Existential risk from artificial intelligence,Existential_risk_from_artificial_intelligence,,
1339100878,1338817283,NenadWeber,50376564,2026-02-18T23:11:27Z,123334,/* See also */ per [[WP:NOTSEEALSO]],['wikieditor'],Existential_risk_from_artificial_intelligence,Existential risk from artificial intelligence,Existential_risk_from_artificial_intelligence,,
1339101046,1339100878,NenadWeber,50376564,2026-02-18T23:12:38Z,123328,,['wikieditor'],Existential_risk_from_artificial_intelligence,Existential risk from artificial intelligence,Existential_risk_from_artificial_intelligence,,
1339101936,1339101046,NenadWeber,50376564,2026-02-18T23:18:42Z,123311,/* See also */ per [[WP:NOTSEEALSO]],['wikieditor'],Existential_risk_from_artificial_intelligence,Existential risk from artificial intelligence,Existential_risk_from_artificial_intelligence,,
1339415728,1339101936,AlsoWukai,34434225,2026-02-20T11:58:53Z,123273,ce,['visualeditor'],Existential_risk_from_artificial_intelligence,Existential risk from artificial intelligence,Existential_risk_from_artificial_intelligence,,
1340935672,1339415728,WeyerStudentOfAgrippa,36746535,2026-02-28T15:56:54Z,123349,/* Banning */ [[Stop AI]],['wikieditor'],Existential_risk_from_artificial_intelligence,Existential risk from artificial intelligence,Existential_risk_from_artificial_intelligence,,
1342011900,1340935672,~2026-14422-50,52678805,2026-03-06T13:22:49Z,123740,/* Perspectives */,"['mobile edit', 'mobile web edit']",Existential_risk_from_artificial_intelligence,Existential risk from artificial intelligence,Existential_risk_from_artificial_intelligence,,True
1344010452,1342011900,~2025-42193-93,51437595,2026-03-17T19:15:18Z,123742,Link to unfamiliar concept...,"['mobile edit', 'mobile web edit']",Existential_risk_from_artificial_intelligence,Existential risk from artificial intelligence,Existential_risk_from_artificial_intelligence,,True
1344036667,1344010452,Bruce1ee,211905,2026-03-17T22:28:50Z,123744,fixed [[Special:LintErrors|lint errors]] – missing end tag,[],Existential_risk_from_artificial_intelligence,Existential risk from artificial intelligence,Existential_risk_from_artificial_intelligence,,
1346010554,1344036667,Chevronchevron,52599276,2026-03-29T12:10:07Z,123748,,"['visualeditor-switched', 'wikieditor']",Existential_risk_from_artificial_intelligence,Existential risk from artificial intelligence,Existential_risk_from_artificial_intelligence,,
1349541456,1346010554,Langchri,14818485,2026-04-17T20:08:14Z,124529,Report evidence about instrumentality,"['mw-reverted', 'wikieditor']",Existential_risk_from_artificial_intelligence,Existential risk from artificial intelligence,Existential_risk_from_artificial_intelligence,,
1349687691,1349541456,Alenoach,45435589,2026-04-18T13:19:58Z,123748,"Undid revision [[Special:Diff/1349541456|1349541456]] by [[Special:Contributions/Langchri|Langchri]] ([[User talk:Langchri|talk]]): [[WP:SELFCITE]], [[WP:PREPRINT]], and overgeneralizes the result of an experiment in a specific setup","['mw-undo', 'wikieditor']",Existential_risk_from_artificial_intelligence,Existential risk from artificial intelligence,Existential_risk_from_artificial_intelligence,,
1351340116,1349687691,Lova Falk,3665380,2026-04-27T10:20:12Z,124811,/* Regulation */ added text + source,['wikieditor'],Existential_risk_from_artificial_intelligence,Existential risk from artificial intelligence,Existential_risk_from_artificial_intelligence,,
1351487087,1351340116,Lova Falk,3665380,2026-04-28T07:34:29Z,124661,article was moved,['wikieditor'],Existential_risk_from_artificial_intelligence,Existential risk from artificial intelligence,Existential_risk_from_artificial_intelligence,,
1352272859,1351487087,FMRadio,50028146,2026-05-03T06:10:01Z,124692,/* History */ weasel words inline,['visualeditor'],Existential_risk_from_artificial_intelligence,Existential risk from artificial intelligence,Existential_risk_from_artificial_intelligence,,
1352328385,1352272859,Alenoach,45435589,2026-05-03T15:35:55Z,124641,/* History */ rephrased a sentence to avoid weasel words,['visualeditor'],Existential_risk_from_artificial_intelligence,Existential risk from artificial intelligence,Existential_risk_from_artificial_intelligence,,
1352455545,1352328385,AlsoWukai,34434225,2026-05-04T08:30:51Z,124634,,['wikieditor'],Existential_risk_from_artificial_intelligence,Existential risk from artificial intelligence,Existential_risk_from_artificial_intelligence,,
1352694968,1352455545,Jarble,7226930,2026-05-05T18:45:50Z,124868,/* Enhanced pathogens */ linking,"['visualeditor', 'editcheck-newreference']",Existential_risk_from_artificial_intelligence,Existential risk from artificial intelligence,Existential_risk_from_artificial_intelligence,,
1352695738,1352694968,Jarble,7226930,2026-05-05T18:51:40Z,125166,/* Enhanced pathogens */ another reference,"['visualeditor', 'editcheck-newreference']",Existential_risk_from_artificial_intelligence,Existential risk from artificial intelligence,Existential_risk_from_artificial_intelligence,,
1354027544,1352695738,Nick nella,52739439,2026-05-13T21:31:34Z,125658,,"['mobile edit', 'mobile web edit']",Existential_risk_from_artificial_intelligence,Existential risk from artificial intelligence,Existential_risk_from_artificial_intelligence,,
1354465489,1354027544,BusyIbis,53270686,2026-05-16T16:16:57Z,126907,"added sources, missing relevant developments in past years, hyperlinks","['visualeditor', 'editcheck-newreference', 'editsuggestion-seen']",Existential_risk_from_artificial_intelligence,Existential risk from artificial intelligence,Existential_risk_from_artificial_intelligence,,
1355253930,1354465489,Paprikaiser,49116891,2026-05-20T20:22:48Z,126035,Replaced duplicated reference,['wikieditor'],Existential_risk_from_artificial_intelligence,Existential risk from artificial intelligence,Existential_risk_from_artificial_intelligence,,
1355648188,1355253930,AlsoWukai,34434225,2026-05-23T02:06:25Z,125996,ce,['wikieditor'],Existential_risk_from_artificial_intelligence,Existential risk from artificial intelligence,Existential_risk_from_artificial_intelligence,,
1355804954,1355648188,~2026-30942-26,53960994,2026-05-24T01:01:09Z,125978,,['visualeditor'],Existential_risk_from_artificial_intelligence,Existential risk from artificial intelligence,Existential_risk_from_artificial_intelligence,,True
1357075779,1355804954,Nick nella 2.0,54072924,2026-05-31T16:39:20Z,126277,,"['mobile edit', 'mobile web edit', 'mw-reverted']",Existential_risk_from_artificial_intelligence,Existential risk from artificial intelligence,Existential_risk_from_artificial_intelligence,,
1357076138,1357075779,MrOllie,6908984,2026-05-31T16:42:53Z,125978,Reverted 1 edit by [[Special:Contributions/Nick nella 2.0|Nick nella 2.0]] ([[User talk:Nick nella 2.0|talk]]): Unclear why we should highlight this website in particular,"['mw-undo', 'twinkle']",Existential_risk_from_artificial_intelligence,Existential risk from artificial intelligence,Existential_risk_from_artificial_intelligence,,
1357987857,1357076138,MathMan4,50263571,2026-06-05T21:56:37Z,126075,Added that AI chatbots are claiming that they cant,"['visualeditor', 'mw-reverted']",Existential_risk_from_artificial_intelligence,Existential risk from artificial intelligence,Existential_risk_from_artificial_intelligence,,
1357999184,1357987857,Alenoach,45435589,2026-06-05T23:14:53Z,125978,Undid revision [[Special:Diff/1357987857|1357987857]] by [[Special:Contributions/MathMan4|MathMan4]] ([[User talk:MathMan4|talk]]): unsourced and not encyclopedic,"['mw-undo', 'wikieditor']",Existential_risk_from_artificial_intelligence,Existential risk from artificial intelligence,Existential_risk_from_artificial_intelligence,,
1358737473,1357999184,Wikdsed,54272801,2026-06-10T16:45:24Z,126169,/* Regulation */,"['mobile edit', 'mobile web edit', 'mw-reverted']",Existential_risk_from_artificial_intelligence,Existential risk from artificial intelligence,Existential_risk_from_artificial_intelligence,,
1358737624,1358737473,Danski454,23050153,2026-06-10T16:46:37Z,125978,[[WP:CVPI|Interceptor]]: Reverting unsourced content added by [[Special:Contributions/Wikdsed|Wikdsed]],"['mw-rollback', 'CVPI']",Existential_risk_from_artificial_intelligence,Existential risk from artificial intelligence,Existential_risk_from_artificial_intelligence,,
1359399144,1358737624,Alenoach,45435589,2026-06-15T02:11:46Z,126040,/* Skepticism */ replaced dead reference,"['visualeditor', 'editcheck-newreference']",Existential_risk_from_artificial_intelligence,Existential risk from artificial intelligence,Existential_risk_from_artificial_intelligence,,
1359418373,1359399144,AI coolTIM,27404253,2026-06-15T04:52:57Z,127135,"Minor language improvements, added details on what RSI could look like in practice.","['visualeditor', 'editcheck-newreference']",Existential_risk_from_artificial_intelligence,Existential risk from artificial intelligence,Existential_risk_from_artificial_intelligence,,
1359418447,1359418373,AI coolTIM,27404253,2026-06-15T04:53:45Z,127339,corrected citation,"['visualeditor', 'editcheck-newreference']",Existential_risk_from_artificial_intelligence,Existential risk from artificial intelligence,Existential_risk_from_artificial_intelligence,,
1359574709,1359418447,AlsoWukai,34434225,2026-06-16T01:28:04Z,127310,ce,['wikieditor'],Existential_risk_from_artificial_intelligence,Existential risk from artificial intelligence,Existential_risk_from_artificial_intelligence,,
1359618485,1359574709,Alenoach,45435589,2026-06-16T07:14:42Z,128038,"moved the content on recursive self-improvement from the lead to a subsection, explained what it is and added references","['visualeditor', 'editcheck-newreference', 'editcheck-newcontent']",Existential_risk_from_artificial_intelligence,Existential risk from artificial intelligence,Existential_risk_from_artificial_intelligence,,
1359886198,1359618485,Alenoach,45435589,2026-06-17T21:10:32Z,128105,"/* Recursive self-improvement */ fixed a date, and clarification",['visualeditor'],Existential_risk_from_artificial_intelligence,Existential risk from artificial intelligence,Existential_risk_from_artificial_intelligence,,
1360656921,1359886198,CitationCleanerBot,15270283,2026-06-22T20:25:36Z,128121,"clean up of [[:Category:CS1 maint: work parameter with ISBN]], see [[Wikipedia:Bots/Requests for approval/CitationCleanerBot 7]]",['AWB'],Existential_risk_from_artificial_intelligence,Existential risk from artificial intelligence,Existential_risk_from_artificial_intelligence,,
1362932429,1360656921,RetroCosmos,43951877,2026-07-07T01:41:27Z,128056,"[[MOS:AVOIDBOLD]], [[MOS:REDUNDANCY]], and the title of the article is more descriptive than it is a common name that we should endorse in wikivoice.",['wikieditor'],Existential_risk_from_artificial_intelligence,Existential risk from artificial intelligence,Existential_risk_from_artificial_intelligence,,
1363281946,1362932429,~2026-38810-27,54690445,2026-07-09T05:31:51Z,128057,tighten,"['mw-reverted', 'disambiguator-link-added', 'wikieditor']",Existential_risk_from_artificial_intelligence,Existential risk from artificial intelligence,Existential_risk_from_artificial_intelligence,,True
1363293978,1363281946,StereoFolic,40577729,2026-07-09T07:47:19Z,128056,Undid revision [[Special:Diff/1363281946|1363281946]] by [[Special:Contributions/~2026-38810-27|~2026-38810-27]] ([[User talk:~2026-38810-27|talk]]) Not supported by sources,"['mw-undo', 'mobile edit', 'mobile app edit', 'android app edit', 'app-undo']",Existential_risk_from_artificial_intelligence,Existential risk from artificial intelligence,Existential_risk_from_artificial_intelligence,,
1098422850,0,Jlleon,41188553,2022-07-15T19:32:03Z,1958,First paragraph,['visualeditor'],AI_safety,AI safety,AI_safety,,
1098426100,1098422850,Jlleon,41188553,2022-07-15T19:50:52Z,1985,first reference,['visualeditor'],AI_safety,AI safety,AI_safety,,
1098426352,1098426100,Jlleon,41188553,2022-07-15T19:52:26Z,1978,,['visualeditor'],AI_safety,AI safety,AI_safety,,
1098429228,1098426352,Jlleon,41188553,2022-07-15T20:09:14Z,2011,,['visualeditor'],AI_safety,AI safety,AI_safety,,
1098434472,1098429228,Jlleon,41188553,2022-07-15T20:38:30Z,3546,,['visualeditor'],AI_safety,AI safety,AI_safety,,
1098439868,1098434472,Jlleon,41188553,2022-07-15T21:10:16Z,3941,first footnote,"['visualeditor-switched', 'wikieditor']",AI_safety,AI safety,AI_safety,,
1098947965,1098439868,Jlleon,41188553,2022-07-18T07:27:26Z,3944,link in note,"['visualeditor-switched', 'wikieditor']",AI_safety,AI safety,AI_safety,,
1098948095,1098947965,Jlleon,41188553,2022-07-18T07:28:42Z,3934,,['wikieditor'],AI_safety,AI safety,AI_safety,,
1098951016,1098948095,Jlleon,41188553,2022-07-18T07:54:36Z,4101,,"['visualeditor-switched', 'wikieditor']",AI_safety,AI safety,AI_safety,,
1098951189,1098951016,Jlleon,41188553,2022-07-18T07:56:13Z,4201,,['wikieditor'],AI_safety,AI safety,AI_safety,,
1098952422,1098951189,Jlleon,41188553,2022-07-18T08:06:08Z,4424,,['wikieditor'],AI_safety,AI safety,AI_safety,,
1098955485,1098952422,Jlleon,41188553,2022-07-18T08:29:17Z,7604,references added,"['visualeditor-switched', 'wikieditor']",AI_safety,AI safety,AI_safety,,
1098956623,1098955485,Jlleon,41188553,2022-07-18T08:38:00Z,9516,,['visualeditor'],AI_safety,AI safety,AI_safety,,
1098957566,1098956623,Jlleon,41188553,2022-07-18T08:45:15Z,9602,added second section,['visualeditor'],AI_safety,AI safety,AI_safety,,
1098961061,1098957566,Jlleon,41188553,2022-07-18T09:09:01Z,11465,,"['visualeditor-switched', 'wikieditor']",AI_safety,AI safety,AI_safety,,
1098961660,1098961061,Jlleon,41188553,2022-07-18T09:13:44Z,11847,,['wikieditor'],AI_safety,AI safety,AI_safety,,
1099032647,1098961660,Jlleon,41188553,2022-07-18T17:42:39Z,11847,,"['visualeditor-switched', 'wikieditor']",AI_safety,AI safety,AI_safety,,
1099035474,1099032647,Jlleon,41188553,2022-07-18T17:58:43Z,35784,adding remaining sections,['visualeditor'],AI_safety,AI safety,AI_safety,,
1099043346,1099035474,Jlleon,41188553,2022-07-18T18:43:35Z,35829,added image,['visualeditor'],AI_safety,AI safety,AI_safety,,
1099052719,1099043346,Jlleon,41188553,2022-07-18T19:39:39Z,35856,,['visualeditor'],AI_safety,AI safety,AI_safety,,
1099053179,1099052719,Jlleon,41188553,2022-07-18T19:42:21Z,35883,,['visualeditor'],AI_safety,AI safety,AI_safety,,
1099053446,1099053179,Jlleon,41188553,2022-07-18T19:44:01Z,35900,,['visualeditor'],AI_safety,AI safety,AI_safety,,
1099055733,1099053446,Jlleon,41188553,2022-07-18T19:57:06Z,36268,,"['visualeditor-switched', 'wikieditor']",AI_safety,AI safety,AI_safety,,
1099057025,1099055733,Jlleon,41188553,2022-07-18T20:04:31Z,36600,,['wikieditor'],AI_safety,AI safety,AI_safety,,
1099067894,1099057025,Jlleon,41188553,2022-07-18T21:09:21Z,36537,,['visualeditor'],AI_safety,AI safety,AI_safety,,
1099091175,1099067894,Jlleon,41188553,2022-07-18T23:52:25Z,37035,,['visualeditor'],AI_safety,AI safety,AI_safety,,
1099091812,1099091175,Jlleon,41188553,2022-07-18T23:57:17Z,37062,,['visualeditor'],AI_safety,AI safety,AI_safety,,
1099263939,1099091812,Jlleon,41188553,2022-07-19T21:24:42Z,37228,,"['visualeditor-switched', 'wikieditor']",AI_safety,AI safety,AI_safety,,
1099265948,1099263939,Jlleon,41188553,2022-07-19T21:38:36Z,37655,,"['visualeditor-switched', 'wikieditor']",AI_safety,AI safety,AI_safety,,
1099270777,1099265948,Jlleon,41188553,2022-07-19T22:13:27Z,37952,,['wikieditor'],AI_safety,AI safety,AI_safety,,
1099273957,1099270777,Jlleon,41188553,2022-07-19T22:35:41Z,37954,,['wikieditor'],AI_safety,AI safety,AI_safety,,
1099275252,1099273957,Jlleon,41188553,2022-07-19T22:44:58Z,37953,,['wikieditor'],AI_safety,AI safety,AI_safety,,
1099275564,1099275252,Jlleon,41188553,2022-07-19T22:46:56Z,38009,,['wikieditor'],AI_safety,AI safety,AI_safety,,
1099306697,1099275564,Jlleon,41188553,2022-07-20T02:20:16Z,38516,,['visualeditor'],AI_safety,AI safety,AI_safety,,
1099307427,1099306697,Jlleon,41188553,2022-07-20T02:25:42Z,38744,,"['visualeditor-switched', 'wikieditor']",AI_safety,AI safety,AI_safety,,
1099420006,1099307427,Jlleon,41188553,2022-07-20T17:45:03Z,38761,,['visualeditor'],AI_safety,AI safety,AI_safety,,
1099422587,1099420006,Jlleon,41188553,2022-07-20T18:02:49Z,39131,,['visualeditor'],AI_safety,AI safety,AI_safety,,
1099425290,1099422587,Jlleon,41188553,2022-07-20T18:21:35Z,39379,,['wikieditor'],AI_safety,AI safety,AI_safety,,
1099426673,1099425290,Jlleon,41188553,2022-07-20T18:30:50Z,39639,,['visualeditor'],AI_safety,AI safety,AI_safety,,
1099428476,1099426673,Jlleon,41188553,2022-07-20T18:43:18Z,39943,,['visualeditor'],AI_safety,AI safety,AI_safety,,
1099428814,1099428476,Jlleon,41188553,2022-07-20T18:45:32Z,39960,,['visualeditor'],AI_safety,AI safety,AI_safety,,
1099430691,1099428814,Jlleon,41188553,2022-07-20T18:58:03Z,39987,,['visualeditor'],AI_safety,AI safety,AI_safety,,
1099431133,1099430691,Jlleon,41188553,2022-07-20T19:00:56Z,40014,,['visualeditor'],AI_safety,AI safety,AI_safety,,
1099431977,1099431133,Jlleon,41188553,2022-07-20T19:06:42Z,40041,,['visualeditor'],AI_safety,AI safety,AI_safety,,
1099432654,1099431977,Jlleon,41188553,2022-07-20T19:11:31Z,40080,,"['visualeditor-switched', 'wikieditor']",AI_safety,AI safety,AI_safety,,
1099434569,1099432654,Jlleon,41188553,2022-07-20T19:24:42Z,40300,,['wikieditor'],AI_safety,AI safety,AI_safety,,
1099438111,1099434569,Jlleon,41188553,2022-07-20T19:48:46Z,40567,,['wikieditor'],AI_safety,AI safety,AI_safety,,
1099440044,1099438111,Jlleon,41188553,2022-07-20T20:00:54Z,40882,,['visualeditor'],AI_safety,AI safety,AI_safety,,
1099440861,1099440044,Jlleon,41188553,2022-07-20T20:06:16Z,41186,,"['visualeditor-switched', 'wikieditor']",AI_safety,AI safety,AI_safety,,
1099441572,1099440861,Jlleon,41188553,2022-07-20T20:10:58Z,41203,,['visualeditor'],AI_safety,AI safety,AI_safety,,
1099441869,1099441572,Jlleon,41188553,2022-07-20T20:12:53Z,41658,,['visualeditor'],AI_safety,AI safety,AI_safety,,
1099453293,1099441869,Jlleon,41188553,2022-07-20T21:26:54Z,42060,,['visualeditor'],AI_safety,AI safety,AI_safety,,
1099454680,1099453293,Jlleon,41188553,2022-07-20T21:36:40Z,42087,,['visualeditor'],AI_safety,AI safety,AI_safety,,
1099458577,1099454680,Jlleon,41188553,2022-07-20T22:04:45Z,42265,,"['visualeditor-switched', 'wikieditor']",AI_safety,AI safety,AI_safety,,
1099459105,1099458577,Jlleon,41188553,2022-07-20T22:08:56Z,42311,,['visualeditor'],AI_safety,AI safety,AI_safety,,
1099460774,1099459105,Jlleon,41188553,2022-07-20T22:20:34Z,42580,,"['visualeditor-switched', 'wikieditor']",AI_safety,AI safety,AI_safety,,
1099461472,1099460774,Jlleon,41188553,2022-07-20T22:25:59Z,42738,,['wikieditor'],AI_safety,AI safety,AI_safety,,
1099462606,1099461472,Jlleon,41188553,2022-07-20T22:34:48Z,42962,,['wikieditor'],AI_safety,AI safety,AI_safety,,
1099467559,1099462606,Jlleon,41188553,2022-07-20T23:15:24Z,43188,,['visualeditor'],AI_safety,AI safety,AI_safety,,
1099468459,1099467559,Jlleon,41188553,2022-07-20T23:22:30Z,43345,,"['visualeditor-switched', 'wikieditor']",AI_safety,AI safety,AI_safety,,
1099469166,1099468459,Jlleon,41188553,2022-07-20T23:28:26Z,43362,,['visualeditor'],AI_safety,AI safety,AI_safety,,
1099470452,1099469166,Jlleon,41188553,2022-07-20T23:39:50Z,43419,,['visualeditor'],AI_safety,AI safety,AI_safety,,
1099582871,1099470452,SoerenMind,21728091,2022-07-21T14:47:56Z,43379,/* AI Alignment wiki draft */ removed email address,['visualeditor'],AI_safety,AI safety,AI_safety,,
1099615059,1099582871,Jlleon,41188553,2022-07-21T18:27:22Z,43761,,"['visualeditor-switched', 'wikieditor']",AI_safety,AI safety,AI_safety,,
1099617233,1099615059,Jlleon,41188553,2022-07-21T18:44:02Z,44064,,['wikieditor'],AI_safety,AI safety,AI_safety,,
1099619209,1099617233,Jlleon,41188553,2022-07-21T18:58:26Z,44081,,['visualeditor'],AI_safety,AI safety,AI_safety,,
1099624434,1099619209,Jlleon,41188553,2022-07-21T19:33:51Z,44537,,['wikieditor'],AI_safety,AI safety,AI_safety,,
1099627101,1099624434,Jlleon,41188553,2022-07-21T19:53:31Z,44553,,['wikieditor'],AI_safety,AI safety,AI_safety,,
1099628170,1099627101,Jlleon,41188553,2022-07-21T20:00:35Z,44926,,"['visualeditor-switched', 'wikieditor']",AI_safety,AI safety,AI_safety,,
1099628517,1099628170,Jlleon,41188553,2022-07-21T20:02:51Z,44955,,['visualeditor'],AI_safety,AI safety,AI_safety,,
1099629944,1099628517,Jlleon,41188553,2022-07-21T20:12:34Z,45445,,"['visualeditor-switched', 'wikieditor']",AI_safety,AI safety,AI_safety,,
1099650211,1099629944,Jlleon,41188553,2022-07-21T22:33:06Z,45508,,['visualeditor'],AI_safety,AI safety,AI_safety,,
1099650568,1099650211,Jlleon,41188553,2022-07-21T22:35:41Z,45525,,['visualeditor'],AI_safety,AI safety,AI_safety,,
1099651539,1099650568,Jlleon,41188553,2022-07-21T22:42:53Z,45826,,"['visualeditor-switched', 'wikieditor']",AI_safety,AI safety,AI_safety,,
1099652080,1099651539,Jlleon,41188553,2022-07-21T22:47:08Z,46007,,['visualeditor'],AI_safety,AI safety,AI_safety,,
1099653053,1099652080,Jlleon,41188553,2022-07-21T22:54:44Z,46839,,"['visualeditor-switched', 'wikieditor']",AI_safety,AI safety,AI_safety,,
1099653185,1099653053,Jlleon,41188553,2022-07-21T22:55:51Z,46840,,['wikieditor'],AI_safety,AI safety,AI_safety,,
1099653333,1099653185,Jlleon,41188553,2022-07-21T22:57:17Z,46841,,['wikieditor'],AI_safety,AI safety,AI_safety,,
1099654034,1099653333,Jlleon,41188553,2022-07-21T23:02:58Z,46858,,['visualeditor'],AI_safety,AI safety,AI_safety,,
1099658933,1099654034,Jlleon,41188553,2022-07-21T23:44:20Z,47237,,['visualeditor'],AI_safety,AI safety,AI_safety,,
1099816354,1099658933,Jlleon,41188553,2022-07-22T18:53:04Z,47295,,['visualeditor'],AI_safety,AI safety,AI_safety,,
1099818396,1099816354,Jlleon,41188553,2022-07-22T19:05:58Z,47699,,['visualeditor'],AI_safety,AI safety,AI_safety,,
1099850446,1099818396,Jlleon,41188553,2022-07-22T22:35:44Z,47463,adding note for Turing,"['visualeditor-switched', 'wikieditor']",AI_safety,AI safety,AI_safety,,
1099853752,1099850446,Jlleon,41188553,2022-07-22T22:58:19Z,48177,,['wikieditor'],AI_safety,AI safety,AI_safety,,
1099856439,1099853752,Jlleon,41188553,2022-07-22T23:19:50Z,48642,adding note for Bengio,['wikieditor'],AI_safety,AI safety,AI_safety,,
1099857280,1099856439,Jlleon,41188553,2022-07-22T23:26:40Z,49227,Pearl's note,['wikieditor'],AI_safety,AI safety,AI_safety,,
1099857531,1099857280,Jlleon,41188553,2022-07-22T23:28:53Z,49234,,['wikieditor'],AI_safety,AI safety,AI_safety,,
1099858673,1099857531,Jlleon,41188553,2022-07-22T23:38:31Z,49863,,"['mw-reverted', 'wikieditor']",AI_safety,AI safety,AI_safety,,
1099859592,1099858673,Jlleon,41188553,2022-07-22T23:46:31Z,49234,,"['mw-manual-revert', 'wikieditor']",AI_safety,AI safety,AI_safety,,
1099859918,1099859592,Jlleon,41188553,2022-07-22T23:49:12Z,49500,,['wikieditor'],AI_safety,AI safety,AI_safety,,
1099860301,1099859918,Jlleon,41188553,2022-07-22T23:52:28Z,49704,,['wikieditor'],AI_safety,AI safety,AI_safety,,
1099860548,1099860301,Jlleon,41188553,2022-07-22T23:54:37Z,49670,,['wikieditor'],AI_safety,AI safety,AI_safety,,
1099860745,1099860548,Jlleon,41188553,2022-07-22T23:56:10Z,49671,,['wikieditor'],AI_safety,AI safety,AI_safety,,
1099876238,1099860745,Jlleon,41188553,2022-07-23T01:47:53Z,49829,,['wikieditor'],AI_safety,AI safety,AI_safety,,
1099878090,1099876238,Jlleon,41188553,2022-07-23T02:01:39Z,50149,,['wikieditor'],AI_safety,AI safety,AI_safety,,
1099878716,1099878090,Jlleon,41188553,2022-07-23T02:06:06Z,50376,/* Risks from advanced AI */,['wikieditor'],AI_safety,AI safety,AI_safety,,
1099879449,1099878716,Jlleon,41188553,2022-07-23T02:11:42Z,50648,/* Learning Human Values and Preferences */,['wikieditor'],AI_safety,AI safety,AI_safety,,
1100002233,1099879449,Jlleon,41188553,2022-07-23T18:41:29Z,50962,/* Alignment research */,['wikieditor'],AI_safety,AI safety,AI_safety,,
1100003265,1100002233,Jlleon,41188553,2022-07-23T18:48:07Z,51749,,"['visualeditor-switched', 'wikieditor']",AI_safety,AI safety,AI_safety,,
1100007191,1100003265,Jlleon,41188553,2022-07-23T19:15:36Z,52836,,"['visualeditor-switched', 'wikieditor']",AI_safety,AI safety,AI_safety,,
1100007286,1100007191,Jlleon,41188553,2022-07-23T19:16:21Z,52837,,['wikieditor'],AI_safety,AI safety,AI_safety,,
1100010912,1100007286,Jlleon,41188553,2022-07-23T19:41:37Z,54566,,"['visualeditor-switched', 'wikieditor']",AI_safety,AI safety,AI_safety,,
1100015010,1100010912,Jlleon,41188553,2022-07-23T20:09:03Z,55665,,"['visualeditor-switched', 'wikieditor']",AI_safety,AI safety,AI_safety,,
1100015890,1100015010,Jlleon,41188553,2022-07-23T20:15:24Z,55718,,['wikieditor'],AI_safety,AI safety,AI_safety,,
1100017094,1100015890,Jlleon,41188553,2022-07-23T20:23:49Z,56473,,['visualeditor'],AI_safety,AI safety,AI_safety,,
1100029491,1100017094,Jlleon,41188553,2022-07-23T21:50:56Z,57817,,"['visualeditor-switched', 'wikieditor']",AI_safety,AI safety,AI_safety,,
1100030554,1100029491,Jlleon,41188553,2022-07-23T21:58:33Z,58449,,['wikieditor'],AI_safety,AI safety,AI_safety,,
1100031106,1100030554,Jlleon,41188553,2022-07-23T22:02:22Z,59131,,['visualeditor'],AI_safety,AI safety,AI_safety,,
1100032054,1100031106,Jlleon,41188553,2022-07-23T22:07:42Z,59400,,"['visualeditor-switched', 'wikieditor']",AI_safety,AI safety,AI_safety,,
1100033360,1100032054,Jlleon,41188553,2022-07-23T22:15:14Z,60167,,['visualeditor'],AI_safety,AI safety,AI_safety,,
1100033985,1100033360,Jlleon,41188553,2022-07-23T22:18:55Z,60546,/* Honest AI */,"['visualeditor-switched', 'wikieditor']",AI_safety,AI safety,AI_safety,,
1100034681,1100033985,Jlleon,41188553,2022-07-23T22:22:59Z,61207,/* Honest AI */,"['visualeditor-switched', 'wikieditor']",AI_safety,AI safety,AI_safety,,
1100034859,1100034681,Jlleon,41188553,2022-07-23T22:23:53Z,61215,,['wikieditor'],AI_safety,AI safety,AI_safety,,
1100034984,1100034859,Jlleon,41188553,2022-07-23T22:24:39Z,61214,,['wikieditor'],AI_safety,AI safety,AI_safety,,
1100038085,1100034984,Jlleon,41188553,2022-07-23T22:45:02Z,65889,/* Honest AI */,"['visualeditor-switched', 'wikieditor']",AI_safety,AI safety,AI_safety,,
1100039173,1100038085,Jlleon,41188553,2022-07-23T22:52:17Z,66022,,"['visualeditor-switched', 'wikieditor']",AI_safety,AI safety,AI_safety,,
1100039399,1100039173,Jlleon,41188553,2022-07-23T22:54:01Z,66508,/* Inner alignment and emergent goals */,['wikieditor'],AI_safety,AI safety,AI_safety,,
1100041556,1100039399,Jlleon,41188553,2022-07-23T23:09:44Z,66480,,"['visualeditor-switched', 'wikieditor']",AI_safety,AI safety,AI_safety,,
1100041987,1100041556,Jlleon,41188553,2022-07-23T23:13:12Z,66478,,['wikieditor'],AI_safety,AI safety,AI_safety,,
1100042238,1100041987,Jlleon,41188553,2022-07-23T23:14:59Z,66486,/* Inner alignment and emergent goals */,['wikieditor'],AI_safety,AI safety,AI_safety,,
1100042339,1100042238,Jlleon,41188553,2022-07-23T23:15:42Z,66485,/* Inner alignment and emergent goals */,['wikieditor'],AI_safety,AI safety,AI_safety,,
1100044124,1100042339,Jlleon,41188553,2022-07-23T23:29:18Z,66482,,['visualeditor'],AI_safety,AI safety,AI_safety,,
1100045443,1100044124,Jlleon,41188553,2022-07-23T23:40:10Z,67516,,"['visualeditor-switched', 'wikieditor']",AI_safety,AI safety,AI_safety,,
1100045642,1100045443,Jlleon,41188553,2022-07-23T23:41:43Z,67519,,['wikieditor'],AI_safety,AI safety,AI_safety,,
1100047530,1100045642,Jlleon,41188553,2022-07-23T23:56:40Z,67765,,"['visualeditor-switched', 'wikieditor']",AI_safety,AI safety,AI_safety,,
1100048671,1100047530,Jlleon,41188553,2022-07-24T00:03:26Z,68233,,['wikieditor'],AI_safety,AI safety,AI_safety,,
1100048812,1100048671,Jlleon,41188553,2022-07-24T00:04:04Z,68234,,['wikieditor'],AI_safety,AI safety,AI_safety,,
1100049339,1100048812,Jlleon,41188553,2022-07-24T00:06:52Z,69004,,"['visualeditor-switched', 'wikieditor']",AI_safety,AI safety,AI_safety,,
1100374891,1100049339,SoerenMind,21728091,2022-07-25T15:53:59Z,68933,edit section hierarchy,['wikieditor'],AI_safety,AI safety,AI_safety,,
1118719773,1100374891,Citation bot,7903804,2022-10-28T13:43:33Z,68958,"Alter: pages, title, template type. Add: newspaper, pmid, doi, s2cid, arxiv, authors 1-1. Removed parameters. Formatted [[WP:ENDASH|dashes]]. Some additions/deletions were parameter name changes. Upgrade ISBN10 to 13. Removed Template redirect. | [[WP:UCB|Use this bot]]. [[WP:DBUG|Report bugs]]. | Suggested by AManWithNoPlan | #UCB_CommandLine",[],AI_safety,AI safety,AI_safety,,
1123331607,1118719773,Jlleon,41188553,2022-11-23T05:08:39Z,68788,,['wikieditor'],AI_safety,AI safety,AI_safety,,
1123331940,1123331607,Jlleon,41188553,2022-11-23T05:11:44Z,68796,,['wikieditor'],AI_safety,AI safety,AI_safety,,
1123332117,1123331940,Jlleon,41188553,2022-11-23T05:13:25Z,4363,"[[WP:AES|←]]Replaced content with '{{User sandbox}} <!-- EDIT BELOW THIS LINE -->  = AI Safety wiki draft =  AI safety is an interdisciplinary field concerned with preventing accidents, misuse, or other harmful consequences that could result from artificial intelligence (AI) systems. It encompasses [[machine ethics]] and [[AI alignment]], which aim to make AI systems moral and beneficial, as well as other technical safety problems such as monitoring systems for failures and making them h...'","['mw-replace', 'wikieditor']",AI_safety,AI safety,AI_safety,,
1123333310,1123332117,Jlleon,41188553,2022-11-23T05:23:32Z,5494,/* Motivations */,"['visualeditor-switched', 'wikieditor']",AI_safety,AI safety,AI_safety,,
1123334240,1123333310,Jlleon,41188553,2022-11-23T05:31:18Z,6223,/* Motivations */,"['visualeditor-switched', 'wikieditor']",AI_safety,AI safety,AI_safety,,
1123334466,1123334240,Jlleon,41188553,2022-11-23T05:33:38Z,6221,/* Motivations */,['wikieditor'],AI_safety,AI safety,AI_safety,,
1123334632,1123334466,Jlleon,41188553,2022-11-23T05:35:06Z,6232,/* Motivations */,['wikieditor'],AI_safety,AI safety,AI_safety,,
1123334711,1123334632,Jlleon,41188553,2022-11-23T05:35:47Z,6231,/* Motivations */,['wikieditor'],AI_safety,AI safety,AI_safety,,
1123335427,1123334711,Jlleon,41188553,2022-11-23T05:42:05Z,6821,/* Motivations */,"['visualeditor-switched', 'wikieditor']",AI_safety,AI safety,AI_safety,,
1123335525,1123335427,Jlleon,41188553,2022-11-23T05:43:01Z,6807,/* Motivations */,['wikieditor'],AI_safety,AI safety,AI_safety,,
1123336870,1123335525,Jlleon,41188553,2022-11-23T05:54:25Z,9113,/* Motivations */,"['visualeditor-switched', 'wikieditor']",AI_safety,AI safety,AI_safety,,
1123336954,1123336870,Jlleon,41188553,2022-11-23T05:55:08Z,9103,/* Motivations */,['wikieditor'],AI_safety,AI safety,AI_safety,,
1123337066,1123336954,Jlleon,41188553,2022-11-23T05:56:06Z,9099,/* Motivations */,['wikieditor'],AI_safety,AI safety,AI_safety,,
1123337266,1123337066,Jlleon,41188553,2022-11-23T05:57:51Z,10214,,['wikieditor'],AI_safety,AI safety,AI_safety,,
1123338999,1123337266,Jlleon,41188553,2022-11-23T06:12:33Z,10238,/* Background */,['wikieditor'],AI_safety,AI safety,AI_safety,,
1123339234,1123338999,Jlleon,41188553,2022-11-23T06:14:34Z,10528,/* Background */,['wikieditor'],AI_safety,AI safety,AI_safety,,
1123339407,1123339234,Jlleon,41188553,2022-11-23T06:15:53Z,10821,/* Background */,['wikieditor'],AI_safety,AI safety,AI_safety,,
1123339825,1123339407,Jlleon,41188553,2022-11-23T06:19:16Z,10787,/* Background */,['wikieditor'],AI_safety,AI safety,AI_safety,,
1123340200,1123339825,Jlleon,41188553,2022-11-23T06:22:30Z,11239,/* Background */,"['visualeditor-switched', 'wikieditor']",AI_safety,AI safety,AI_safety,,
1123346766,1123340200,Jlleon,41188553,2022-11-23T07:18:13Z,12247,/* Background */,"['visualeditor-switched', 'wikieditor']",AI_safety,AI safety,AI_safety,,
1123346890,1123346766,Jlleon,41188553,2022-11-23T07:19:10Z,12243,/* Background */,['wikieditor'],AI_safety,AI safety,AI_safety,,
1123347339,1123346890,Jlleon,41188553,2022-11-23T07:23:42Z,12541,/* Background */,['wikieditor'],AI_safety,AI safety,AI_safety,,
1123347414,1123347339,Jlleon,41188553,2022-11-23T07:24:22Z,12521,/* Background */,['wikieditor'],AI_safety,AI safety,AI_safety,,
1123347452,1123347414,Jlleon,41188553,2022-11-23T07:24:44Z,12511,/* Motivations */,['wikieditor'],AI_safety,AI safety,AI_safety,,
1123347612,1123347452,Jlleon,41188553,2022-11-23T07:26:22Z,12753,/* Background */,['wikieditor'],AI_safety,AI safety,AI_safety,,
1123347902,1123347612,Jlleon,41188553,2022-11-23T07:29:19Z,14862,/* Background */,['wikieditor'],AI_safety,AI safety,AI_safety,,
1123349310,1123347902,Jlleon,41188553,2022-11-23T07:43:08Z,16552,/* Background */,"['visualeditor-switched', 'wikieditor']",AI_safety,AI safety,AI_safety,,
1123530315,1123349310,Jlleon,41188553,2022-11-24T06:54:56Z,18507,,['visualeditor'],AI_safety,AI safety,AI_safety,,
1123530935,1123530315,Jlleon,41188553,2022-11-24T07:00:36Z,19578,/* Black swan robustness */,"['visualeditor-switched', 'wikieditor']",AI_safety,AI safety,AI_safety,,
1123531428,1123530935,Jlleon,41188553,2022-11-24T07:05:26Z,20777,/* Black swan robustness */,"['visualeditor-switched', 'wikieditor']",AI_safety,AI safety,AI_safety,,
1123533300,1123531428,Jlleon,41188553,2022-11-24T07:22:33Z,27549,/* Adversarial robustness */,"['visualeditor-switched', 'wikieditor']",AI_safety,AI safety,AI_safety,,
1123533395,1123533300,Jlleon,41188553,2022-11-24T07:23:18Z,27548,/* Estimating uncertainty */,['wikieditor'],AI_safety,AI safety,AI_safety,,
1123533445,1123533395,Jlleon,41188553,2022-11-24T07:23:43Z,27504,/* Estimating uncertainty */,['wikieditor'],AI_safety,AI safety,AI_safety,,
1123533522,1123533445,Jlleon,41188553,2022-11-24T07:24:28Z,27727,/* Estimating uncertainty */,['wikieditor'],AI_safety,AI safety,AI_safety,,
1123534614,1123533522,Jlleon,41188553,2022-11-24T07:34:55Z,31641,/* Estimating uncertainty */,['visualeditor'],AI_safety,AI safety,AI_safety,,
1123534853,1123534614,Jlleon,41188553,2022-11-24T07:37:16Z,32322,/* Detecting malicious use */,"['visualeditor-switched', 'wikieditor']",AI_safety,AI safety,AI_safety,,
1123535452,1123534853,Jlleon,41188553,2022-11-24T07:42:56Z,33369,/* Detecting malicious use */,"['visualeditor-switched', 'wikieditor']",AI_safety,AI safety,AI_safety,,
1123535959,1123535452,Jlleon,41188553,2022-11-24T07:47:21Z,35221,/* Detecting malicious use */,"['visualeditor-switched', 'wikieditor']",AI_safety,AI safety,AI_safety,,
1123536433,1123535959,Jlleon,41188553,2022-11-24T07:52:05Z,35863,/* Transparency */,"['visualeditor-switched', 'wikieditor']",AI_safety,AI safety,AI_safety,,
1123537327,1123536433,Jlleon,41188553,2022-11-24T08:00:40Z,37059,/* Transparency */,"['visualeditor-switched', 'wikieditor']",AI_safety,AI safety,AI_safety,,
1123537689,1123537327,Jlleon,41188553,2022-11-24T08:03:41Z,37824,/* Transparency */,['visualeditor'],AI_safety,AI safety,AI_safety,,
1123562725,1123537689,Jlleon,41188553,2022-11-24T11:42:12Z,40053,/* Transparency */,"['visualeditor-switched', 'wikieditor']",AI_safety,AI safety,AI_safety,,
1123562901,1123562725,Jlleon,41188553,2022-11-24T11:43:48Z,40045,/* Transparency */,['wikieditor'],AI_safety,AI safety,AI_safety,,
1123563079,1123562901,Jlleon,41188553,2022-11-24T11:45:25Z,40683,/* Transparency */,['wikieditor'],AI_safety,AI safety,AI_safety,,
1123563347,1123563079,Jlleon,41188553,2022-11-24T11:47:38Z,41863,/* Transparency */,['wikieditor'],AI_safety,AI safety,AI_safety,,
1123563900,1123563347,Jlleon,41188553,2022-11-24T11:52:00Z,43774,/* Transparency */,['visualeditor'],AI_safety,AI safety,AI_safety,,
1123564552,1123563900,Jlleon,41188553,2022-11-24T11:57:17Z,46943,/* Alignment */,['visualeditor'],AI_safety,AI safety,AI_safety,,
1123564749,1123564552,Jlleon,41188553,2022-11-24T11:59:01Z,44803,/* Proxy misspecification */,"['visualeditor-switched', 'wikieditor']",AI_safety,AI safety,AI_safety,,
1123564943,1123564749,Jlleon,41188553,2022-11-24T12:00:36Z,45385,/* Proxy misspecification */,['visualeditor'],AI_safety,AI safety,AI_safety,,
1123565423,1123564943,Jlleon,41188553,2022-11-24T12:04:24Z,46721,/* Proxy misspecification */,['visualeditor'],AI_safety,AI safety,AI_safety,,
1123565802,1123565423,Jlleon,41188553,2022-11-24T12:07:40Z,47954,/* Aligning internal objectives */,['visualeditor'],AI_safety,AI safety,AI_safety,,
1123566720,1123565802,Jlleon,41188553,2022-11-24T12:14:49Z,51815,/* Aligning internal objectives */,['visualeditor'],AI_safety,AI safety,AI_safety,,
1123567393,1123566720,Jlleon,41188553,2022-11-24T12:20:17Z,52636,/* Systemic safety and sociotechnical factors */,['visualeditor'],AI_safety,AI safety,AI_safety,,
1123567667,1123567393,Jlleon,41188553,2022-11-24T12:22:39Z,53952,/* Systemic safety and sociotechnical factors */,['visualeditor'],AI_safety,AI safety,AI_safety,,
1123567735,1123567667,Jlleon,41188553,2022-11-24T12:23:13Z,53216,/* Detecting malicious use */,['visualeditor'],AI_safety,AI safety,AI_safety,,
1123568145,1123567735,Jlleon,41188553,2022-11-24T12:26:44Z,54509,/* Improving institutional decision-making */,['visualeditor'],AI_safety,AI safety,AI_safety,,
1123568191,1123568145,Jlleon,41188553,2022-11-24T12:27:14Z,54948,/* Facilitating cooperation */,"['visualeditor-switched', 'wikieditor']",AI_safety,AI safety,AI_safety,,
1123568558,1123568191,Jlleon,41188553,2022-11-24T12:30:03Z,55724,/* Facilitating cooperation */,"['visualeditor-switched', 'wikieditor']",AI_safety,AI safety,AI_safety,,
1123569149,1123568558,Jlleon,41188553,2022-11-24T12:34:30Z,56498,/* Facilitating cooperation */,"['visualeditor-switched', 'wikieditor']",AI_safety,AI safety,AI_safety,,
1123569484,1123569149,Jlleon,41188553,2022-11-24T12:37:15Z,56687,/* Facilitating cooperation */,['wikieditor'],AI_safety,AI safety,AI_safety,,
1123569802,1123569484,Jlleon,41188553,2022-11-24T12:39:45Z,57768,/* Facilitating cooperation */,"['visualeditor-switched', 'wikieditor']",AI_safety,AI safety,AI_safety,,
1123569892,1123569802,Jlleon,41188553,2022-11-24T12:40:27Z,57752,/* Facilitating cooperation */,['visualeditor'],AI_safety,AI safety,AI_safety,,
1123570076,1123569892,Jlleon,41188553,2022-11-24T12:41:56Z,60642,/* Facilitating cooperation */,['visualeditor'],AI_safety,AI safety,AI_safety,,
1123571302,1123570076,Jlleon,41188553,2022-11-24T12:51:56Z,62982,/* Research */,"['visualeditor-switched', 'wikieditor']",AI_safety,AI safety,AI_safety,,
1123571612,1123571302,Jlleon,41188553,2022-11-24T12:54:20Z,63289,/* Research */,['visualeditor'],AI_safety,AI safety,AI_safety,,
1123571891,1123571612,Jlleon,41188553,2022-11-24T12:56:39Z,64168,/* Government action */,"['visualeditor-switched', 'wikieditor']",AI_safety,AI safety,AI_safety,,
1123572874,1123571891,Jlleon,41188553,2022-11-24T13:03:44Z,64653,/* Government action */,"['visualeditor-switched', 'wikieditor']",AI_safety,AI safety,AI_safety,,
1123572993,1123572874,Jlleon,41188553,2022-11-24T13:04:39Z,64652,/* Government action */,['visualeditor'],AI_safety,AI safety,AI_safety,,
1123573439,1123572993,Jlleon,41188553,2022-11-24T13:08:04Z,66032,/* Government action */,"['visualeditor-switched', 'wikieditor']",AI_safety,AI safety,AI_safety,,
1123573935,1123573439,Jlleon,41188553,2022-11-24T13:11:54Z,66399,/* Government action */,['visualeditor'],AI_safety,AI safety,AI_safety,,
1123574991,1123573935,Jlleon,41188553,2022-11-24T13:19:46Z,67312,/* Government action */,"['visualeditor-switched', 'wikieditor']",AI_safety,AI safety,AI_safety,,
1123575999,1123574991,Jlleon,41188553,2022-11-24T13:27:10Z,69715,/* Government action */,"['visualeditor-switched', 'wikieditor']",AI_safety,AI safety,AI_safety,,
1123576284,1123575999,Jlleon,41188553,2022-11-24T13:29:24Z,70089,/* Corporate self-regulation */,"['visualeditor-switched', 'wikieditor']",AI_safety,AI safety,AI_safety,,
1123576894,1123576284,Jlleon,41188553,2022-11-24T13:34:50Z,70752,/* Corporate self-regulation */,"['visualeditor-switched', 'wikieditor']",AI_safety,AI safety,AI_safety,,
1123576947,1123576894,Jlleon,41188553,2022-11-24T13:35:21Z,72289,/* Corporate self-regulation */,['wikieditor'],AI_safety,AI safety,AI_safety,,
1123576983,1123576947,Jlleon,41188553,2022-11-24T13:35:38Z,70751,/* Corporate self-regulation */,['wikieditor'],AI_safety,AI safety,AI_safety,,
1123577089,1123576983,Jlleon,41188553,2022-11-24T13:36:25Z,70758,/* Research */,['visualeditor'],AI_safety,AI safety,AI_safety,,
1123577555,1123577089,Jlleon,41188553,2022-11-24T13:40:16Z,70991,/* Corporate self-regulation */,"['visualeditor-switched', 'wikieditor']",AI_safety,AI safety,AI_safety,,
1123578387,1123577555,Jlleon,41188553,2022-11-24T13:47:02Z,71034,/* Corporate self-regulation */,['wikieditor'],AI_safety,AI safety,AI_safety,,
1123579274,1123578387,Jlleon,41188553,2022-11-24T13:54:17Z,72233,/* See also */,['visualeditor'],AI_safety,AI safety,AI_safety,,
1123869314,1123579274,Joshuaclymer,44906436,2022-11-26T04:01:00Z,72239,/* Background */,"['visualeditor-switched', 'wikieditor']",AI_safety,AI safety,AI_safety,,
1123870737,1123869314,Joshuaclymer,44906436,2022-11-26T04:13:33Z,72057,,['wikieditor'],AI_safety,AI safety,AI_safety,,
1123870909,1123870737,Joshuaclymer,44906436,2022-11-26T04:15:02Z,72069,,['wikieditor'],AI_safety,AI safety,AI_safety,,
1123871316,1123870909,Joshuaclymer,44906436,2022-11-26T04:18:10Z,72071,,['wikieditor'],AI_safety,AI safety,AI_safety,,
1123871449,1123871316,Joshuaclymer,44906436,2022-11-26T04:19:24Z,72085,,['wikieditor'],AI_safety,AI safety,AI_safety,,
1123871689,1123871449,Joshuaclymer,44906436,2022-11-26T04:21:23Z,72067,,['wikieditor'],AI_safety,AI safety,AI_safety,,
1124228897,1123871689,Joshuaclymer,44906436,2022-11-27T23:24:34Z,72066,,['wikieditor'],AI_safety,AI safety,AI_safety,,
1124236236,1124228897,Joshuaclymer,44906436,2022-11-28T00:08:53Z,72188,,['wikieditor'],AI_safety,AI safety,AI_safety,,
1124236429,1124236236,Joshuaclymer,44906436,2022-11-28T00:09:56Z,72188,,['wikieditor'],AI_safety,AI safety,AI_safety,,
1124237762,1124236429,Joshuaclymer,44906436,2022-11-28T00:18:24Z,72067,,['wikieditor'],AI_safety,AI safety,AI_safety,,
1124237962,1124237762,Joshuaclymer,44906436,2022-11-28T00:19:22Z,72465,,['wikieditor'],AI_safety,AI safety,AI_safety,,
1124238062,1124237962,Joshuaclymer,44906436,2022-11-28T00:19:55Z,72465,,['wikieditor'],AI_safety,AI safety,AI_safety,,
1124238290,1124238062,Joshuaclymer,44906436,2022-11-28T00:21:13Z,72451,,['wikieditor'],AI_safety,AI safety,AI_safety,,
1124238744,0,Joshuaclymer,44906436,2022-11-28T00:23:34Z,72440,"[[WP:AES|←]]Created page with '{{User sandbox}} <!-- EDIT BELOW THIS LINE -->  = AI Safety =  AI safety is an interdisciplinary field concerned with preventing accidents, misuse, or other harmful consequences that could result from artificial intelligence (AI) systems. It encompasses [[machine ethics]] and [[AI alignment]], which aim to make AI systems moral and beneficial, as well as other technical safety problems such as monitoring systems for failures and making them highly reliable....'","['Possible self promotion in user or draftspace', 'wikieditor']",AI_safety,AI safety,AI_safety,,
1124238843,1124238744,Joshuaclymer,44906436,2022-11-28T00:24:07Z,72421,,['wikieditor'],AI_safety,AI safety,AI_safety,,
1124238906,1124238843,Joshuaclymer,44906436,2022-11-28T00:24:32Z,72419,,['wikieditor'],AI_safety,AI safety,AI_safety,,
1124239025,1124238906,Joshuaclymer,44906436,2022-11-28T00:25:05Z,72415,,['wikieditor'],AI_safety,AI safety,AI_safety,,
1124239198,1124239025,Joshuaclymer,44906436,2022-11-28T00:25:53Z,72417,,['wikieditor'],AI_safety,AI safety,AI_safety,,
1124433466,1124239198,Joshuaclymer,44906436,2022-11-28T22:20:50Z,69899,/* Alignment */,['wikieditor'],AI_safety,AI safety,AI_safety,,
1124433727,1124433466,Joshuaclymer,44906436,2022-11-28T22:22:39Z,62920,/* Alignment */,['wikieditor'],AI_safety,AI safety,AI_safety,,
1124435745,1124433727,Joshuaclymer,44906436,2022-11-28T22:37:02Z,62750,/* Motivations */,['wikieditor'],AI_safety,AI safety,AI_safety,,
1124436276,1124435745,Joshuaclymer,44906436,2022-11-28T22:40:51Z,62782,,['wikieditor'],AI_safety,AI safety,AI_safety,,
1124436437,1124436276,Joshuaclymer,44906436,2022-11-28T22:41:58Z,62797,,['wikieditor'],AI_safety,AI safety,AI_safety,,
1124437055,1124436437,Joshuaclymer,44906436,2022-11-28T22:46:09Z,62952,Submitting using [[WP:AFCSW|AfC-submit-wizard]],['disambiguator-link-added'],AI_safety,AI safety,AI_safety,,
1124508041,1124437055,Eagleash,17699731,2022-11-29T02:12:45Z,62979,lvl 2 hdgs; sequential hdgs; order,['wikieditor'],AI_safety,AI safety,AI_safety,,
1124508148,1124508041,Eagleash,17699731,2022-11-29T02:13:31Z,62983,/* Notes */ fix,['wikieditor'],AI_safety,AI safety,AI_safety,,
1124508298,1124508148,Eagleash,17699731,2022-11-29T02:14:54Z,62985,/* Books */ twk,['wikieditor'],AI_safety,AI safety,AI_safety,,
1124508362,1124508298,Eagleash,17699731,2022-11-29T02:15:26Z,62987,/* Organizations */ ditto,['wikieditor'],AI_safety,AI safety,AI_safety,,
1124508619,1124508362,Eagleash,17699731,2022-11-29T02:17:42Z,62987,Eagleash moved page [[User:Joshuaclymer/sandbox]] to [[Draft:AI safety]] without leaving a redirect: Preferred location for [[WP:AFC|AfC]] submissions,[],AI_safety,AI safety,AI_safety,,
1124508863,1124508619,RichBot,39560964,2022-11-29T02:20:04Z,62939,"([[WP:BOT|Beep, Boop]]). I have removed a template which is not valid in Draftspace",[],AI_safety,AI safety,AI_safety,,
1125029501,1124508863,Joshuaclymer,44906436,2022-12-01T20:57:39Z,62963,,['wikieditor'],AI_safety,AI safety,AI_safety,,
1125029736,1125029501,Joshuaclymer,44906436,2022-12-01T20:59:31Z,62941,,['wikieditor'],AI_safety,AI safety,AI_safety,,
1125029961,1125029736,Joshuaclymer,44906436,2022-12-01T21:01:04Z,62893,/* Focuses of technical AI safety research */,['wikieditor'],AI_safety,AI safety,AI_safety,,
1125031332,1125029961,Joshuaclymer,44906436,2022-12-01T21:10:22Z,62907,,['wikieditor'],AI_safety,AI safety,AI_safety,,
1125031779,1125031332,Joshuaclymer,44906436,2022-12-01T21:13:08Z,62889,,['wikieditor'],AI_safety,AI safety,AI_safety,,
1125033685,1125031779,Joshuaclymer,44906436,2022-12-01T21:25:23Z,63114,,['wikieditor'],AI_safety,AI safety,AI_safety,,
1125486345,1125033685,Citation bot,7903804,2022-12-04T07:16:41Z,63495,"Alter: template type, pmc, issue, last1, last2. Add: doi-broken-date, issue, volume, pmc, pmid, newspaper, pmc-embargo-date, isbn, bibcode, hdl, series, publisher, journal, arxiv, s2cid, authors 1-1. Removed proxy/dead URL that duplicated identifier. Removed parameters. Formatted [[WP:ENDASH|dashes]]. Some additions/deletions were parameter name changes. Removed Template redirect. | [[WP:UCB|Use this bot]]. [[WP:DBUG|Report bugs]]. | Suggested by Headbomb | #UCB_toolbar",[],AI_safety,AI safety,AI_safety,,
1125722474,1125486345,AManWithNoPlan,12416903,2022-12-05T14:00:41Z,63551,add url to dead doi,['wikieditor'],AI_safety,AI safety,AI_safety,,
1130180466,1125722474,Citation bot,7903804,2022-12-29T00:19:52Z,63621,"Add: issue, volume, bibcode, arxiv. | [[WP:UCB|Use this bot]]. [[WP:DBUG|Report bugs]]. | Suggested by Smasongarrison | [[Category:AfC submissions on science, mathematics and engineering]] | #UCB_Category 239/742",[],AI_safety,AI safety,AI_safety,,
1130825068,1130180466,Citation bot,7903804,2023-01-01T04:04:18Z,63627,Alter: doi-broken-date. | [[WP:UCB|Use this bot]]. [[WP:DBUG|Report bugs]]. | Suggested by AManWithNoPlan | [[Category:CS1 maint: DOI inactive as of December 2022]] | #UCB_Category 16/47,[],AI_safety,AI safety,AI_safety,,
1132063085,1130825068,Killarnee,37857296,2023-01-07T02:37:44Z,63626,copyedit,[],AI_safety,AI safety,AI_safety,,
1134379600,1132063085,Enervation,15210045,2023-01-18T11:26:13Z,63501,Fix capitalization,['visualeditor'],AI_safety,AI safety,AI_safety,,
1134379787,1134379600,Enervation,15210045,2023-01-18T11:27:50Z,63601,,['wikieditor'],AI_safety,AI safety,AI_safety,,
1134756911,1134379787,UtherSRG,33145,2023-01-20T13:11:24Z,63601,UtherSRG moved page [[Draft:AI safety]] to [[AI safety]]: Publishing accepted [[Wikipedia:Articles for creation|Articles for creation]] submission ([[WP:AFCH|AFCH]] 0.9.1),[],AI_safety,AI safety,AI_safety,,
1134756923,1134756911,UtherSRG,33145,2023-01-20T13:11:25Z,63525,Cleaning up accepted [[Wikipedia:Articles for creation|Articles for creation]] submission ([[WP:AFCH|AFCH]] 0.9.1),[],AI_safety,AI safety,AI_safety,,
1134789327,1134756923,Ringdongdang,39689263,2023-01-20T17:31:41Z,63315,/* See also */,"['mobile edit', 'mobile web edit']",AI_safety,AI safety,AI_safety,,
1134789497,1134789327,Ringdongdang,39689263,2023-01-20T17:33:02Z,63312,failures -> risks,"['mobile edit', 'mobile web edit']",AI_safety,AI safety,AI_safety,,
1134790127,1134789497,Ringdongdang,39689263,2023-01-20T17:37:43Z,63322,making things other than alignment not seem like an afterthought,"['mobile edit', 'mobile web edit']",AI_safety,AI safety,AI_safety,,
1134792394,1134790127,Ringdongdang,39689263,2023-01-20T17:55:04Z,63330,/* Motivations */professor -> adjunct professor,"['mobile edit', 'mobile web edit']",AI_safety,AI safety,AI_safety,,
1134830025,1134792394,Tedweverka,34599227,2023-01-20T22:48:20Z,63368,/* Motivations */,['wikieditor'],AI_safety,AI safety,AI_safety,,
1135783773,1134830025,38.99.38.134,0,2023-01-26T20:54:41Z,63526,/* Government action */ reflect current risk management framework,['wikieditor'],AI_safety,AI safety,AI_safety,True,
1135967659,1135783773,SdkbBot,41840956,2023-01-27T23:53:14Z,63394,Removed [[wikipedia:REFPUNCT|erroneous]] space and [[wikipedia:GENFIX|general fixes]] ([[wikipedia:Bots/Requests_for_approval/SdkbBot|task 1]]),['AWB'],AI_safety,AI safety,AI_safety,,
1136631127,1135967659,Kku,5846,2023-01-31T09:13:55Z,63398,link [[human extinction]] using [[:en:User:Edward/Find link|Find link]],['wikieditor'],AI_safety,AI safety,AI_safety,,
1139852701,1136631127,Citation bot,7903804,2023-02-17T06:15:00Z,62030,Removed proxy/dead URL that duplicated identifier. | [[WP:UCB|Use this bot]]. [[WP:DBUG|Report bugs]]. | Suggested by Corvus florensis | #UCB_webform 2201/3499,[],AI_safety,AI safety,AI_safety,,
1141185315,1139852701,137.220.75.132,0,2023-02-23T20:11:35Z,62060,/* Motivations */,['wikieditor'],AI_safety,AI safety,AI_safety,True,
1141185491,1141185315,137.220.75.132,0,2023-02-23T20:12:45Z,62060,/* Background */ Typo fix,['wikieditor'],AI_safety,AI safety,AI_safety,True,
1141564409,1141185491,136.24.56.44,0,2023-02-25T18:07:59Z,62064,add link to AI,['wikieditor'],AI_safety,AI safety,AI_safety,True,
1141565590,1141564409,Ringdongdang,39689263,2023-02-25T18:14:08Z,62078,,['wikieditor'],AI_safety,AI safety,AI_safety,,
1141566011,1141565590,Ringdongdang,39689263,2023-02-25T18:16:37Z,62072,,['wikieditor'],AI_safety,AI safety,AI_safety,,
1141603592,1141566011,Skyerise,9813438,2023-02-25T22:05:01Z,62066,/* Background */ per MOS,['wikieditor'],AI_safety,AI safety,AI_safety,,
1141603880,1141603592,Skyerise,9813438,2023-02-25T22:06:31Z,62026,remove title from headings per mos,['wikieditor'],AI_safety,AI safety,AI_safety,,
1141603967,1141603880,Skyerise,9813438,2023-02-25T22:07:01Z,61807,/* Background */ rm uncited,['wikieditor'],AI_safety,AI safety,AI_safety,,
1141604061,1141603967,Skyerise,9813438,2023-02-25T22:07:40Z,61813,/* Monitoring */ cn,['wikieditor'],AI_safety,AI safety,AI_safety,,
1141604988,1141604061,Skyerise,9813438,2023-02-25T22:13:36Z,61776,/* Background */ ce,['wikieditor'],AI_safety,AI safety,AI_safety,,
1141605091,1141604988,Skyerise,9813438,2023-02-25T22:14:14Z,61772,/* Cyber defense */ quotes,['wikieditor'],AI_safety,AI safety,AI_safety,,
1141606861,1141605091,Skyerise,9813438,2023-02-25T22:24:23Z,61539,rm duplicate links from see also,['wikieditor'],AI_safety,AI safety,AI_safety,,
1141606960,1141606861,Skyerise,9813438,2023-02-25T22:24:58Z,61558,/* External links */ need review,['wikieditor'],AI_safety,AI safety,AI_safety,,
1141610541,1141606960,AnomieBOT,7611264,2023-02-25T22:45:57Z,61596,Dating maintenance tags: {{Cn}} {{External links}},[],AI_safety,AI safety,AI_safety,,
1142037279,1141610541,Ringdongdang,39689263,2023-02-28T04:53:08Z,61817,/* Government action */ add NSF RfP,['wikieditor'],AI_safety,AI safety,AI_safety,,
1142037480,1142037279,Ringdongdang,39689263,2023-02-28T04:54:28Z,61872,/* Government action */,['wikieditor'],AI_safety,AI safety,AI_safety,,
1142079797,1142037480,Keith D,2278355,2023-02-28T11:28:40Z,61885,Fix cite date error,['AWB'],AI_safety,AI safety,AI_safety,,
1143660806,1142079797,Citation bot,7903804,2023-03-09T03:26:14Z,61797,Removed proxy/dead URL that duplicated identifier. Removed parameters. | [[WP:UCB|Use this bot]]. [[WP:DBUG|Report bugs]]. | Suggested by Headbomb | [[Category:CS1 maint: PMC embargo expired]] | #UCB_Category 5/29,[],AI_safety,AI safety,AI_safety,,
1144242912,1143660806,SoerenMind,21728091,2023-03-12T16:50:28Z,61797,/* Background */ typo,['visualeditor'],AI_safety,AI safety,AI_safety,,
1144815311,1144242912,Yello231,39520996,2023-03-15T18:44:32Z,72866,Rescuing 62 sources and tagging 0 as dead.) #IABot (v2.0.9.3,['OAuth CID: 1804'],AI_safety,AI safety,AI_safety,,
1150126714,1144815311,Sandizer,45366560,2023-04-16T13:04:32Z,72933,added [[Category:Existential risk from artificial general intelligence]] using [[WP:HC|HotCat]],[],AI_safety,AI safety,AI_safety,,
1150154116,1150126714,Sandizer,45366560,2023-04-16T16:23:05Z,72999,/* External links */ existential risks of AI template,['visualeditor-wikitext'],AI_safety,AI safety,AI_safety,,
1150590228,1150154116,49.15.166.147,0,2023-04-19T00:15:31Z,72997,,"['mobile edit', 'mobile web edit']",AI_safety,AI safety,AI_safety,True,
1151507082,1150590228,Protik365,45808988,2023-04-24T14:02:06Z,73112,,"['mw-reverted', 'wikieditor']",AI_safety,AI safety,AI_safety,,
1151507945,1151507082,Sandizer,45366560,2023-04-24T14:08:50Z,73144,/* See also */ ARC is OpenAI's primary independent review contractor,['visualeditor-wikitext'],AI_safety,AI safety,AI_safety,,
1152806976,1151507945,Ammarpad,24463550,2023-05-02T12:40:01Z,73146,/* top */ bold topic title,['wikieditor'],AI_safety,AI safety,AI_safety,,
1152807314,1152806976,Ammarpad,24463550,2023-05-02T12:42:34Z,72805,"/* External links */ remove less relevant links, remove cleanup tag",['wikieditor'],AI_safety,AI safety,AI_safety,,
1155446813,1152807314,203.6.69.2,0,2023-05-18T05:36:34Z,72690,Undid revision 1151507082 by [[Special:Contributions/Protik365|Protik365]] ([[User talk:Protik365|talk]]),"['mw-undo', 'wikieditor']",AI_safety,AI safety,AI_safety,True,
1157148795,1155446813,2607:F140:400:A019:7DFB:6ED5:A96B:C94C,0,2023-05-26T17:12:32Z,72727,/* See also */ adding the center for human-compatible AI at UC Berkeley,['visualeditor'],AI_safety,AI safety,AI_safety,True,
1157913107,1157148795,Isaguge,44803523,2023-05-31T19:27:56Z,72734,"/* Adversarial robustness */ Fixed phrase that said ""images above"" to ""images on the right "" since that's where they actually are.",['visualeditor'],AI_safety,AI safety,AI_safety,,
1158542594,1157913107,Enervation,15210045,2023-06-04T18:43:49Z,72761,/* See also */,['visualeditor'],AI_safety,AI safety,AI_safety,,
1159218869,1158542594,Alenoach,45435589,2023-06-09T01:01:40Z,73023,Reused an open-source image that is pretty cool and illustrates many possible failure modes.,"['visualeditor', 'editcheck-references']",AI_safety,AI safety,AI_safety,,
1159295967,1159218869,Alenoach,45435589,2023-06-09T13:04:40Z,72857,,['visualeditor'],AI_safety,AI safety,AI_safety,,
1159297328,1159295967,Alenoach,45435589,2023-06-09T13:16:08Z,72855,"Removed line feed (forgot the description in my last edit, it was about fixing a ""has generic name"" reference error)",['visualeditor'],AI_safety,AI safety,AI_safety,,
1159391179,1159297328,Alenoach,45435589,2023-06-10T01:27:09Z,73348,Added references,['visualeditor'],AI_safety,AI safety,AI_safety,,
1159731895,1159391179,Alenoach,45435589,2023-06-12T05:55:27Z,73347,Detail,['visualeditor'],AI_safety,AI safety,AI_safety,,
1161888398,1159731895,Alenoach,45435589,2023-06-25T17:03:10Z,73867,Rishi Sunak statements,['visualeditor'],AI_safety,AI safety,AI_safety,,
1161931863,1161888398,38.99.38.134,0,2023-06-25T23:07:48Z,73867,/* Research foci */,['wikieditor'],AI_safety,AI safety,AI_safety,True,
1161932011,1161931863,38.99.38.134,0,2023-06-25T23:09:16Z,74029,"/* Background */ adding since that's what the structure of this wikipedia article is based around; in contrast, the specification, robustness, assurance distinction is not used",['wikieditor'],AI_safety,AI safety,AI_safety,True,
1161932266,1161932011,38.99.38.134,0,2023-06-25T23:11:55Z,74085,/* External links */ add catastrophic risks for outlining threats and remove PDF indicator for other arxiv links since people should be taken to the abstract,['wikieditor'],AI_safety,AI safety,AI_safety,True,
1162697253,1161932266,103.176.140.23,0,2023-06-30T16:47:37Z,74085,/* Sre also */,"['mobile edit', 'mobile web edit', 'mw-reverted']",AI_safety,AI safety,AI_safety,True,
1162697294,1162697253,Filmssssssssssss,33625371,2023-06-30T16:47:59Z,74085,Reverted 1 edit by [[Special:Contributions/103.176.140.23|103.176.140.23]] ([[User talk:103.176.140.23|talk]]) to last revision by 38.99.38.134,"['mw-undo', 'twinkle']",AI_safety,AI safety,AI_safety,,
1165357280,1162697294,5.151.106.5,0,2023-07-14T17:12:06Z,74132,,['wikieditor'],AI_safety,AI safety,AI_safety,True,
1165371928,1165357280,AnomieBOT,7611264,2023-07-14T19:12:46Z,74147,Dating maintenance tags: {{Primary}},[],AI_safety,AI safety,AI_safety,,
1166397974,1165371928,Citation bot,7903804,2023-07-21T08:16:50Z,74254,"Alter: title, template type. Add: date, chapter. | [[:en:WP:UCB|Use this bot]]. [[:en:WP:DBUG|Report bugs]]. | Suggested by Headbomb | Linked from Wikipedia:WikiProject_Academic_Journals/Journals_cited_by_Wikipedia/Sandbox | #UCB_webform_linked 3/170",[],AI_safety,AI safety,AI_safety,,
1166398657,1166397974,Headbomb,1461430,2023-07-21T08:25:44Z,74183,cer,['wikieditor'],AI_safety,AI safety,AI_safety,,
1166398835,1166398657,Headbomb,1461430,2023-07-21T08:27:27Z,74180,"/* Estimating uncertainty */  | Alter: template type. Add: chapter, title. | [[:en:WP:UCB|Use this tool]]. [[:en:WP:DBUG|Report bugs]]. | #UCB_Gadget",['wikieditor'],AI_safety,AI safety,AI_safety,,
1166744139,1166398835,Alenoach,45435589,2023-07-23T13:46:18Z,73897,Simplified and precised paragraph in § Motivations. Not sure if Andrew Ng still endorses that sentence... Perhaps this needs an update.,"['visualeditor', 'editcheck-newreference']",AI_safety,AI safety,AI_safety,,
1167319158,1166744139,Graywalls,34670261,2023-07-27T02:02:51Z,73978,Added {{[[Template:COI|COI]]}} and {{[[Template:Undisclosed paid|Undisclosed paid]]}} tags: COI activity that was not declared,['twinkle'],AI_safety,AI safety,AI_safety,,
1167321790,1167319158,Graywalls,34670261,2023-07-27T02:14:07Z,74067,"Added {{[[Template:Copypaste|Copypaste]]}} tag: I tried to put the source, but it says the source is on the spam block list. I'm not sure which came first.",['twinkle'],AI_safety,AI safety,AI_safety,,
1167323332,1167321790,Graywalls,34670261,2023-07-27T02:21:11Z,74071,,['visualeditor-wikitext'],AI_safety,AI safety,AI_safety,,
1167323426,1167323332,Graywalls,34670261,2023-07-27T02:21:56Z,73316,/* See also */ de-linkfarm,['visualeditor'],AI_safety,AI safety,AI_safety,,
1167756533,1167323426,York1210,46162896,2023-07-29T18:04:25Z,74112,Add Nick Bostrom's opinion about AI,"['visualeditor', 'editcheck-newreference', 'editcheck-newcontent']",AI_safety,AI safety,AI_safety,,
1168215735,1167756533,Citation bot,7903804,2023-08-01T13:41:05Z,74111,Alter: doi-broken-date. Add: authors 1-1. Removed parameters. Some additions/deletions were parameter name changes. | [[:en:WP:UCB|Use this bot]]. [[:en:WP:DBUG|Report bugs]]. | #UCB_CommandLine,[],AI_safety,AI safety,AI_safety,,
1168396926,1168215735,VernoWhitney,11082368,2023-08-02T14:34:25Z,74436,Added {{[[Template:History merge|History merge]]}} tag,['twinkle'],AI_safety,AI safety,AI_safety,,
1168571512,1168396926,Enervation,15210045,2023-08-03T16:22:52Z,74343,"Academic Accelerator is evidently copying Wikipedia; see their pages like https://academic-accelerator dot com/encyclopedia/synthetic-media, https://academic-accelerator dot com/encyclopedia/artificial-neural-network which have the same structure and content as the identically named Wikipedia articles",['visualeditor'],AI_safety,AI safety,AI_safety,,
1168581911,1168571512,Joshuaclymer,44906436,2023-08-03T17:46:59Z,71361,I deleted the black swan robustness section because it falls outside the scope of AI safety according to most AI safety experts that I've spoken with. It is important to separate 'making AI systems smarter' and 'making AI systems safer' and black swan robustness is firmly in the former category.,['wikieditor'],AI_safety,AI safety,AI_safety,,
1168584960,1168581911,Joshuaclymer,44906436,2023-08-03T18:10:51Z,71270,(removed black swan robustness section),['wikieditor'],AI_safety,AI safety,AI_safety,,
1169088080,1168584960,Izno,2927383,2023-08-07T00:18:50Z,70944,merged what could be,['wikieditor'],AI_safety,AI safety,AI_safety,,
1169088468,1169088080,Izno,2927383,2023-08-07T00:20:36Z,70936,/* Motivations */ -italics,['wikieditor'],AI_safety,AI safety,AI_safety,,
1169417961,1169088468,Mikeblas,327592,2023-08-09T00:07:44Z,71207,replace in-use reference definition deleted by [[User:Joshuaclymer]]; use semantic reference name,"['visualeditor-switched', 'wikieditor']",AI_safety,AI safety,AI_safety,,
1169440820,1169417961,Graywalls,34670261,2023-08-09T02:56:29Z,69608,/* Robustness */ Unsourced. Please don't expect I go hunt down  [[WP:FINDSOURCESFORME|sources]] for something that I didn't add.,['visualeditor'],AI_safety,AI safety,AI_safety,,
1171370088,1169440820,DrOscarO3P,45411832,2023-08-20T18:33:16Z,71661,,"['mw-reverted', 'wikieditor']",AI_safety,AI safety,AI_safety,,
1171370127,1171370088,DrOscarO3P,45411832,2023-08-20T18:33:37Z,71656,/* Misuse of AI */,"['mw-reverted', 'wikieditor']",AI_safety,AI safety,AI_safety,,
1171379301,1171370127,MrOllie,6908984,2023-08-20T19:42:35Z,69608,Reverted 2 edits by [[Special:Contributions/DrOscarO3P|DrOscarO3P]] ([[User talk:DrOscarO3P|talk]]): COI / citespam,"['mw-undo', 'twinkle']",AI_safety,AI safety,AI_safety,,
1171702150,1171379301,Dithridge,8085487,2023-08-22T18:44:13Z,69635,add link to author page in references,['wikieditor'],AI_safety,AI safety,AI_safety,,
1171925278,1171702150,Alenoach,45435589,2023-08-23T23:49:13Z,69609,"Empty ""Notes"" section",['visualeditor'],AI_safety,AI safety,AI_safety,,
1173937605,1171925278,Samral,14670844,2023-09-05T08:51:34Z,69637,,['wikieditor'],AI_safety,AI safety,AI_safety,,
1173942527,1173937605,InvisibleThinker83,46499528,2023-09-05T09:33:50Z,70182,"/* Government action */Added content - The British government has announced plans for the first major global summit on AI safety, this is due to take place on the 1st and 2nd of November, 2023 and is an opportunity for policymakers and world leaders to consider the immediate and future risks of AI and how these risks can be mitigated via a globally coordinated approach [https://theconversation.com/were-talking-about-ai-a-lot-right-now-and-its-not-a-moment-too-soon-211448] [https://www.gov.uk/...","['mobile edit', 'mobile web edit']",AI_safety,AI safety,AI_safety,,
1174543004,1173942527,WikiCleanerBot,18872885,2023-09-09T03:42:05Z,70181,v2.05b - [[User:WikiCleanerBot#T20|Bot T20 CW#61]] - Fix errors for [[WP:WCW|CW project]] (Reference before punctuation),['WPCleaner'],AI_safety,AI safety,AI_safety,,
1174997954,1174543004,Citation bot,7903804,2023-09-12T03:08:13Z,70245,"Alter: title. Add: doi-access, s2cid, bibcode. | [[:en:WP:UCB|Use this bot]]. [[:en:WP:DBUG|Report bugs]]. | Suggested by Abductive | #UCB_webform 85/3841",[],AI_safety,AI safety,AI_safety,,
1175201870,1174997954,Redbler Gofrio S,46250909,2023-09-13T12:10:38Z,70261,see also,['wikieditor'],AI_safety,AI safety,AI_safety,,
1175201935,1175201870,Redbler Gofrio S,46250909,2023-09-13T12:11:13Z,70280,/* See also */ AI alignment,['wikieditor'],AI_safety,AI safety,AI_safety,,
1175202394,1175201935,Redbler Gofrio S,46250909,2023-09-13T12:15:27Z,70329,/* See also */ Artificial intelligence detection software,['wikieditor'],AI_safety,AI safety,AI_safety,,
1175203444,1175202394,Redbler Gofrio S,46250909,2023-09-13T12:23:59Z,70354,added [[Category:Cybernetics]] using [[WP:HC|HotCat]],[],AI_safety,AI safety,AI_safety,,
1175891033,1175203444,HistoryTheorist,46188489,2023-09-18T03:12:52Z,70397,fixed missing references list – [[:Category:Pages with missing references list|You can help!]],"['mw-reverted', 'wikieditor']",AI_safety,AI safety,AI_safety,,
1176798555,1175891033,Alenoach,45435589,2023-09-24T02:00:13Z,70354,The note was removed,"['visualeditor', 'mw-manual-revert']",AI_safety,AI safety,AI_safety,,
1177334484,1176798555,103.85.10.78,0,2023-09-27T06:21:06Z,70251,/* Corporate self-regulation */,['wikieditor'],AI_safety,AI safety,AI_safety,True,
1177334704,1177334484,103.85.10.78,0,2023-09-27T06:22:16Z,70223,/* Corporate self-regulation */,['wikieditor'],AI_safety,AI safety,AI_safety,True,
1177334948,1177334704,103.85.10.78,0,2023-09-27T06:23:31Z,70204,/* Corporate self-regulation */,['wikieditor'],AI_safety,AI safety,AI_safety,True,
1177724706,1177334948,GünniX,237572,2023-09-29T05:53:49Z,70197,cite web,['AWB'],AI_safety,AI safety,AI_safety,,
1179170396,1177724706,Paulduif,33158625,2023-10-08T10:39:46Z,70199,"In the paper ""Poisoning and Backdooring Contrastive Learning by Nicholas Carlini, Andreas Terzis"" (reference 77) it is clearly mentioned that the number is 300 out of 3 million instead of 3 out of 3 million.",['wikieditor'],AI_safety,AI safety,AI_safety,,
1181074746,1179170396,Countercheck,45093283,2023-10-20T17:49:36Z,70268,copyedit of first half of article; converted px to upright,['visualeditor'],AI_safety,AI safety,AI_safety,,
1181078913,1181074746,Countercheck,45093283,2023-10-20T18:20:45Z,70371,copyedit of 2nd half of article,['visualeditor'],AI_safety,AI safety,AI_safety,,
1182065711,1181078913,SamwiseGSix,46736071,2023-10-26T22:49:22Z,70380,/* Transparency */ crucial,['visualeditor'],AI_safety,AI safety,AI_safety,,
1182158381,1182065711,SamwiseGSix,46736071,2023-10-27T14:15:27Z,70388,/* Estimating uncertainty */ a range of additional techniques in use/leverageable,['visualeditor'],AI_safety,AI safety,AI_safety,,
1182821250,1182158381,Alenoach,45435589,2023-10-31T15:52:42Z,70770,"Copyedit, converted external links to references","['visualeditor', 'editcheck-newreference']",AI_safety,AI safety,AI_safety,,
1182833440,1182821250,Dwoodrsg,46798187,2023-10-31T17:15:40Z,72373,The Evolutionary Threat of AI - Theory of Artificial Evolution By Means of Artificial Selection,"['mw-reverted', 'wikieditor']",AI_safety,AI safety,AI_safety,,
1182833966,1182833440,Willondon,7196877,2023-10-31T17:19:25Z,70770,Undid revision 1182833440 by [[Special:Contributions/Dwoodrsg|Dwoodrsg]] ([[User talk:Dwoodrsg|talk]]); self-sourced? [[WP:OR|original research]]?,['mw-undo'],AI_safety,AI safety,AI_safety,,
1182889999,1182833966,Alenoach,45435589,2023-11-01T00:39:12Z,70660,Copyedit,['visualeditor'],AI_safety,AI safety,AI_safety,,
1183761811,1182889999,Richard Nowell,948421,2023-11-06T09:54:24Z,70431,/* Background */  deleted twitter link [[WP:TWITTER-EL]] and [[WP:LINKSTOAVOID]],['wikieditor'],AI_safety,AI safety,AI_safety,,
1183761976,1183761811,Richard Nowell,948421,2023-11-06T09:56:30Z,70502,/* Background */ needs reference now twitter link gone.,['wikieditor'],AI_safety,AI safety,AI_safety,,
1183763845,1183761976,AnomieBOT,7611264,2023-11-06T10:17:30Z,70499,Dating maintenance tags: {{Citation needed}},[],AI_safety,AI safety,AI_safety,,
1184244048,1183763845,WikiCleanerBot,18872885,2023-11-09T05:59:43Z,70499,v2.05b - [[User:WikiCleanerBot#T20|Bot T20 CW#61]] - Fix errors for [[WP:WCW|CW project]] (Reference before punctuation),['WPCleaner'],AI_safety,AI safety,AI_safety,,
1185080069,1184244048,WeyerStudentOfAgrippa,36746535,2023-11-14T12:22:31Z,70419,discussed on talk page,['wikieditor'],AI_safety,AI safety,AI_safety,,
1187025641,1185080069,166.137.83.38,0,2023-11-27T00:20:28Z,70420,/* Research foci */,['wikieditor'],AI_safety,AI safety,AI_safety,True,
1187273733,1187025641,Jarble,7226930,2023-11-28T06:43:51Z,70424,linking,['wikieditor'],AI_safety,AI safety,AI_safety,,
1188295616,1187273733,Secretdooor,42197136,2023-12-04T14:06:54Z,74228,"Added one paragraph on the challenges of Large Language Model mostly inspired by the paper ""On the Dangers of Stochastic Parrots: Can Language Models Be Too Big?""",['wikieditor'],AI_safety,AI safety,AI_safety,,
1188296081,1188295616,Secretdooor,42197136,2023-12-04T14:11:25Z,72516,"Added one paragraph on the challenges of Large Language Model mostly inspired by the paper ""On the Dangers of Stochastic Parrots: Can Language Models Be Too Big?""","['references removed', 'wikieditor']",AI_safety,AI safety,AI_safety,,
1188296405,1188296081,Secretdooor,42197136,2023-12-04T14:13:18Z,72517,/* Challenges of Large Language Models */ Fixed references I hope,['wikieditor'],AI_safety,AI safety,AI_safety,,
1188658395,1188296405,SCFC2011,11153448,2023-12-06T21:11:24Z,72498,/* Government action */Fixed tense,"['mobile edit', 'mobile web edit']",AI_safety,AI safety,AI_safety,,
1188995614,1188658395,Wikipedialuva,829949,2023-12-09T00:43:27Z,72496,"clean up, [[WP:AWB/T|typo(s) fixed]]: ’s → 's (2)",['AWB'],AI_safety,AI safety,AI_safety,,
1188995800,1188995614,Wikipedialuva,829949,2023-12-09T00:45:00Z,72501,"/* Government action */ ""2nd"" makes more sense in the context rather than ""2""",['wikieditor'],AI_safety,AI safety,AI_safety,,
1189286502,1188995800,Secretdooor,42197136,2023-12-10T22:32:27Z,74116,/* In governance */ Added local vs Global solutions,['wikieditor'],AI_safety,AI safety,AI_safety,,
1189329892,1189286502,OAbot,28481209,2023-12-11T04:29:42Z,74341,[[Wikipedia:OABOT|Open access bot]]: doi updated in citation with #oabot.,[],AI_safety,AI safety,AI_safety,,
1189881847,1189329892,WikiCleanerBot,18872885,2023-12-14T16:44:39Z,74322,v2.05b - [[User:WikiCleanerBot#T20|Bot T20 CW#61]] - Fix errors for [[WP:WCW|CW project]] (Reference before punctuation - Link equal to linktext),['WPCleaner'],AI_safety,AI safety,AI_safety,,
1190114707,1189881847,147.161.161.77,0,2023-12-16T01:12:40Z,76016,enhanced research section to start discussing the research on AI accountability,"['visualeditor', 'editcheck-newreference']",AI_safety,AI safety,AI_safety,True,
1190646539,1190114707,WikiCleanerBot,18872885,2023-12-19T02:32:42Z,76015,v2.05b - [[User:WikiCleanerBot#T20|Bot T20 CW#61]] - Fix errors for [[WP:WCW|CW project]] (Reference before punctuation),['WPCleaner'],AI_safety,AI safety,AI_safety,,
1191265781,1190646539,Murtaza.aliakbar,36890623,2023-12-22T14:00:13Z,76398,/* Systemic safety and sociotechnical factors */ ilya quote,['wikieditor'],AI_safety,AI safety,AI_safety,,
1191265933,1191265781,Murtaza.aliakbar,36890623,2023-12-22T14:01:27Z,76408,/* Systemic safety and sociotechnical factors */,['wikieditor'],AI_safety,AI safety,AI_safety,,
1191698344,1191265933,OAbot,28481209,2023-12-25T04:33:10Z,76442,[[Wikipedia:OABOT|Open access bot]]: doi updated in citation with #oabot.,[],AI_safety,AI safety,AI_safety,,
1192593290,1191698344,Citation bot,7903804,2023-12-30T06:41:56Z,75705,"Alter: title, template type, pages. Add: doi-access, doi, chapter, arxiv, date, authors 1-1. Removed proxy/dead URL that duplicated identifier. Removed access-date with no URL. Removed parameters. Formatted [[WP:ENDASH|dashes]]. Some additions/deletions were parameter name changes. | [[:en:WP:UCB|Use this bot]]. [[:en:WP:DBUG|Report bugs]]. | Suggested by Headbomb | Linked from Wikipedia:WikiProject_Academic_Journals/Journals_cited_by_Wikipedia/Sandbox | #UCB_webform_linked 2/34",[],AI_safety,AI safety,AI_safety,,
1192700084,1192593290,Alenoach,45435589,2023-12-30T21:31:47Z,75894,Ref missing fields,['visualeditor'],AI_safety,AI safety,AI_safety,,
1192724488,1192700084,Alenoach,45435589,2023-12-31T00:00:45Z,76185,Fixed ref missing fields,['visualeditor'],AI_safety,AI safety,AI_safety,,
1192742076,1192724488,Citation bot,7903804,2023-12-31T01:58:11Z,76161,"Alter: journal. Add: doi, volume. Removed proxy/dead URL that duplicated identifier. Removed access-date with no URL. | [[:en:WP:UCB|Use this bot]]. [[:en:WP:DBUG|Report bugs]]. | Suggested by Headbomb | Linked from Wikipedia:WikiProject_Academic_Journals/Journals_cited_by_Wikipedia/Sandbox | #UCB_webform_linked 2/34",[],AI_safety,AI safety,AI_safety,,
1193262022,1192742076,OAbot,28481209,2024-01-02T22:20:06Z,76196,[[Wikipedia:OABOT|Open access bot]]: hdl updated in citation with #oabot.,[],AI_safety,AI safety,AI_safety,,
1195526893,1193262022,Headbomb,1461430,2024-01-14T05:57:13Z,76206,/* Cyber defense */ ce,['wikieditor'],AI_safety,AI safety,AI_safety,,
1195596016,1195526893,Mazewaxie,25082147,2024-01-14T14:05:34Z,76201,[[WP:GENFIXES]],['AWB'],AI_safety,AI safety,AI_safety,,
1196045260,1195596016,GreenC bot,27823944,2024-01-16T04:24:56Z,76220,Reformat 1 archive link; Move 1 url. [[User:GreenC/WaybackMedic_2.5|Wayback Medic 2.5]] per [[WP:URLREQ#Change_of_URL_for_Lawfare]],[],AI_safety,AI safety,AI_safety,,
1196615800,1196045260,RationalAndOptimistic,47198988,2024-01-18T00:44:45Z,76246,"Added authorlink for Markoff, John",['wikieditor'],AI_safety,AI safety,AI_safety,,
1196618198,1196615800,RationalAndOptimistic,47198988,2024-01-18T00:52:59Z,76274,Add authorlink Allan Roy Dafoe,['wikieditor'],AI_safety,AI safety,AI_safety,,
1196618679,1196618198,RationalAndOptimistic,47198988,2024-01-18T00:54:46Z,76304,Add authorlink Rory Cellan-Jones,['wikieditor'],AI_safety,AI safety,AI_safety,,
1197342110,1196618679,Citation bot,7903804,2024-01-20T03:44:30Z,76321,Added doi-access. | [[:en:WP:UCB|Use this bot]]. [[:en:WP:DBUG|Report bugs]]. | #UCB_CommandLine,[],AI_safety,AI safety,AI_safety,,
1201730655,1197342110,Citation bot,7903804,2024-02-01T07:35:41Z,76323,Altered doi-broken-date. | [[:en:WP:UCB|Use this bot]]. [[:en:WP:DBUG|Report bugs]]. | #UCB_CommandLine 59/2065,[],AI_safety,AI safety,AI_safety,,
1207721319,1201730655,Mnjkamila,47383805,2024-02-15T14:58:00Z,77786,,"['visualeditor', 'mw-reverted', 'editcheck-newreference']",AI_safety,AI safety,AI_safety,,
1207754397,1207721319,MrOllie,6908984,2024-02-15T16:52:18Z,76323,Reverted 1 edit by [[Special:Contributions/Mnjkamila|Mnjkamila]] ([[User talk:Mnjkamila|talk]]): COI / refspam,"['mw-undo', 'twinkle']",AI_safety,AI safety,AI_safety,,
1209480277,1207754397,Alenoach,45435589,2024-02-22T03:12:27Z,76547,Added reference,"['visualeditor', 'editcheck-newreference']",AI_safety,AI safety,AI_safety,,
1211463348,1209480277,Alenoach,45435589,2024-03-02T18:16:26Z,77085,Update on the AI safety summit,"['visualeditor', 'editcheck-newreference']",AI_safety,AI safety,AI_safety,,
1214775318,1211463348,Ivanightingale,43560498,2024-03-21T02:13:13Z,77254,"Added a ""citation needed"" for a claim regarding planting a trojan in an ML model.","['visualeditor-switched', 'wikieditor']",AI_safety,AI safety,AI_safety,,
1215095260,1214775318,Alenoach,45435589,2024-03-23T01:44:50Z,77283,Modified excerpt parameters to exclude unwanted templates,['wikieditor'],AI_safety,AI safety,AI_safety,,
1215097115,1215095260,Alenoach,45435589,2024-03-23T02:01:55Z,77232,Simplified the phrasing in the introduction,['visualeditor'],AI_safety,AI safety,AI_safety,,
1215100209,1215097115,Alenoach,45435589,2024-03-23T02:27:55Z,77881,"Introduced the term ""AI existential safety"" and put the content on existential risks on a separate subsection.","['visualeditor', 'editcheck-newreference', 'editcheck-newcontent']",AI_safety,AI safety,AI_safety,,
1215213106,1215100209,Alenoach,45435589,2024-03-23T20:08:59Z,78403,"That template on Sutskever seemed out-of-place. Added a few other popular topics, and added links. Formatting (MOS:CURLY).","['visualeditor', 'editcheck-newreference']",AI_safety,AI safety,AI_safety,,
1215213207,1215213106,Alenoach,45435589,2024-03-23T20:09:46Z,78398,duplicated word,['visualeditor'],AI_safety,AI safety,AI_safety,,
1215216870,1215213207,Alenoach,45435589,2024-03-23T20:34:53Z,78409,Rephrased sentence for fluidity,['visualeditor'],AI_safety,AI safety,AI_safety,,
1216659122,1215216870,InternetArchiveBot,27015025,2024-04-01T08:34:55Z,78630,Rescuing 1 sources and tagging 0 as dead.) #IABot (v2.0.9.5) ([[User:Whoop whoop pull up|Whoop whoop pull up]] - 18508,[],AI_safety,AI safety,AI_safety,,
1216871810,1216659122,Freinland,39565279,2024-04-02T13:48:31Z,79253,/* Background */,['wikieditor'],AI_safety,AI safety,AI_safety,,
1218210116,1216871810,Citation bot,7903804,2024-04-10T11:54:19Z,79241,Altered title. | [[:en:WP:UCB|Use this bot]]. [[:en:WP:DBUG|Report bugs]]. | Suggested by AManWithNoPlan | #UCB_webform 146/3124,[],AI_safety,AI safety,AI_safety,,
1219820477,1218210116,Alenoach,45435589,2024-04-20T01:09:31Z,79706,Image of the AI Safety Summit,"['visualeditor', 'editcheck-newreference']",AI_safety,AI safety,AI_safety,,
1220043627,1219820477,Freinland,39565279,2024-04-21T13:43:22Z,80330,/* Government action */,['wikieditor'],AI_safety,AI safety,AI_safety,,
1220609458,1220043627,BdFerguson,47587465,2024-04-24T21:06:52Z,81253,Included additional information about transparency with AI and Black-Box within financial and healthcare industries.,"['visualeditor', 'editcheck-newreference']",AI_safety,AI safety,AI_safety,,
1220619953,1220609458,Ira Leviton,25046916,2024-04-24T22:15:44Z,81255,Fixed a reference.  Please see [[Category:CS1 errors: dates]].,['wikieditor'],AI_safety,AI safety,AI_safety,,
1220999552,1220619953,Alenoach,45435589,2024-04-27T06:30:39Z,80831,The first sentence is copy-pasted from the source. Changed the second phrase to integrate it better with the rest of the section.,['visualeditor'],AI_safety,AI safety,AI_safety,,
1222091036,1220999552,John P. Sadowski (NIOSH),30223489,2024-05-03T20:46:55Z,80832,tweaks to section names,['visualeditor'],AI_safety,AI safety,AI_safety,,
1222093049,1222091036,John P. Sadowski (NIOSH),30223489,2024-05-03T20:59:51Z,88102,/* Potential harms */ summary of [[Workplace impact of artificial intelligence]],"['visualeditor', 'editcheck-newreference']",AI_safety,AI safety,AI_safety,,
1222093227,1222093049,John P. Sadowski (NIOSH),30223489,2024-05-03T21:00:53Z,88092,image layout,['visualeditor'],AI_safety,AI safety,AI_safety,,
1222121141,1222093227,Alenoach,45435589,2024-05-04T00:44:43Z,80828,"Subsection moved to the article ""Occupational safety and health"" (rationale in ""Talk#AI and workplace safety"")",['visualeditor'],AI_safety,AI safety,AI_safety,,
1225101913,1222121141,Modest Genius,593712,2024-05-22T11:13:24Z,80848,/* top */ {{inadequate lead}},['wikieditor'],AI_safety,AI safety,AI_safety,,
1225104028,1225101913,AnomieBOT,7611264,2024-05-22T11:33:39Z,80862,Dating maintenance tags: {{Inadequate lead}},[],AI_safety,AI safety,AI_safety,,
1225222379,1225104028,Citation bot,7903804,2024-05-23T03:12:50Z,80875,"Altered title. Add: pmid, authors 1-1. Removed parameters. Some additions/deletions were parameter name changes. | [[:en:WP:UCB|Use this bot]]. [[:en:WP:DBUG|Report bugs]]. | Suggested by Abductive | [[Category:Existential risk from artificial general intelligence] | #UCB_Category 15/43",[],AI_safety,AI safety,AI_safety,,
1226874013,1225222379,Alenoach,45435589,2024-06-02T09:52:52Z,81670,Reworked the introduction,"['visualeditor', 'editcheck-newreference']",AI_safety,AI safety,AI_safety,,
1226941882,1226874013,Damf1,3335777,2024-06-02T18:07:23Z,82320,/* Corporate self-regulation */ added sentence about some experts rejecting corporate AI self-regulation as unsafe,"['visualeditor', 'editcheck-newreference']",AI_safety,AI safety,AI_safety,,
1226958014,1226941882,Alenoach,45435589,2024-06-02T20:10:18Z,82354,Rephrased the sentence for neutrality and clarity.,['visualeditor'],AI_safety,AI safety,AI_safety,,
1228152649,1226958014,Citation bot,7903804,2024-06-09T18:48:32Z,82358,"Alter: title, template type. Added magazine. Removed parameters. Some additions/deletions were parameter name changes. | [[:en:WP:UCB|Use this bot]]. [[:en:WP:DBUG|Report bugs]]. | Suggested by Abductive | #UCB_toolbar",[],AI_safety,AI safety,AI_safety,,
1228482479,1228152649,Freinland,39565279,2024-06-11T13:40:42Z,83548,/* Government action */,['wikieditor'],AI_safety,AI safety,AI_safety,,
1228523111,1228482479,Alenoach,45435589,2024-06-11T18:11:05Z,83552,link,['visualeditor'],AI_safety,AI safety,AI_safety,,
1229579329,1228523111,David Gerard,36389,2024-06-17T15:47:37Z,82973,[[WP:COINDESK]] is marked Generally Unreliable at [[WP:RSP]] and should not be cited,[],AI_safety,AI safety,AI_safety,,
1230893604,1229579329,Reinias,47880511,2024-06-25T08:37:42Z,83295,Introduced a new reference,"['visualeditor', 'mw-reverted', 'editcheck-newreference']",AI_safety,AI safety,AI_safety,,
1230894530,1230893604,Count Count,31907759,2024-06-25T08:46:53Z,82973,Reverted 1 edit by [[Special:Contributions/Reinias|Reinias]] ([[User talk:Reinias|talk]]): Spam,"['mw-undo', 'twinkle']",AI_safety,AI safety,AI_safety,,
1230929866,1230894530,Belbury,32990417,2024-06-25T13:47:11Z,82289,"can't use a single interview source to write that something is ""frequently criticized""; remove as unuseful [[WP:INTERVIEW]] with non-notable person",['wikieditor'],AI_safety,AI safety,AI_safety,,
1230982083,1230929866,Smjg,38198,2024-06-25T19:55:23Z,82286,caP; [[MOS:LQ]],['wikieditor'],AI_safety,AI safety,AI_safety,,
1231005213,1230982083,Alenoach,45435589,2024-06-25T22:39:35Z,82287,grammar,['visualeditor'],AI_safety,AI safety,AI_safety,,
1233050013,1231005213,Alenoach,45435589,2024-07-07T00:45:33Z,82291,link,['visualeditor'],AI_safety,AI safety,AI_safety,,
1233323281,1233050013,Addonly,48109186,2024-07-08T13:37:01Z,83563,1. Minor typo in robustness reference. 2. Included reference to AI safety report.,"['visualeditor', 'editcheck-newreference']",AI_safety,AI safety,AI_safety,,
1233369547,1233323281,EarthquakeInterest,47959498,2024-07-08T18:39:08Z,83571,Corrected CS1 date format error and added journal,['visualeditor'],AI_safety,AI safety,AI_safety,,
1235406834,1233369547,WikiCleanerBot,18872885,2024-07-19T04:05:06Z,83571,v2.05b - [[User:WikiCleanerBot#T20|Bot T20 CW#61]] - Fix errors for [[WP:WCW|CW project]] (Reference before punctuation),['WPCleaner'],AI_safety,AI safety,AI_safety,,
1235762199,1235406834,Xuhang1204,48061259,2024-07-21T02:48:01Z,84134,/* Cyber defense */ Added information on the role of AI in enhancing cybersecurity tasks based on recent research.,"['visualeditor', 'editcheck-newreference', 'editcheck-newcontent']",AI_safety,AI safety,AI_safety,,
1238950883,1235762199,SamC314,48216337,2024-08-06T15:00:20Z,84135,large language models (LMs) -> large language models (LLMs),['wikieditor'],AI_safety,AI safety,AI_safety,,
1239789988,1238950883,Technicalsherazblogger,48265480,2024-08-11T15:24:23Z,84220,"Here’s a summary:  I've embedded a link within ""A Safety Text"" to ensure that when users click on it, they are directed to the exact information they seek. The content is carefully curated to be comprehensive, relevant, and satisfying, ensuring that users leave with a complete understanding and are pleased with the experience. Every aspect is designed to meet their expectations, providing them with valuable insights and answers to their queries.","['visualeditor', 'self-published-blog', 'mw-reverted']",AI_safety,AI safety,AI_safety,,
1239791378,1239789988,YesI'mOnFire,35341332,2024-08-11T15:35:15Z,84135,Restored revision 1238950883 by [[Special:Contributions/SamC314|SamC314]] ([[User talk:SamC314|talk]]): Spam,"['mw-undo', 'twinkle']",AI_safety,AI safety,AI_safety,,
1240906431,1239791378,Conan,123853,2024-08-18T04:51:09Z,84158,[[Category:AI safety]],['visualeditor-wikitext'],AI_safety,AI safety,AI_safety,,
1240908428,1240906431,Conan,123853,2024-08-18T05:14:39Z,84168,,['visualeditor-wikitext'],AI_safety,AI safety,AI_safety,,
1240908505,1240908428,Conan,123853,2024-08-18T05:15:32Z,84160,,['visualeditor-wikitext'],AI_safety,AI safety,AI_safety,,
1241623496,1240908505,49.3.44.150,0,2024-08-22T07:51:16Z,83854,,"['extraneous markup', 'mw-reverted', 'wikieditor']",AI_safety,AI safety,AI_safety,True,
1241626300,1241623496,Belbury,32990417,2024-08-22T08:20:12Z,84160,Reverted 1 edit by [[Special:Contributions/49.3.44.150|49.3.44.150]] ([[User talk:49.3.44.150|talk]]) to last revision by Conan,"['mw-undo', 'twinkle']",AI_safety,AI safety,AI_safety,,
1241626658,1241626300,Belbury,32990417,2024-08-22T08:25:22Z,84586,/* Existential safety */ convert simple and somewhat cryptic icon table into a bullet list which can be linked and clarified,['wikieditor'],AI_safety,AI safety,AI_safety,,
1241770356,1241626658,Alenoach,45435589,2024-08-23T01:34:48Z,84193,The image is more reader-friendly than a bullet list,['visualeditor'],AI_safety,AI safety,AI_safety,,
1246581452,1241770356,Citation bot,7903804,2024-09-19T20:46:14Z,84192,"Alter: journal, doi-broken-date, title. Add: authors 1-1. Removed parameters. Some additions/deletions were parameter name changes. | [[:en:WP:UCB|Use this bot]]. [[:en:WP:DBUG|Report bugs]]. | Suggested by Neko-chan | #UCB_webform 842/900",[],AI_safety,AI safety,AI_safety,,
1254876055,1246581452,Citation bot,7903804,2024-11-02T03:23:21Z,84197,Altered doi-broken-date. | [[:en:WP:UCB|Use this bot]]. [[:en:WP:DBUG|Report bugs]]. | #UCB_CommandLine,[],AI_safety,AI safety,AI_safety,,
1257846231,1254876055,Filedelinkerbot,20611691,2024-11-16T22:49:54Z,83425,Bot: Removing [[c:File:Power-Seeking Image.png]] ([[:File:Power-Seeking Image.png|en]]). Deleted by [[:C:User:The Squirrel Conspiracy|The Squirrel Conspiracy]] (per [[Commons:Commons:Deletion requests/File:Power-Seeking Image.png]]).,[],AI_safety,AI safety,AI_safety,,
1258074246,1257846231,GreenC bot,27823944,2024-11-18T00:50:29Z,83630,Reformat 1 archive link. [[User:GreenC/WaybackMedic_2.5|Wayback Medic 2.5]] per [[WP:URLREQ#time.com]],[],AI_safety,AI safety,AI_safety,,
1258908940,1258074246,Richard Nowell,948421,2024-11-22T08:36:25Z,83674,/* See also */ added link to 'artificial intelligence and elections'.,['wikieditor'],AI_safety,AI safety,AI_safety,,
1260702089,1258908940,Citation bot,7903804,2024-12-02T04:09:20Z,83666,"Alter: volume, issue. Added pages. Formatted [[WP:ENDASH|dashes]]. | [[:en:WP:UCB|Use this bot]]. [[:en:WP:DBUG|Report bugs]]. | #UCB_CommandLine",[],AI_safety,AI safety,AI_safety,,
1261908499,1260702089,78.3.176.225,0,2024-12-08T16:33:33Z,85162,/* Research */,"['mobile edit', 'mobile web edit']",AI_safety,AI safety,AI_safety,True,
1261909624,1261908499,78.3.176.225,0,2024-12-08T16:39:39Z,85911,/* Research focus */Added AI ethics,"['mobile edit', 'mobile web edit']",AI_safety,AI safety,AI_safety,True,
1261915219,1261909624,78.3.176.225,0,2024-12-08T17:09:34Z,85911,/* Philosophical perspectives */Lowercase title,"['mobile edit', 'mobile web edit']",AI_safety,AI safety,AI_safety,True,
1261920356,1261915219,Alenoach,45435589,2024-12-08T17:42:43Z,85934,"Copyedit (notably moved ""Philosophical perspectives"" into ""In governance"", it currently looks too short for a standalone section)","['visualeditor', 'editcheck-newcontent']",AI_safety,AI safety,AI_safety,,
1261920574,1261920356,Alenoach,45435589,2024-12-08T17:44:19Z,85935,moved subsection,"['visualeditor', 'editcheck-newcontent']",AI_safety,AI safety,AI_safety,,
1262960638,1261920574,Citation bot,7903804,2024-12-13T22:27:38Z,85974,"Altered template type. Add: doi, journal. Removed parameters. Some additions/deletions were parameter name changes. | [[:en:WP:UCB|Use this bot]]. [[:en:WP:DBUG|Report bugs]]. | Suggested by Abductive | [[Category:Existential risk from artificial general intelligence]] | #UCB_Category 19/48",[],AI_safety,AI safety,AI_safety,,
1263243997,1262960638,KatxWoods,48909674,2024-12-15T15:06:40Z,85975,"Originally said 5%, which was the median prediction, not the average, which was 16%. The average is the usual way of sharing predictions, not the median.",['wikieditor'],AI_safety,AI safety,AI_safety,,
1263251459,1263243997,Alenoach,45435589,2024-12-15T16:01:47Z,85999,"The sentence is about the median researcher, and I don't find ""16%"" in the sentence's source",['visualeditor'],AI_safety,AI safety,AI_safety,,
1263349096,1263251459,OAbot,28481209,2024-12-16T04:19:40Z,86016,[[Wikipedia:OABOT|Open access bot]]: doi updated in citation with #oabot.,[],AI_safety,AI safety,AI_safety,,
1264842604,1263349096,Kairos101,48947882,2024-12-23T20:47:19Z,86504,,"['mobile edit', 'mobile web edit', 'visualeditor', 'editcheck-newreference']",AI_safety,AI safety,AI_safety,,
1264844231,1264842604,Kairos101,48947882,2024-12-23T20:58:13Z,86678,"To flesh Out the sociotechnical and structural approaches as the section was revolving around rather ""technical solutions"".","['mobile edit', 'mobile web edit', 'visualeditor', 'editcheck-newcontent']",AI_safety,AI safety,AI_safety,,
1265055286,1264844231,Kairos101,48947882,2024-12-24T21:17:53Z,86678,,"['mobile edit', 'mobile web edit', 'visualeditor']",AI_safety,AI safety,AI_safety,,
1265289326,1265055286,Alenoach,45435589,2024-12-26T05:12:58Z,86684,Rephrased a sentence,['visualeditor'],AI_safety,AI safety,AI_safety,,
1266121001,1265289326,OAbot,28481209,2024-12-30T05:30:05Z,86701,[[Wikipedia:OABOT|Open access bot]]: doi updated in citation with #oabot.,[],AI_safety,AI safety,AI_safety,,
1267730494,1266121001,Maxeto0910,35498457,2025-01-06T11:15:55Z,86700,/* In governance */ no sentence,['visualeditor'],AI_safety,AI safety,AI_safety,,
1269064857,1267730494,Alenoach,45435589,2025-01-12T21:36:55Z,87613,Added a paragraph on backdoors and copyedited the previous paragraph,"['visualeditor', 'editcheck-newreference', 'editcheck-newcontent']",AI_safety,AI safety,AI_safety,,
1270668479,1269064857,86.13.185.111,0,2025-01-20T17:24:05Z,87861,,['wikieditor'],AI_safety,AI safety,AI_safety,True,
1272603339,1270668479,Headbomb,1461430,2025-01-29T13:28:53Z,87869,ce,['wikieditor'],AI_safety,AI safety,AI_safety,,
1272603897,1272603339,Citation bot,7903804,2025-01-29T13:32:58Z,87478,Add: authors 1-1. Removed URL that duplicated identifier. Removed access-date with no URL. Removed parameters. Some additions/deletions were parameter name changes. | [[:en:WP:UCB|Use this bot]]. [[:en:WP:DBUG|Report bugs]]. | Suggested by Headbomb | #UCB_toolbar,[],AI_safety,AI safety,AI_safety,,
1273215114,1272603897,BunnysBot,48643156,2025-02-01T08:59:57Z,87426,Fix [[Wikipedia:WikiProject Check Wikipedia/List of errors|CW Errors]] with [[WP:GenFixes|GenFixes]] ([[User:BunnysBot/T1|T1]]),['AWB'],AI_safety,AI safety,AI_safety,,
1274053040,1273215114,FactsFolio,47076002,2025-02-05T07:24:06Z,87979,Added information on LLM security vulnerabilities (prompt injection) with citation to reliable source.,"['visualeditor', 'editcheck-newreference', 'editcheck-newcontent']",AI_safety,AI safety,AI_safety,,
1274776588,1274053040,WikiCleanerBot,18872885,2025-02-09T05:10:01Z,87978,v2.05b - [[User:WikiCleanerBot#T20|Bot T20 CW#61]] - Fix errors for [[WP:WCW|CW project]] (Reference before punctuation),['WPCleaner'],AI_safety,AI safety,AI_safety,,
1278537202,1274776588,Alenoach,45435589,2025-03-03T01:48:07Z,88870,Added a sentence on the international AI safety report,"['visualeditor', 'editcheck-newreference', 'editcheck-newcontent']",AI_safety,AI safety,AI_safety,,
1285076799,1278537202,51.235.232.20,0,2025-04-11T15:10:21Z,87598,Small small near miss report making,"['mobile edit', 'mobile web edit', 'visualeditor', 'references removed', 'mw-reverted']",AI_safety,AI safety,AI_safety,True,
1285076905,1285076799,Bunnypranav,41451038,2025-04-11T15:11:02Z,88870,Rollback edit(s) by [[Special:Contributions/51.235.232.20|51.235.232.20]] ([[User_talk:51.235.232.20|talk]]): [[WP:CRV|Unexplained content removal]] [[w:en:WP:RW|(RW 16.1)]],"['mw-rollback', 'RedWarn']",AI_safety,AI safety,AI_safety,,
1287490030,1285076905,Sohom Datta,37755355,2025-04-26T16:10:06Z,88903,link carlini,['wikieditor'],AI_safety,AI safety,AI_safety,,
1287848650,1287490030,Alenoach,45435589,2025-04-28T20:49:12Z,88925,added links,['visualeditor'],AI_safety,AI safety,AI_safety,,
1290066121,1287848650,Davidmanheim,2102761,2025-05-12T16:15:24Z,89778,/* Research */ Noting Challenges to suggested methods from recent research papers,['wikieditor'],AI_safety,AI safety,AI_safety,,
1290865450,1290066121,Anthemic.3,49696251,2025-05-17T15:51:13Z,90162,,['visualeditor'],AI_safety,AI safety,AI_safety,,
1291105604,1290865450,OAbot,28481209,2025-05-19T03:43:59Z,90215,"[[Wikipedia:OABOT|Open access bot]]: hdl, arxiv updated in citation with #oabot.",[],AI_safety,AI safety,AI_safety,,
1296044646,1291105604,2001:700:1500:C033:8000:0:0:F7,0,2025-06-17T12:53:44Z,90238,"Machine ethics has mostly existed independently from the AI Safety field. They have different goals and vastly different approaches. If this is false, then please provide a source.",['wikieditor'],AI_safety,AI safety,AI_safety,True,
1296044773,1296044646,2001:700:1500:C033:8000:0:0:F7,0,2025-06-17T12:54:52Z,90238,"""Verify credibility"" rather than ""unreliable source"". There is no source for this statement.",['wikieditor'],AI_safety,AI safety,AI_safety,True,
1296061200,1296044773,AnomieBOT,7611264,2025-06-17T15:11:01Z,90253,Dating maintenance tags: {{Verify credibility}},[],AI_safety,AI safety,AI_safety,,
1297177445,1296061200,MountainMark700,49875339,2025-06-24T15:54:33Z,92681,"/* Research focus */ This edit introduces theoretical foundations for AI safety and in particular, the 6 laws of safe AI.","['visualeditor', 'mw-reverted', 'editcheck-newreference']",AI_safety,AI safety,AI_safety,,
1297182554,1297177445,HaeB,35184,2025-06-24T16:29:34Z,90253,"Reverted 1 edit by [[Special:Contributions/MountainMark700|MountainMark700]] ([[User talk:MountainMark700|talk]]): Please cite [[WP:INDEPENDENT]] sources to establish the relevance of this framework for an encyclopedic overview article about this subject (beyond the self-published book and opinion blog post already cited), also note [[WP:NPOV]]","['mw-undo', 'twinkle']",AI_safety,AI safety,AI_safety,,
1297869310,1297182554,Alenoach,45435589,2025-06-29T01:24:22Z,90617,"Removed the statement about machine ethics in the first paragraph, modified the definition of AI alignment and added sources","['visualeditor', 'editcheck-newreference']",AI_safety,AI safety,AI_safety,,
1297990178,1297869310,Citation bot,7903804,2025-06-29T20:59:45Z,90764,"Alter: template type, doi-broken-date. Add: publisher, date, title, isbn, authors 1-1. Changed bare reference to CS1/2. Removed parameters. Some additions/deletions were parameter name changes. | [[:en:WP:UCB|Use this bot]]. [[:en:WP:DBUG|Report bugs]]. | Suggested by Jay8g | #UCB_toolbar",[],AI_safety,AI safety,AI_safety,,
1300007464,1297990178,Citation bot,7903804,2025-07-11T19:05:49Z,90572,Altered doi-broken-date. Added article-number. Removed URL that duplicated identifier. Removed access-date with no URL. Removed parameters. Some additions/deletions were parameter name changes. | [[:en:WP:UCB|Use this bot]]. [[:en:WP:DBUG|Report bugs]]. | #UCB_CommandLine,[],AI_safety,AI safety,AI_safety,,
1300377095,1300007464,Yutsi,9944834,2025-07-14T00:13:03Z,90577,/* Transparency */ Spider-Man,['visualeditor'],AI_safety,AI safety,AI_safety,,
1301488019,1300377095,InternetArchiveBot,27015025,2025-07-20T03:34:08Z,90596,Rescuing 1 sources and tagging 0 as dead.) #IABot (v2.0.9.5,[],AI_safety,AI safety,AI_safety,,
1301533129,1301488019,JJMC89 bot III,35936988,2025-07-20T09:56:41Z,90588,Moving [[:Category:Existential risk from artificial general intelligence]] to [[:Category:Existential risk from artificial intelligence]] per [[Wikipedia:Categories for discussion/Log/2025 July 11#Category:Existential risk from artificial general intelligence]],[],AI_safety,AI safety,AI_safety,,
1303597078,1301533129,Beland,57939,2025-07-31T22:49:28Z,90586,[[MOS:ELLIPSES]] / convert special characters found by [[Wikipedia:Typo Team/moss]] (via [[WP:JWB]]),['JWB'],AI_safety,AI safety,AI_safety,,
1305056277,1303597078,Amigao,11099276,2025-08-09T20:10:22Z,91010,/* Government action */ additional context and citation,"['visualeditor', 'editcheck-newreference']",AI_safety,AI safety,AI_safety,,
1305056598,1305056277,Amigao,11099276,2025-08-09T20:12:45Z,91007,"clean up, [[WP:AWB/T|typo(s) fixed]]: widely- → widely , ’s → 's",['AWB'],AI_safety,AI safety,AI_safety,,
1305057202,1305056598,Citation bot,7903804,2025-08-09T20:17:15Z,91047,"Add: pages, issue, volume. | [[:en:WP:UCB|Use this bot]]. [[:en:WP:DBUG|Report bugs]]. | Suggested by Amigao | #UCB_toolbar",[],AI_safety,AI safety,AI_safety,,
1306391892,1305057202,2601:282:8903:7510:FC29:7F68:C1C2:A6BE,0,2025-08-17T13:46:03Z,91047,"1 source != “some observers”, quoted actual text in the link","['mobile edit', 'mobile web edit', 'visualeditor']",AI_safety,AI safety,AI_safety,True,
1306424049,1306391892,Alenoach,45435589,2025-08-17T17:37:54Z,91121,Clarified the stance of the China Media Project,['visualeditor'],AI_safety,AI safety,AI_safety,,
1307067237,1306424049,Vieilissant,50007995,2025-08-21T09:50:59Z,91178,/* Facilitating cooperation */,['wikieditor'],AI_safety,AI safety,AI_safety,,
1307710669,1307067237,JackOfAllFades,45981673,2025-08-25T07:37:59Z,91182,linked Norbert Wiener,['wikieditor'],AI_safety,AI safety,AI_safety,,
1308709740,1307710669,Alenoach,45435589,2025-08-31T02:19:18Z,91201,added a link,['visualeditor'],AI_safety,AI safety,AI_safety,,
1313125412,1308709740,91.221.58.205,0,2025-09-24T12:21:30Z,91192,/* Adversarial robustness */,['wikieditor'],AI_safety,AI safety,AI_safety,True,
1314154716,1313125412,Monkbot,20483999,2025-09-30T00:44:31Z,91177,[[User:Monkbot/task 21: Replace page(s) with article-number|Monkbot/task 21: Replace page(s) with article-number]];,['AWB'],AI_safety,AI safety,AI_safety,,
1314782992,1314154716,Countercheck,45093283,2025-10-03T05:27:26Z,91150,clean up; removed excess internal links,['AWB'],AI_safety,AI safety,AI_safety,,
1317200429,1314782992,98.97.37.112,0,2025-10-16T22:37:51Z,92388,updated with Fault Tolerance reference.,"['mw-reverted', 'wikieditor']",AI_safety,AI safety,AI_safety,True,
1317260558,1317200429,Citation bot,7903804,2025-10-17T06:17:44Z,92352,Altered date. Removed parameters. | [[:en:WP:UCB|Use this bot]]. [[:en:WP:DBUG|Report bugs]]. | Suggested by Headbomb | Linked from Wikipedia:WikiProject_Academic_Journals/Journals_cited_by_Wikipedia/Sandbox | #UCB_webform_linked 1/76,['mw-reverted'],AI_safety,AI safety,AI_safety,,
1317724551,1317260558,Alenoach,45435589,2025-10-19T17:40:29Z,91150,"Undid the two previous edits, sourced only with a preprint, and likely lacks notability here ([[WP:PREPRINT]], [[WP:UNDUE]])","['mw-undo', 'wikieditor']",AI_safety,AI safety,AI_safety,,
1319198813,1317724551,Davidmanheim,2102761,2025-10-28T11:19:47Z,91870,/* In governance */ Note other philosophical issues for AI safety,['wikieditor'],AI_safety,AI safety,AI_safety,,
1319199101,1319198813,Davidmanheim,2102761,2025-10-28T11:23:08Z,91799,/* In governance */ Note other philosophical issues for AI safety,['wikieditor'],AI_safety,AI safety,AI_safety,,
1319199533,1319199101,Davidmanheim,2102761,2025-10-28T11:28:40Z,92168,/* Philosophical perspectives */ Add dissenting view re: deontology,['wikieditor'],AI_safety,AI safety,AI_safety,,
1319340059,1319199533,Alenoach,45435589,2025-10-29T05:41:38Z,92210,copyedit,['visualeditor'],AI_safety,AI safety,AI_safety,,
1319341983,1319340059,Alenoach,45435589,2025-10-29T06:04:34Z,91805,"Removed a sentence (vague, and potentially overstated relevance to AI safety)",['visualeditor'],AI_safety,AI safety,AI_safety,,
1320568989,1319341983,Doctorstrange617,30908259,2025-11-05T14:31:01Z,91538,This was not encyclopedically written.,['visualeditor'],AI_safety,AI safety,AI_safety,,
1320976698,1320568989,Btyner,185327,2025-11-07T21:56:16Z,91584,/* See also */ Hallucination (artificial intelligence),['wikieditor'],AI_safety,AI safety,AI_safety,,
1322127974,1320976698,BunnysBot,48643156,2025-11-14T14:18:09Z,91582,Fix [[Wikipedia:WikiProject Check Wikipedia/List of errors|CW Errors]] with [[WP:GenFixes|GenFixes]] ([[User:BunnysBot/T1|T1]]),['AWB'],AI_safety,AI safety,AI_safety,,
1325647726,1322127974,Concalcarr,50051110,2025-12-04T09:23:38Z,92269,/* Philosophical perspectives */,['wikieditor'],AI_safety,AI safety,AI_safety,,
1325648122,1325647726,Concalcarr,50051110,2025-12-04T09:27:07Z,92268,/* Philosophical perspectives */,['wikieditor'],AI_safety,AI safety,AI_safety,,
1325799551,1325648122,~2025-38466-75,51148808,2025-12-05T06:36:14Z,92196,,['wikieditor'],AI_safety,AI safety,AI_safety,,True
1325955790,1325799551,Alenoach,45435589,2025-12-06T05:02:27Z,92018,fixed vandalized ref destination URL,['visualeditor'],AI_safety,AI safety,AI_safety,,
1325956273,1325955790,Alenoach,45435589,2025-12-06T05:07:41Z,91332,"Removed the paragraph on OAGI: self-published source, [[WP:NFT]] (see [[Wikipedia:Articles_for_deletion/OAGI_Ontogenetic_Architecture_of_General_Intelligence|the deletion discussion for the article on OAGI]])",['visualeditor'],AI_safety,AI safety,AI_safety,,
1326236484,1325956273,Citation bot,7903804,2025-12-07T22:21:24Z,91414,"Add: article-number, pages, issue, volume. | [[:en:WP:UCB|Use this bot]]. [[:en:WP:DBUG|Report bugs]]. | Suggested by Abductive | #UCB_toolbar",[],AI_safety,AI safety,AI_safety,,
1326843941,1326236484,Gnomingstuff,34573757,2025-12-11T05:31:59Z,91450,see talk,['wikieditor'],AI_safety,AI safety,AI_safety,,
1327021517,1326843941,Alenoach,45435589,2025-12-12T04:39:14Z,88373,"Removed content that looks AI-generated, has sourcing issues including a nonexistent source, and is partially off-topic ([[Talk:AI_safety#Possible_AI_generated_text|discussion]]), moved a remaining sentence",['visualeditor'],AI_safety,AI safety,AI_safety,,
1327024542,1327021517,Alenoach,45435589,2025-12-12T05:07:31Z,88944,Moved and reworked a paragraph,"['visualeditor', 'editcheck-newreference', 'editcheck-newcontent']",AI_safety,AI safety,AI_safety,,
1332259482,1327024542,Architecturestuff,51728559,2026-01-10T21:08:40Z,91323,added section and references on Fault Tolerance related to AI Safety,"['mw-reverted', 'wikieditor', 'possible formatting issues']",AI_safety,AI safety,AI_safety,,
1332260601,1332259482,Architecturestuff,51728559,2026-01-10T21:17:36Z,90908,updated typo,"['Section blanking', 'mw-reverted', 'wikieditor']",AI_safety,AI safety,AI_safety,,
1332268257,1332260601,Gurkubondinn,11104410,2026-01-10T22:21:06Z,88944,Reverted 2 edits by [[Special:Contributions/Architecturestuff|Architecturestuff]] ([[User talk:Architecturestuff|talk]]): Rv llm generated slop,"['mw-undo', 'mobile edit', 'mobile web edit', 'advanced mobile edit', 'twinkle']",AI_safety,AI safety,AI_safety,,
1333823742,1332268257,~2026-41722-7,51901794,2026-01-19T23:27:27Z,88938,/* Detecting trojans */,"['mobile edit', 'mobile web edit']",AI_safety,AI safety,AI_safety,,True
1334117107,1333823742,Citation bot,7903804,2026-01-21T17:11:23Z,88939,Altered title. Added newspaper. Removed parameters. Some additions/deletions were parameter name changes. | [[:en:WP:UCB|Use this bot]]. [[:en:WP:DBUG|Report bugs]]. | Suggested by Abductive | #UCB_toolbar,[],AI_safety,AI safety,AI_safety,,
1335510556,1334117107,~2026-64226-7,52072278,2026-01-29T17:04:40Z,89875,/* Cyber defense */,['wikieditor'],AI_safety,AI safety,AI_safety,,True
1335512961,1335510556,~2026-64226-7,52072278,2026-01-29T17:22:22Z,90037,/* Cyber defense */,['wikieditor'],AI_safety,AI safety,AI_safety,,True
1335513461,1335512961,~2026-64226-7,52072278,2026-01-29T17:25:40Z,90069,/* Cyber defense */,['wikieditor'],AI_safety,AI safety,AI_safety,,True
1337600707,1335513461,JCW-CleanerBot,31737083,2026-02-10T12:42:24Z,90065,mark free doi,['AWB'],AI_safety,AI safety,AI_safety,,
1337832522,1337600707,Amigao,11099276,2026-02-11T18:19:54Z,90963,/* Government action */ additional context and citations,"['visualeditor', 'editcheck-newreference', 'editcheck-newcontent']",AI_safety,AI safety,AI_safety,,
1338340299,1337832522,WeyerStudentOfAgrippa,36746535,2026-02-14T16:09:55Z,90998,/* External links */ navbox,['wikieditor'],AI_safety,AI safety,AI_safety,,
1338340466,1338340299,WeyerStudentOfAgrippa,36746535,2026-02-14T16:11:07Z,90990,"Changing [[Wikipedia:Short description|short description]] from ""Research area on making AI safe and beneficial"" to ""Artificial intelligence field of study""",['shortdesc helper'],AI_safety,AI safety,AI_safety,,
1339508230,1338340466,Cfls,38001712,2026-02-20T22:40:15Z,91011,internal link: Changed link from [[AI Seoul Summit]] to [[AI Seoul Summit 2024]] using [[User:BilledMammal/Move+|Move+]],[],AI_safety,AI safety,AI_safety,,
1339511262,1339508230,Cfls,38001712,2026-02-20T22:57:33Z,91038,internal link: Changed link from [[AI Safety Summit]] to [[AI Safety Summit 2023]] (×2) using [[User:BilledMammal/Move+|Move+]],[],AI_safety,AI safety,AI_safety,,
1340066510,1339511262,~2026-11943-48,52501604,2026-02-23T19:45:52Z,91041,,['wikieditor'],AI_safety,AI safety,AI_safety,,True
1340787365,1340066510,Doctorstrange617,30908259,2026-02-27T18:00:48Z,91894,Made a point about AI safety regulations. Sourced.,"['visualeditor', 'editcheck-newreference']",AI_safety,AI safety,AI_safety,,
1340787676,1340787365,Doctorstrange617,30908259,2026-02-27T18:03:03Z,91908,Fixed the source.,['visualeditor'],AI_safety,AI safety,AI_safety,,
1340788057,1340787676,Doctorstrange617,30908259,2026-02-27T18:06:28Z,92854,Updated the sub-section with a more recent executive order.,"['visualeditor', 'editcheck-newreference', 'editcheck-newcontent']",AI_safety,AI safety,AI_safety,,
1340788463,1340788057,Doctorstrange617,30908259,2026-02-27T18:09:18Z,93962,Expanded the new paragraph with nuance.,"['visualeditor', 'editcheck-newreference']",AI_safety,AI safety,AI_safety,,
1340819462,1340788463,Alenoach,45435589,2026-02-27T22:12:44Z,93931,ref formatting,['visualeditor'],AI_safety,AI safety,AI_safety,,
1341233047,1340819462,Alenoach,45435589,2026-03-02T03:14:46Z,93916,copyedit,['visualeditor'],AI_safety,AI safety,AI_safety,,
1341824587,1341233047,JCW-CleanerBot,31737083,2026-03-05T07:06:41Z,93933,/* Cyber defense */ mark free doi,['AWB'],AI_safety,AI safety,AI_safety,,
1341906815,1341824587,Doctorstrange617,30908259,2026-03-05T21:23:05Z,94658,There should be a nonprofit sub-section with examples.,"['visualeditor', 'editcheck-newreference', 'editcheck-newcontent']",AI_safety,AI safety,AI_safety,,
1341907043,1341906815,Doctorstrange617,30908259,2026-03-05T21:24:36Z,95426,More context for the new sub-section.,"['visualeditor', 'editcheck-newreference']",AI_safety,AI safety,AI_safety,,
1341907309,1341907043,Doctorstrange617,30908259,2026-03-05T21:26:04Z,95430,Linked a page.,['visualeditor'],AI_safety,AI safety,AI_safety,,
1341907886,1341907309,Doctorstrange617,30908259,2026-03-05T21:29:46Z,96095,Tried to show both sides.,"['visualeditor', 'editcheck-newreference']",AI_safety,AI safety,AI_safety,,
1341939402,1341907886,Alenoach,45435589,2026-03-06T01:08:39Z,96089,formatting,['visualeditor'],AI_safety,AI safety,AI_safety,,
1344159797,1341939402,Cinaroot,44831325,2026-03-18T18:25:08Z,96106,AI War,['visualeditor'],AI_safety,AI safety,AI_safety,,
1344218914,1344159797,Alenoach,45435589,2026-03-19T02:11:21Z,96106,lowercase,['visualeditor'],AI_safety,AI safety,AI_safety,,
1344831721,1344218914,Populationecology,34991365,2026-03-22T20:27:41Z,99246,/* Government action */,['wikieditor'],AI_safety,AI safety,AI_safety,,
1344855832,1344831721,Alenoach,45435589,2026-03-22T23:35:13Z,97997,trimmed repetitive/primary-sourced content on US nuclear weapons policy,['visualeditor'],AI_safety,AI safety,AI_safety,,
1344985550,1344855832,Rei,18829,2026-03-23T17:45:06Z,98026,/* Transparency */  Wikify,['wikieditor'],AI_safety,AI safety,AI_safety,,
1347314865,1344985550,Alenoach,45435589,2026-04-06T00:08:59Z,98790,Added a paragraph on a call for AI red lines,"['visualeditor', 'editcheck-newreference', 'editcheck-newcontent']",AI_safety,AI safety,AI_safety,,
1348250740,1347314865,~2026-22355-57,53252017,2026-04-11T15:55:41Z,101787,Added sub-section on fault tolerance and redundancy.,['wikieditor'],AI_safety,AI safety,AI_safety,,True
1348271640,1348250740,Paul2520,19295592,2026-04-11T18:40:05Z,101788,clears [[:Category:CS1 errors: dates|CS1 date error(s)]],['JWB'],AI_safety,AI safety,AI_safety,,
1348402317,1348271640,Alenoach,45435589,2026-04-12T13:21:21Z,100588,Removed a promotional paragraph on Byzantine fault tolerance based on a [[WP:PREPRINT|preprint]],['visualeditor'],AI_safety,AI safety,AI_safety,,
1348403012,1348402317,Alenoach,45435589,2026-04-12T13:25:18Z,100615,+link,['visualeditor'],AI_safety,AI safety,AI_safety,,
1350161589,1348403012,Molochmeditates,28777112,2026-04-20T13:59:14Z,100625,/* References */ Adding year of publication,['visualeditor'],AI_safety,AI safety,AI_safety,,
1350161809,1350161589,Molochmeditates,28777112,2026-04-20T14:00:41Z,100671,/* References */ Adding URL,['visualeditor'],AI_safety,AI safety,AI_safety,,
1350743932,1350161809,SuperPianoMan9167,49927768,2026-04-23T19:09:14Z,100666,Duh!,"['mobile edit', 'mobile web edit']",AI_safety,AI safety,AI_safety,,
1351339602,1350743932,Lova Falk,3665380,2026-04-27T10:16:34Z,100700,/* Nonprofit organizations */ new section,['wikieditor'],AI_safety,AI safety,AI_safety,,
1351339694,1351339602,Lova Falk,3665380,2026-04-27T10:17:15Z,101762,/* International regulation */ added text + sources,['wikieditor'],AI_safety,AI safety,AI_safety,,
1351486988,1351339694,Lova Falk,3665380,2026-04-28T07:32:51Z,101612,article was moved,['wikieditor'],AI_safety,AI safety,AI_safety,,
1353411156,1351486988,~2026-28138-13,53702917,2026-05-10T03:15:15Z,101713,,['wikieditor'],AI_safety,AI safety,AI_safety,,True
1353772504,1353411156,FactsFolio,47076002,2026-05-12T07:44:25Z,104473,Improved the structure and sourcing: Added sleeper agent research citation and supporting references for adversarial and prompt injection sections.,"['wikieditor', 'possible prose issues']",AI_safety,AI safety,AI_safety,,
1354171825,1353772504,GreenC bot,27823944,2026-05-14T19:29:32Z,104457,Move 1 url. [[User:GreenC/WaybackMedic_2.5|Wayback Medic 2.5]] per [[WP:URLREQ#money.cnn.com]],[],AI_safety,AI safety,AI_safety,,
1354373309,1354171825,Alenoach,45435589,2026-05-16T00:49:21Z,101853,"Removed the content added by FactsFolio (AI-generated, and the content that is really about safety is already covered in the subsection ""Adversarial robustness"")",['visualeditor'],AI_safety,AI safety,AI_safety,,
1357267534,1354373309,Privatechef,14285842,2026-06-01T18:23:13Z,101857,hyperlinked 'overpopulation',['visualeditor'],AI_safety,AI safety,AI_safety,,
1358689477,1357267534,Elenareadwood,54248193,2026-06-10T08:53:31Z,102717,,"['mw-reverted', 'wikieditor']",AI_safety,AI safety,AI_safety,,
1358690552,1358689477,Elenareadwood,54248193,2026-06-10T09:07:56Z,103599,,"['mw-reverted', 'wikieditor']",AI_safety,AI safety,AI_safety,,
1358732425,1358690552,Lova Falk,3665380,2026-06-10T16:08:16Z,103337,/* */ removing duplicate text,"['mw-reverted', 'wikieditor']",AI_safety,AI safety,AI_safety,,
1358732761,1358732425,Lova Falk,3665380,2026-06-10T16:10:40Z,103386,/* */ correct wikilink,"['mw-reverted', 'wikieditor']",AI_safety,AI safety,AI_safety,,
1358732945,1358732761,Lova Falk,3665380,2026-06-10T16:12:00Z,103373,/* */ minor CE,"['mw-reverted', 'wikieditor']",AI_safety,AI safety,AI_safety,,
1358957648,1358732945,Asukite,13889901,2026-06-12T02:39:24Z,102513,"[[WP:LLMPRV|Presumptive removal of LLM-generated content]], see [[WP:AINB#Elenareadwood|AI cleanup investigation]]. Feel free to reinstate by following [[WP:LLMPRVOBJ|the procedures for disputing presumptive removal of LLM-generated content]].","['mw-undo', 'mw-reverted', 'wikieditor']",AI_safety,AI safety,AI_safety,,
1358957780,1358957648,Asukite,13889901,2026-06-12T02:40:32Z,101857,Restored revision 1357267534 by [[Special:Contributions/Privatechef|Privatechef]] ([[User talk:Privatechef|talk]]): Second attempt - reverting intermediate edits to LLM content per previous edit,"['mw-undo', 'twinkle']",AI_safety,AI safety,AI_safety,,
1360608336,1358957780,CitationCleanerBot,15270283,2026-06-22T15:20:54Z,101859,"clean up of [[:Category:CS1 maint: work parameter with ISBN]], see [[Wikipedia:Bots/Requests for approval/CitationCleanerBot 7]]",['AWB'],AI_safety,AI safety,AI_safety,,
1362225725,1360608336,Feliren,54592869,2026-07-02T16:50:56Z,101920,added governance,"['visualeditor', 'mw-reverted']",AI_safety,AI safety,AI_safety,,
1362225744,1362225725,Feliren,54592869,2026-07-02T16:51:02Z,101859,,"['mw-manual-revert', 'wikieditor']",AI_safety,AI safety,AI_safety,,
